gameid,league,patch,blue_p1,blue_p2,blue_p3,blue_p4,blue_p5,result,red_p1,red_p2,red_p3,red_p4,red_p5
LOLTMNT03_179647,LFL2,15.01,90,59,82,49,43,0,163,52,20,125,111
LOLTMNT06_96134,LFL2,15.01,163,60,52,14,122,1,27,131,125,111,103
LOLTMNT06_95160,LFL2,15.01,27,141,4,13,0,0,163,122,70,150,46
LOLTMNT03_178705,LFL2,15.01,171,141,36,103,57,0,175,163,1,118,60
11715-11715_game_1,LPL,15.01,10,13,20,60,170,1,163,107,111,104,43
11715-11715_game_2,LPL,15.01,128,122,58,90,5,0,57,95,175,118,171
LOLTMNT06_96169,LFL2,15.01,141,10,111,112,118,1,175,163,78,125,122
11715-11715_game_3,LPL,15.01,82,191,181,188,0,0,56,131,59,114,146
LOLTMNT06_95187,LFL2,15.01,163,90,111,122,178,1,10,131,49,60,94
LOLTMNT06_96178,LFL2,15.01,13,27,42,169,122,1,175,60,111,187,4
LOLTMNT06_96180,LFL2,15.01,27,60,122,66,140,1,163,169,1,5,4
LOLTMNT03_180614,LCKC,15.01,27,60,90,58,82,0,57,131,150,22,20
LOLTMNT03_180626,LCKC,15.01,171,175,36,122,125,1,163,169,2,118,43
LOLTMNT03_180652,LCKC,15.01,27,90,82,52,155,0,171,60,163,170,122
LOLTMNT03_180657,LCKC,15.01,128,14,175,95,4,0,13,169,62,23,103
11716-11716_game_1,LPL,15.01,64,104,60,113,172,1,128,169,13,36,82
LOLTMNT03_180680,LCKC,15.01,13,36,57,169,118,0,163,14,170,56,122
11716-11716_game_2,LPL,15.01,175,2,118,43,62,1,27,122,150,125,80
LOLTMNT03_181730,LCKC,15.01,60,2,175,142,90,0,181,131,128,114,62
11716-11716_game_3,LPL,15.01,10,20,181,173,56,0,171,178,163,65,44
LOLTMNT03_181763,LCKC,15.01,27,10,80,20,112,0,64,178,150,44,152
11716-11716_game_4,LPL,15.01,5,146,131,86,160,0,114,14,170,59,18
LOLTMNT03_182166,LCKC,15.01,27,191,163,103,44,0,10,14,170,112,122
LOLTMNT03_182173,LCKC,15.01,64,169,13,82,23,1,22,104,5,111,175
11717-11717_game_1,LPL,15.01,10,20,170,56,111,0,104,60,64,13,169
11717-11717_game_2,LPL,15.01,163,5,103,2,80,1,57,95,175,146,118
LOLTMNT03_183141,LCKC,15.01,141,14,5,27,124,1,60,13,107,118,9
11717-11717_game_3,LPL,15.01,43,122,59,131,150,0,178,125,1,9,154
LOLTMNT03_183156,LCKC,15.01,36,56,131,2,82,0,128,169,58,114,40
11717-11717_game_4,LPL,15.01,27,82,105,161,140,0,181,66,4,155,0
LOLTMNT03_182386,LVP SL,15.01,175,36,111,128,4,1,163,131,60,122,49
LOLTMNT03_182440,LVP SL,15.01,141,36,44,181,114,1,169,163,1,5,118
LOLTMNT03_183380,LVP SL,15.01,141,27,111,5,103,0,163,112,147,80,152
LOLTMNT03_182503,LVP SL,15.01,27,52,188,43,103,0,163,141,122,147,57
LOLTMNT03_182532,LVP SL,15.01,171,107,36,118,5,1,163,175,14,82,60
LOLTMNT03_183532,LCK,15.01,141,60,181,95,122,1,171,27,131,82,57
LOLTMNT03_183538,LCK,15.01,13,175,62,40,114,1,128,170,150,118,176
11718-11718_game_1,LPL,15.01,10,20,60,175,2,0,13,169,163,122,5
LOLTMNT03_183544,LCK,15.01,163,103,125,19,180,0,178,124,64,44,5
11718-11718_game_2,LPL,15.01,64,40,104,146,170,1,128,171,95,103,80
11718-11718_game_3,LPL,15.01,27,118,56,113,1,1,178,82,44,36,150
LOLTMNT03_183585,LCK,15.01,64,5,124,2,175,1,181,131,188,57,4
11718-11718_game_4,LPL,15.01,111,74,176,161,15,0,59,107,147,18,43
LOLTMNT03_182705,LCK,15.01,60,171,178,176,118,1,107,13,111,62,122
LOLTMNT03_182729,LCK,15.01,10,56,20,52,142,1,27,105,36,139,18
LOLTMNT06_95254,NLC,15.01,27,40,54,25,122,1,163,169,171,60,4
LOLTMNT03_183723,LVP SL,15.01,171,60,36,175,82,0,163,90,169,150,20
LOLTMNT03_183750,LVP SL,15.01,27,128,122,14,107,0,163,175,111,118,40
LOLTMNT06_96247,NLC,15.01,171,175,36,20,60,0,163,169,177,57,65
LOLTMNT03_183778,LVP SL,15.01,64,124,131,128,181,1,10,90,133,107,2
LOLTMNT06_96258,NLC,15.01,175,60,176,103,129,0,40,36,114,170,4
LOLTMNT03_182901,LVP SL,15.01,163,60,111,124,175,0,27,107,23,146,118
LOLTMNT06_96262,NLC,15.01,13,131,181,95,103,0,10,169,24,43,20
LOLTMNT03_183815,LVP SL,15.01,90,122,95,147,170,1,163,52,20,128,36
LOLTMNT06_96264,NLC,15.01,64,128,169,103,13,1,36,60,173,122,129
LOLTMNT03_184010,LCKC,15.01,169,5,150,27,103,1,128,178,163,181,122
LOLTMNT03_184011,LCKC,15.01,163,169,128,1,122,1,57,131,36,27,20
LOLTMNT03_184009,LCKC,15.01,14,64,131,82,56,1,128,181,169,163,20
LOLTMNT03_183923,LCKC,15.01,171,170,125,95,82,0,60,107,111,62,118
LOLTMNT03_183925,LCKC,15.01,10,90,14,170,124,0,58,60,146,178,115
LOLTMNT03_184034,LCKC,15.01,13,60,36,80,122,0,111,178,5,27,118
LOLTMNT03_184086,LCK,15.01,128,27,90,62,82,0,10,181,191,125,20
LOLTMNT03_183991,LCK,15.01,60,175,150,187,122,1,178,22,57,171,114
11719-11719_game_1,LPL,15.01,163,60,13,80,122,0,57,27,2,175,118
LOLTMNT03_184105,LCK,15.01,131,56,14,59,86,1,5,118,176,2,54
11719-11719_game_2,LPL,15.01,181,131,161,59,20,0,95,146,178,5,15
LOLTMNT03_185025,LCK,15.01,105,36,82,5,57,1,10,191,181,122,44
11719-11719_game_3,LPL,15.01,128,1,170,176,82,0,40,107,78,62,4
LOLTMNT03_185042,LCK,15.01,60,163,124,171,178,1,128,175,27,118,177
LOLTMNT03_185067,LCK,15.01,169,1,59,139,20,1,114,14,56,58,15
LOLTMNT03_184314,LVP SL,15.01,163,175,60,87,103,0,64,141,171,43,82
LOLTMNT06_95284,NLC,15.01,175,122,36,111,112,0,171,170,176,20,38
LOLTMNT03_184350,LVP SL,15.01,27,131,146,118,60,0,10,171,114,56,103
LOLTMNT06_95291,NLC,15.01,60,36,54,82,49,0,128,163,170,122,111
LOLTMNT03_184375,LVP SL,15.01,27,178,111,4,128,0,171,60,163,122,56
LOLTMNT06_95294,NLC,15.01,141,32,171,103,43,1,90,59,49,175,82
LOLTMNT06_95295,NLC,15.01,27,6,111,43,82,0,163,175,60,49,20
LOLTMNT03_184416,LVP SL,15.01,163,107,111,5,4,1,95,169,122,14,43
LOLTMNT03_185307,LVP SL,15.01,27,141,5,1,103,0,139,122,181,19,176
LOLTMNT06_95297,NLC,15.01,27,14,125,54,103,0,163,60,169,147,20
LOLTMNT03_184504,LCKC,15.01,27,191,125,24,103,1,107,13,118,36,57
LOLTMNT03_185405,LCKC,15.01,128,169,181,36,82,1,5,131,14,27,122
LOLTMNT03_184518,LCKC,15.01,163,111,178,103,90,0,171,175,56,62,152
LOLTMNT03_184519,LCKC,15.01,10,171,170,20,90,1,56,131,58,14,122
LOLTMNT03_185467,LCK,15.01,10,105,82,125,49,1,27,191,22,5,15
LOLTMNT03_184583,LCK,15.01,169,13,118,155,112,0,57,178,40,59,86
11720-11720_game_1,LPL,15.01,128,171,163,122,170,0,27,191,60,95,4
11720-11720_game_2,LPL,15.01,13,5,178,114,176,0,57,169,36,82,172
LOLTMNT03_184622,LCK,15.01,64,131,128,34,142,1,5,124,13,163,107
LOLTMNT03_185513,LCP,15.01,163,131,181,103,56,0,57,191,95,118,125
11720-11720_game_3,LPL,15.01,10,80,20,41,150,0,175,58,118,43,145
LOLTMNT03_184660,LCK,15.01,27,191,82,56,36,0,90,14,10,122,41
LOLTMNT03_185549,LCP,15.01,60,178,171,62,4,1,36,114,111,80,5
LOLTMNT03_184704,LCP,15.01,107,58,122,139,49,0,22,175,20,44,150
LOLTMNT03_185634,LCP,15.01,27,128,175,58,82,0,60,22,87,40,74
LOLTMNT03_184820,LCP,15.01,95,131,5,118,181,1,56,59,20,191,125
LOLTMNT03_184865,LCP,15.01,163,57,178,4,13,1,36,170,112,103,146
LOLTMNT03_186192,LCK,15.01,163,57,83,114,134,1,27,131,5,82,95
LOLTMNT03_187100,LCK,15.01,169,10,43,150,103,0,113,128,36,34,189
LOLTMNT03_186260,LCK,15.01,169,150,5,36,114,0,57,178,40,176,118
11721-11721_game_1,LPL,15.01,60,111,107,27,82,1,163,171,57,118,126
LOLTMNT03_187132,LCK,15.01,27,82,175,112,171,0,128,13,22,34,80
11721-11721_game_2,LPL,15.01,13,175,125,36,20,0,169,95,43,172,4
LOLTMNT01_190147,LCP,15.01,27,105,57,95,4,1,10,191,82,181,5
LOLTMNT06_96308,LFL2,15.01,27,90,163,105,122,1,175,13,10,56,82
LOLTMNT01_190170,LCP,15.01,169,60,13,62,118,0,111,175,36,88,114
11721-11721_game_3,LPL,15.01,181,188,131,0,115,0,10,191,122,142,23
LOLTMNT06_96309,LFL2,15.01,27,141,103,125,8,0,122,76,66,56,142
LOLTMNT06_96312,LFL2,15.01,27,178,49,60,103,0,163,90,111,170,20
LOLTMNT01_190206,LCP,15.01,128,27,131,36,20,1,163,40,170,122,1
LOLTMNT06_96315,LFL2,15.01,141,163,122,49,125,1,40,103,132,29,43
LOLTMNT01_189225,LCP,15.01,57,169,2,22,104,0,95,171,178,161,103
LOLTMNT06_96344,LEC,15.01,171,131,60,187,122,0,163,90,111,42,4
LOLTMNT06_96348,LEC,15.01,27,52,56,150,4,1,125,131,14,122,95
LOLTMNT06_95363,LEC,15.01,171,56,90,122,36,1,57,178,40,59,20
LOLTMNT06_96368,LEC,15.01,141,163,122,14,60,1,95,52,171,4,56
LOLTMNT06_95385,LEC,15.01,171,36,131,4,57,1,95,175,2,122,44
LOLTMNT03_187435,LCK,15.01,169,128,40,82,62,0,57,178,14,118,176
LOLTMNT03_187440,LCK,15.01,181,188,5,4,170,0,60,10,2,122,80
LOLTMNT03_187470,LCK,15.01,60,191,27,4,36,0,105,163,181,82,13
11722-11722_game_1,LPL,15.01,171,178,60,95,82,1,163,175,2,90,20
LOLTMNT03_187471,LCK,15.01,57,175,40,59,148,0,178,5,146,122,95
11722-11722_game_2,LPL,15.01,57,191,58,5,103,1,10,169,122,150,65
LOLTMNT01_190269,LCP,15.01,141,163,171,5,4,0,10,13,170,56,115
11722-11722_game_3,LPL,15.01,107,13,59,86,56,0,125,170,129,118,62
LOLTMNT06_96403,LFL2,15.01,163,141,60,111,118,0,36,82,110,83,2
LOLTMNT01_189281,LCP,15.01,107,57,49,114,142,1,60,40,74,27,34
11722-11722_game_4,LPL,15.01,27,113,14,44,114,0,36,80,161,4,19
LOLTMNT06_95400,LFL2,15.01,10,128,122,54,2,1,111,107,112,95,114
LOLTMNT06_95402,LFL2,15.01,163,80,60,1,122,1,64,175,171,125,4
LOLTMNT01_189290,LCP,15.01,131,95,5,114,14,0,191,181,56,82,36
LOLTMNT06_95404,LFL2,15.01,13,90,9,4,146,1,57,131,163,122,40
LOLTMNT01_189291,LCP,15.01,10,175,20,125,146,0,178,27,118,44,40
LOLTMNT06_96430,LEC,15.01,171,90,36,56,82,1,163,40,178,57,122
LOLTMNT06_95435,LEC,15.01,27,131,14,125,82,0,128,169,181,62,122
LOLTMNT06_95446,LEC,15.01,64,124,60,178,1,0,27,90,163,128,122
LOLTMNT06_96459,LEC,15.01,169,64,124,5,146,0,60,163,131,133,111
LOLTMNT06_96473,LEC,15.01,141,36,122,128,181,1,52,14,27,82,5
LOLTMNT03_186856,LCKC,15.01,171,5,131,27,122,1,60,163,40,178,118
LOLTMNT03_186861,LCKC,15.01,10,57,82,191,181,0,128,113,111,58,4
11723-11723_game_1,LPL,15.01,60,82,105,188,57,1,128,163,122,178,13
LOLTMNT03_186902,LCKC,15.01,128,175,181,62,152,0,60,169,2,10,20
11723-11723_game_2,LPL,15.01,181,83,125,118,176,0,5,191,90,59,103
LOLTMNT03_186913,LCKC,15.01,64,124,125,80,78,0,163,150,178,44,34
11723-11723_game_3,LPL,15.01,169,56,62,157,34,0,36,175,171,112,40
LOLTMNT03_186938,LCKC,15.01,82,58,13,107,5,1,36,14,170,90,4
LOLTMNT03_186971,LCKC,15.01,60,175,163,1,103,1,5,169,13,95,122
LOLTMNT03_187887,LCKC,15.01,10,191,181,125,20,1,171,36,56,139,118
LOLTMNT03_188043,LCKC,15.01,57,74,40,9,86,1,111,178,128,59,115
LOLTMNT06_95500,LEC,15.01,27,90,60,122,49,1,64,131,110,24,82
LOLTMNT06_96516,LEC,15.01,171,52,27,82,125,0,90,163,122,49,57
LOLTMNT06_96529,LEC,15.01,27,191,60,122,181,1,169,36,118,5,1
LOLTMNT06_95531,LEC,15.01,171,32,178,122,114,1,27,105,181,60,82
LOLTMNT06_96548,LEC,15.01,27,131,60,181,114,1,163,169,5,150,124
LOLTMNT03_189101,LCKC,15.01,171,178,5,95,122,1,60,170,14,36,20
LOLTMNT03_188256,LCKC,15.01,22,74,40,56,124,0,169,13,58,114,15
11724-11724_game_1,LPL,15.01,60,175,163,150,118,1,10,114,20,169,1
11724-11724_game_2,LPL,15.01,82,178,36,13,112,1,57,95,80,34,172
LOLTMNT03_189120,LCKC,15.01,60,107,111,95,122,0,10,131,5,14,82
11724-11724_game_3,LPL,15.01,128,122,170,129,176,0,131,2,5,59,86
LOLTMNT03_189138,LCKC,15.01,57,113,150,36,65,1,170,13,51,22,34
11724-11724_game_4,LPL,15.01,64,125,104,78,72,0,191,103,188,139,180
LOLTMNT01_189329,HLL,15.01,171,90,95,60,133,1,175,36,20,76,5
LOLTMNT01_190305,HLL,15.01,175,60,95,82,146,1,5,90,27,173,161
LOLTMNT01_189338,HLL,15.01,27,107,111,4,125,0,171,169,122,62,60
LOLTMNT01_190317,HLL,15.01,163,0,52,122,13,0,128,170,103,27,150
LOLTMNT03_188414,LVP SL,15.01,27,139,122,83,181,0,163,141,5,118,1
LOLTMNT06_95554,PRM,15.01,169,60,171,176,118,1,175,13,40,122,9
LOLTMNT03_189278,LVP SL,15.01,90,27,122,0,181,0,169,36,128,4,14
LOLTMNT06_96575,PRM,15.01,27,178,111,5,124,1,163,131,56,2,86
LOLTMNT03_188451,LVP SL,15.01,171,163,175,57,114,1,122,27,181,6,88
LOLTMNT06_95563,PRM,15.01,27,141,14,4,128,1,171,64,19,122,43
LOLTMNT03_189330,LVP SL,15.01,27,175,13,118,128,1,36,90,57,122,40
LOLTMNT03_189341,LVP SL,15.01,169,60,171,4,62,1,131,57,122,49,176
LOLTMNT06_96577,PRM,15.01,170,118,95,147,57,0,178,49,124,10,88
LOLTMNT03_188641,LCK,15.01,141,5,82,188,1,1,128,163,169,124,181
LOLTMNT03_188645,LCK,15.01,60,175,14,187,4,1,57,131,36,171,113
11725-11725_game_1,LPL,15.01,128,131,181,122,36,1,27,178,40,82,13
LOLTMNT03_188655,LCK,15.01,10,170,20,139,190,1,178,64,104,125,40
11725-11725_game_2,LPL,15.01,60,2,175,62,118,0,163,5,80,150,103
LOLTMNT03_188679,LCK,15.01,169,150,5,62,122,1,57,13,113,95,82
11725-11725_game_3,LPL,15.01,107,171,112,22,15,0,56,10,111,113,133
LOLTMNT03_189517,LCK,15.01,60,36,20,105,181,1,128,27,10,90,133
LOLTMNT03_188722,LCK,15.01,64,178,104,44,111,0,56,131,163,146,103
LOLTMNT01_190386,HLL,15.01,112,170,13,59,82,0,38,175,40,62,4
LOLTMNT01_190394,HLL,15.01,171,27,169,118,25,1,163,90,60,177,86
LOLTMNT01_190396,HLL,15.01,163,122,170,188,90,1,169,36,103,147,46
LOLTMNT06_95624,LFL,15.01,27,131,5,111,118,1,128,169,64,150,122
LOLTMNT03_188815,LVP SL,15.01,171,27,170,103,60,1,131,181,118,59,13
LOLTMNT06_95625,PRM,15.01,64,124,60,178,14,0,27,150,122,136,16
LOLTMNT01_189428,HLL,15.01,141,146,59,28,154,0,27,90,122,170,172
LOLTMNT06_96666,NLC,15.01,128,90,181,59,86,0,36,112,24,170,65
LOLTMNT06_96669,LIT,15.01,60,22,175,146,124,0,90,95,170,122,49
LOLTMNT06_96685,LFL,15.01,171,60,90,59,118,1,36,57,82,178,14
LOLTMNT03_188828,LVP SL,15.01,141,14,43,64,124,1,60,59,146,131,86
LOLTMNT06_95658,PRM,15.01,36,128,5,52,82,1,112,58,118,175,2
LOLTMNT06_96689,LIT,15.01,90,27,122,40,170,0,64,171,60,169,4
LOLTMNT06_95660,NLC,15.01,163,175,171,4,5,0,36,170,147,122,56
LOLTMNT03_188838,LVP SL,15.01,171,27,60,118,80,1,131,57,181,122,165
LOLTMNT06_96697,LIT,15.01,36,125,178,14,82,0,170,62,40,60,122
LOLTMNT06_95665,LFL,15.01,169,22,128,103,111,1,64,57,104,178,147
LOLTMNT06_95676,PRM,15.01,107,146,40,148,132,1,90,13,176,103,0
LOLTMNT06_96709,NLC,15.01,27,54,40,118,56,1,163,90,5,122,145
LOLTMNT03_188850,LVP SL,15.01,169,147,128,176,118,1,111,175,36,82,13
LOLTMNT06_96715,LFL,15.01,90,128,27,36,4,1,60,163,178,122,49
LOLTMNT06_95678,NLC,15.01,128,169,36,171,118,1,40,170,163,122,60
LOLTMNT03_188860,PRM,15.01,27,60,2,82,178,1,111,122,163,43,170
LOLTMNT03_188862,LVP SL,15.01,171,175,163,60,122,1,36,181,128,6,4
LOLTMNT06_96717,NLC,15.01,163,169,128,181,122,0,36,175,139,14,20
LOLTMNT03_188863,PRM,15.01,141,112,36,24,34,1,52,57,46,20,10
LOLTMNT03_188864,PRM,15.01,90,95,4,78,107,0,58,175,14,15,5
LOLTMNT03_188931,LCKC,15.01,128,178,171,176,118,1,57,113,2,27,103
LOLTMNT03_189734,LCKC,15.01,163,60,178,124,150,0,171,169,5,62,82
LOLTMNT03_189728,LCKC,15.01,128,169,150,59,103,0,5,131,181,36,122
LOLTMNT03_188945,LCKC,15.01,60,170,150,22,82,0,14,5,107,36,122
LOLTMNT03_188947,LCKC,15.01,10,57,20,14,175,1,60,178,111,27,82
LOLTMNT03_189744,LCKC,15.01,128,80,36,118,14,0,10,170,112,20,49
LOLTMNT03_189753,LCKC,15.01,125,191,58,118,49,0,56,22,87,80,129
LOLTMNT03_189773,LCK,15.01,60,169,13,4,62,1,57,191,82,58,181
LOLTMNT03_189783,LCK,15.01,163,40,178,86,162,0,56,10,14,122,80
11738-11738_game_1,LPL,15.01,60,178,163,118,13,1,57,10,20,169,172
11738-11738_game_2,LPL,15.01,27,105,125,36,4,1,95,191,122,112,142
LOLTMNT03_190012,LCK,15.01,60,90,181,176,114,1,169,13,5,62,103
11738-11738_game_3,LPL,15.01,82,107,111,176,90,1,59,103,5,175,40
LOLTMNT03_190023,LCK,15.01,128,131,27,85,101,0,178,40,14,22,87
11738-11738_game_4,LPL,15.01,131,181,71,76,86,1,43,83,62,134,34
11738-11738_game_5,LPL,15.01,85,114,101,146,139,0,58,113,65,2,98
LOLTMNT01_189496,HLL,15.01,90,40,62,0,103,1,171,169,122,36,161
LOLTMNT06_95719,TCL,15.01,57,163,122,178,111,1,10,90,171,114,43
LOLTMNT01_189502,HLL,15.01,171,52,9,20,112,1,66,59,82,100,38
LOLTMNT06_95723,TCL,15.01,90,163,171,4,60,0,95,131,2,122,5
LOLTMNT01_189522,HLL,15.01,27,169,82,36,128,1,175,9,20,49,113
LOLTMNT01_189523,HW,15.01,27,54,177,114,118,1,171,178,5,40,90
LOLTMNT01_189529,HLL,15.01,163,107,111,103,114,1,95,169,122,125,71
LOLTMNT06_96750,TCL,15.01,27,191,60,36,103,1,57,90,163,122,14
LOLTMNT06_95728,LFL,15.01,90,27,57,2,122,1,13,64,8,107,4
LOLTMNT03_189909,LVP SL,15.01,171,169,32,128,122,0,60,163,14,80,4
LOLTMNT06_96747,LIT,15.01,27,82,178,139,49,0,170,122,176,112,13
LOLTMNT06_95741,NLC,15.01,145,175,43,103,40,1,169,27,125,82,14
LOLTMNT01_190509,HW,15.01,171,36,178,44,4,0,175,111,42,180,122
LOLTMNT06_96768,LFL,15.01,90,128,57,62,103,1,60,27,52,36,118
LOLTMNT03_189919,LVP SL,15.01,10,105,82,125,171,0,107,36,60,122,87
LOLTMNT06_96773,NLC,15.01,64,125,122,177,52,1,5,150,114,175,98
LOLTMNT06_96775,LIT,15.01,27,111,122,114,6,1,171,60,51,175,4
LOLTMNT06_95755,TCL,15.01,27,131,5,146,118,1,171,90,122,95,113
LOLTMNT06_95764,LFL,15.01,163,131,124,181,46,0,36,90,13,178,56
LOLTMNT03_190141,HW,15.01,175,163,90,94,1,1,10,60,191,82,146
LOLTMNT03_190143,LVP SL,15.01,163,181,131,56,118,0,90,36,14,5,122
LOLTMNT06_95768,LIT,15.01,163,60,124,169,2,1,62,170,43,115,165
LOLTMNT06_96792,NLC,15.01,27,13,54,2,103,1,163,122,111,107,90
LOLTMNT03_190157,HW,15.01,171,64,170,56,144,1,175,163,124,60,147
LOLTMNT06_96794,LFL,15.01,60,27,122,19,36,0,5,163,131,118,62
LOLTMNT03_190159,LVP SL,15.01,169,10,5,150,122,1,14,175,44,58,114
LOLTMNT06_95772,NLC,15.01,5,13,36,185,104,0,170,163,49,28,82
LOLTMNT03_189945,HW,15.01,13,178,60,59,133,0,175,57,129,36,87
LOLTMNT06_95773,NLC,15.01,141,128,181,122,95,1,163,52,49,57,20
LOLTMNT03_189948,LVP SL,15.01,169,27,147,23,122,0,111,131,5,22,20
LOLTMNT03_190195,LCKC,15.01,13,175,57,176,118,0,60,169,150,95,114
LOLTMNT03_190194,LCKC,15.01,171,163,178,114,118,1,64,104,5,54,146
LOLTMNT03_190201,LCKC,15.01,131,56,10,122,2,0,163,90,14,178,124
LOLTMNT03_190204,LCKC,15.01,131,56,150,27,103,1,170,13,44,62,4
LOLTMNT03_189997,LCKC,15.01,128,169,181,122,188,1,0,111,113,82,140
LOLTMNT03_191023,LCK,15.01,5,62,122,105,57,1,36,82,56,175,150
LOLTMNT03_191028,LCK,15.01,163,14,178,125,34,1,169,43,118,95,177
11726-11726_game_1,LPL,15.02,169,13,112,36,4,0,128,27,122,178,40
LOLTMNT03_191030,LCK,15.01,128,10,20,80,83,1,27,131,187,184,13
LOLTMNT03_191042,LCP,15.01,60,95,175,20,13,0,57,163,122,113,172
11726-11726_game_2,LPL,15.02,60,10,124,49,170,1,2,175,5,58,104
LOLTMNT03_190264,LCK,15.01,141,171,43,114,62,1,60,163,169,146,122
LOLTMNT03_190272,LCP,15.01,169,150,5,14,4,0,64,178,124,139,171
11726-11726_game_3,LPL,15.02,82,188,113,43,111,1,95,171,90,131,125
LOLTMNT03_191065,LCK,15.01,57,59,82,175,1,1,36,105,56,65,40
LOLTMNT03_191076,LCP,15.01,27,82,40,74,2,0,128,90,180,10,44
11726-11726_game_4,LPL,15.02,80,14,162,86,155,0,146,173,56,59,133
LOLTMNT03_191077,LCK,15.01,128,176,118,113,13,1,178,5,188,103,145
LOLTMNT03_191114,LCP,15.01,57,178,171,58,114,1,95,13,122,5,170
LOLTMNT06_95782,TCL,15.01,60,163,124,150,113,1,57,169,122,27,13
LOLTMNT03_191124,LCP,15.01,36,82,111,131,43,0,60,62,14,80,4
LOLTMNT06_96811,TCL,15.01,60,163,124,114,13,0,64,131,56,122,49
LOLTMNT01_192226,HW,15.02,22,185,40,103,125,1,122,171,175,59,28
LOLTMNT06_95794,TCL,15.01,64,5,124,14,131,1,95,60,122,178,78
LOLTMNT06_96823,LFL,15.01,169,5,111,59,122,1,163,175,60,14,103
LOLTMNT06_95802,LIT,15.01,49,191,114,110,181,0,175,122,90,163,111
LOLTMNT06_96829,NLC,15.01,175,62,146,118,0,1,36,6,40,122,110
LOLTMNT01_192236,HW,15.02,191,36,103,57,171,0,27,82,66,58,30
LOLTMNT06_96834,TCL,15.01,95,122,5,178,14,1,131,10,128,118,150
LOLTMNT01_191260,HW,15.02,163,122,1,47,0,1,10,128,169,20,84
LOLTMNT06_95808,LIT,15.01,170,112,176,14,122,1,169,125,59,171,86
LOLTMNT06_96840,LFL,15.01,90,171,64,57,124,1,27,178,14,43,104
LOLTMNT06_96841,NLC,15.01,128,163,122,178,14,1,175,36,4,112,2
LOLTMNT06_96848,LIT,15.01,64,60,122,175,14,1,163,90,15,1,45
LOLTMNT01_192294,HW,15.02,163,175,113,111,122,1,36,90,5,118,34
LOLTMNT06_96849,LFL,15.01,90,64,124,43,147,1,163,60,169,114,171
LOLTMNT06_95811,NLC,15.01,169,13,118,59,5,1,57,90,103,36,2
LOLTMNT01_191298,HW,15.02,163,173,172,110,82,1,27,170,49,20,23
LOLTMNT06_96854,LFL,15.01,27,175,128,4,111,0,60,163,52,103,146
11727-11727_game_1,LPL,15.02,60,95,122,170,13,1,5,57,191,188,103
LOLTMNT03_191178,LCK,15.01,57,36,14,178,114,0,163,128,181,105,90
11727-11727_game_2,LPL,15.02,128,169,181,36,20,0,27,178,40,163,34
LOLTMNT03_191179,LCK,15.01,64,104,131,43,150,1,124,175,1,56,76
LOLTMNT01_192462,LJL,15.02,163,57,103,170,1,1,5,131,171,20,95
LOLTMNT01_192465,LJL,15.02,13,170,103,163,25,0,90,147,175,20,62
11727-11727_game_3,LPL,15.02,107,59,2,114,4,0,113,176,56,14,15
LOLTMNT03_190416,LCK,15.01,5,74,40,188,122,1,60,59,20,170,146
LOLTMNT01_192508,LJL,15.02,95,169,122,40,57,1,13,131,163,103,5
LOLTMNT01_192507,LJL,15.02,13,5,107,27,118,1,64,90,40,139,191
LOLTMNT01_191475,LJL,15.02,170,40,60,163,103,1,13,95,90,16,139
LOLTMNT01_192511,LJL,15.02,13,5,163,178,118,1,171,131,139,176,82
LOLTMNT01_192517,LJL,15.02,90,62,116,20,175,0,163,131,5,124,46
LOLTMNT01_191488,LJL,15.02,128,131,181,36,20,1,40,169,150,59,122
LOLTMNT01_191492,LJL,15.02,95,56,122,131,146,0,163,60,20,83,27
LOLTMNT01_192522,LJL,15.02,60,131,62,20,146,1,59,175,13,112,86
LOLTMNT01_192526,LJL,15.02,10,125,124,170,1,0,5,163,191,175,49
LOLTMNT03_190434,LCK,15.01,60,27,14,118,80,1,10,20,43,171,175
11728-11728_game_1,LPL,15.02,57,191,27,62,90,0,103,5,66,36,181
LOLTMNT01_192524,LJL,15.02,90,169,1,95,118,0,128,163,175,40,103
LOLTMNT01_192528,LJL,15.02,169,1,95,60,90,0,175,150,176,4,112
LOLTMNT01_192530,LJL,15.02,64,40,124,19,181,1,128,10,20,175,1
LOLTMNT03_190436,LCK,15.01,5,178,13,62,103,0,114,169,40,36,122
LOLTMNT01_191513,LCP,15.02,141,163,5,122,14,0,60,10,19,155,115
11728-11728_game_2,LPL,15.02,64,124,107,2,112,1,163,104,175,161,14
LOLTMNT01_191514,LJL,15.02,150,27,90,54,118,1,163,60,170,49,82
LOLTMNT01_192554,LCP,15.02,131,56,181,27,4,0,13,95,170,161,118
LOLTMNT06_96867,LFL2,15.01,27,178,103,146,128,0,163,122,56,6,5
11728-11728_game_3,LPL,15.02,10,74,40,56,4,0,169,95,122,145,44
LOLTMNT06_95831,LFL2,15.01,141,114,36,82,150,1,5,122,111,62,110
11728-11728_game_4,LPL,15.02,22,125,20,185,187,1,178,82,188,173,142
LOLTMNT06_95832,LFL2,15.01,141,163,111,118,56,1,57,90,36,125,99
LOLTMNT01_192599,LCP,15.02,141,10,56,2,124,1,128,163,178,14,82
LOLTMNT06_96870,LFL2,15.01,90,9,60,154,49,1,163,131,122,28,2
LOLTMNT01_192618,LCP,15.02,95,175,4,145,44,1,176,118,161,40,74
LOLTMNT01_191597,LTA S,15.02,60,36,14,131,122,1,111,107,43,27,4
LOLTMNT04_92110,LEC,15.02,163,60,122,178,111,0,27,169,62,5,40
LOLTMNT01_191624,LTA S,15.02,90,10,20,56,1,1,57,178,171,58,15
LOLTMNT04_92114,LEC,15.02,131,27,36,4,125,0,60,163,122,191,142
LOLTMNT01_192707,LTA S,15.02,5,169,62,114,40,0,125,175,155,118,145
LOLTMNT04_92126,LEC,15.02,60,36,131,114,2,0,169,27,5,150,20
LOLTMNT01_192721,LTA S,15.02,60,131,36,4,171,0,90,27,43,62,118
LOLTMNT04_92133,LEC,15.02,90,27,122,58,128,0,163,60,4,19,142
LOLTMNT01_191692,LTA S,15.02,163,14,5,20,170,1,175,13,57,95,15
LOLTMNT04_92142,LEC,15.02,27,191,32,122,44,1,64,131,124,181,128
LOLTMNT01_191712,LTA N,15.02,141,163,56,82,49,0,52,10,162,24,122
LOLTMNT01_191715,LTA S,15.02,169,122,125,9,1,1,56,113,114,187,172
LOLTMNT01_191718,LTA N,15.02,60,169,171,22,90,0,5,131,14,58,104
LOLTMNT01_192790,LTA N,15.02,107,111,5,95,122,0,13,175,125,10,20
LOLTMNT01_192797,LTA N,15.02,163,169,1,118,114,0,181,131,82,188,43
LOLTMNT03_191289,LCK,15.01,57,178,171,22,34,1,169,13,103,36,49
LOLTMNT01_191805,LJL,15.02,128,13,163,107,122,1,131,181,36,112,4
LOLTMNT01_191806,LJL,15.02,60,175,146,59,122,0,90,4,150,170,62
LOLTMNT01_192856,LJL,15.02,141,59,54,49,86,1,170,163,98,40,18
LOLTMNT03_191291,LCK,15.01,131,2,125,176,122,0,60,5,83,59,86
LOLTMNT01_191839,LJL,15.02,13,5,163,131,124,0,10,169,43,118,171
LOLTMNT01_191831,LJL,15.02,163,150,181,56,103,0,36,131,2,125,15
LOLTMNT01_191840,LJL,15.02,60,59,178,49,18,0,10,191,56,124,1
LOLTMNT01_192882,LJL,15.02,60,131,14,27,82,1,90,175,4,147,95
LOLTMNT01_191841,LJL,15.02,10,131,57,122,14,0,60,169,163,114,111
LOLTMNT01_192883,LJL,15.02,87,36,65,107,112,0,181,131,103,62,5
LOLTMNT01_192888,LJL,15.02,13,169,4,62,112,0,163,171,114,170,23
LOLTMNT01_191848,LJL,15.02,141,13,5,36,122,1,90,163,150,60,20
LOLTMNT01_191851,LJL,15.02,36,5,175,49,90,0,95,169,57,40,82
LOLTMNT01_192891,LJL,15.02,60,27,171,169,82,0,57,40,95,150,122
LOLTMNT01_192890,LJL,15.02,87,20,182,176,131,1,169,95,128,118,1
LOLTMNT01_191853,LJL,15.02,56,191,20,59,146,1,44,131,15,176,2
LOLTMNT03_191298,LCK,15.01,57,36,14,114,178,1,163,5,13,80,103
LOLTMNT01_192900,LJL,15.02,90,36,147,122,178,0,150,27,175,4,139
LOLTMNT01_192897,LJL,15.02,141,128,122,171,27,1,131,95,40,90,150
LOLTMNT01_192901,LJL,15.02,128,131,181,58,82,1,170,163,171,103,139
LOLTMNT01_191865,LJL,15.02,27,46,60,166,122,1,59,34,139,171,175
LOLTMNT01_191863,LJL,15.02,10,178,57,40,82,0,56,191,20,59,14
LOLTMNT01_192903,LJL,15.02,95,125,147,175,118,0,5,13,107,36,191
LOLTMNT03_190508,LCK,15.01,169,56,150,58,82,0,125,22,34,191,181
LOLTMNT01_191882,LCP,15.02,36,82,178,139,14,0,163,13,113,34,56
LOLTMNT06_95858,LFL2,15.01,27,169,60,82,2,0,163,90,128,122,40
LOLTMNT01_191887,LCP,15.02,95,122,80,112,49,0,57,105,155,10,20
LOLTMNT06_95862,LFL2,15.01,13,90,58,103,5,1,57,163,105,4,71
LOLTMNT01_192954,LCP,15.02,27,131,128,95,122,1,163,60,169,118,1
LOLTMNT06_96906,LFL2,15.01,27,90,128,62,118,1,60,82,36,181,66
LOLTMNT01_192973,LCP,15.02,22,170,56,172,113,0,58,178,13,44,4
LOLTMNT06_95864,LFL2,15.01,27,6,181,122,88,1,57,171,22,131,4
LOLTMNT01_193039,LTA S,15.02,10,169,13,15,43,1,60,57,191,58,122
LOLTMNT04_92193,LEC,15.02,60,169,163,122,14,1,27,171,5,178,124
LOLTMNT01_194013,LTA S,15.02,163,125,82,1,178,1,5,90,181,118,176
LOLTMNT04_93166,LEC,15.02,171,36,131,57,34,0,163,175,14,20,44
LOLTMNT01_193073,LTA S,15.02,175,2,36,4,161,1,27,171,131,103,46
LOLTMNT01_193083,LTA S,15.02,27,131,5,118,171,1,14,36,125,170,82
LOLTMNT04_93174,LEC,15.02,90,36,14,57,82,1,163,178,146,125,118
LOLTMNT04_92211,LEC,15.02,171,178,32,82,57,1,64,131,122,146,56
LOLTMNT01_194060,LTA S,15.02,163,175,13,124,56,0,169,57,1,122,187
LOLTMNT04_92219,LEC,15.02,60,171,131,122,59,0,5,191,181,36,82
LOLTMNT01_194069,LTA N,15.02,57,169,36,34,14,0,5,163,114,170,40
LOLTMNT01_194092,LTA N,15.02,128,175,111,59,20,0,13,95,122,178,2
LOLTMNT01_193134,LTA N,15.02,64,131,132,181,128,0,60,124,32,175,14
LOLTMNT01_193140,LTA N,15.02,13,107,36,82,111,0,27,113,150,125,169
LOLTMNT04_92277,LEC,15.02,171,60,175,106,122,1,163,169,5,118,40
LOLTMNT04_93276,LEC,15.02,169,64,122,128,142,1,163,105,125,20,57
LOLTMNT04_93287,LEC,15.02,60,191,27,95,103,1,163,57,105,82,142
LOLTMNT04_93299,LEC,15.02,171,178,36,82,43,1,163,131,49,56,20
LOLTMNT04_93308,LEC,15.02,171,131,36,118,56,0,27,169,5,49,103
LOLTMNT01_193541,HLL,15.02,27,90,95,60,122,1,163,171,131,20,43
LOLTMNT01_194511,HLL,15.02,175,36,112,122,49,0,191,163,60,103,142
LOLTMNT01_194534,HW,15.02,49,163,170,4,44,1,57,171,169,122,36
LOLTMNT01_193617,RL,15.02,141,36,5,4,171,0,57,82,52,59,49
LOLTMNT01_194545,HLL,15.02,141,163,124,2,60,0,27,122,14,54,0
LOLTMNT04_93347,PRM,15.02,163,122,60,2,54,0,107,95,14,103,114
LOLTMNT01_193651,LVP SL,15.02,163,60,90,14,86,1,36,131,5,118,68
LOLTMNT01_194565,HW,15.02,27,82,105,129,60,1,36,191,4,155,139
LOLTMNT01_194562,RL,15.02,60,27,122,137,1,1,175,10,20,128,181
LOLTMNT01_194596,LVP SL,15.02,90,122,27,14,5,0,57,95,4,131,146
LOLTMNT04_93358,PRM,15.02,10,131,181,4,125,1,171,36,175,5,34
LOLTMNT01_193701,HW,15.02,163,83,49,103,30,1,64,175,111,57,82
LOLTMNT01_194621,RL,15.02,163,56,118,169,166,1,95,103,113,172,146
LOLTMNT01_194638,LVP SL,15.02,163,141,128,171,4,0,139,122,181,36,19
LOLTMNT04_92372,PRM,15.02,27,178,128,133,82,1,13,169,43,187,20
LOLTMNT01_193731,HW,15.02,27,191,122,46,59,1,175,60,10,82,49
LOLTMNT01_193749,LVP SL,15.02,27,90,128,82,187,0,95,131,5,171,103
LOLTMNT04_92376,PRM,15.02,27,122,112,170,1,1,163,57,20,191,125
LOLTMNT01_194670,HW,15.02,141,114,176,49,60,0,6,122,95,171,46
LOLTMNT04_93366,RL,15.02,57,36,82,175,171,0,5,163,122,52,49
LOLTMNT01_193769,LVP SL,15.02,171,178,36,114,175,1,40,169,5,187,124
LOLTMNT04_92378,PRM,15.02,169,171,118,114,62,1,36,82,40,2,74
LOLTMNT04_93368,RL,15.02,128,169,62,90,142,0,95,131,103,125,11
LOLTMNT04_93369,PRM,15.02,107,181,44,148,132,0,111,175,43,95,189
LOLTMNT04_92393,TCL,15.02,163,5,82,178,14,1,27,57,122,191,36
LOLTMNT01_194910,HLL,15.02,90,49,57,36,65,1,163,13,131,118,110
LOLTMNT04_92400,TCL,15.02,90,163,60,169,111,0,57,170,36,103,49
LOLTMNT01_195023,HLL,15.02,122,62,40,178,23,1,90,163,14,124,56
LOLTMNT01_194969,HW,15.02,163,141,82,111,23,1,27,57,20,19,60
LOLTMNT01_194968,RL,15.02,171,95,107,88,122,1,178,163,60,87,4
LOLTMNT01_194983,HLL,15.02,128,163,103,142,169,1,65,131,157,140,184
LOLTMNT04_93405,TCL,15.02,27,131,5,2,118,1,57,90,181,122,22
LOLTMNT01_195065,LVP SL,15.02,107,111,5,59,103,1,57,171,176,122,170
LOLTMNT04_92414,NLC,15.02,27,169,44,53,1,1,175,128,36,118,111
LOLTMNT04_92412,PRM,15.02,13,170,82,139,62,1,90,57,27,103,176
LOLTMNT06_95937,LFL,15.01,27,178,171,82,57,1,60,191,181,58,122
LOLTMNT01_194998,RL,15.02,27,175,82,166,125,0,191,36,20,22,56
LOLTMNT01_195079,HLL,15.02,141,128,95,82,49,1,27,171,178,44,118
LOLTMNT01_196019,HW,15.02,163,1,103,47,30,1,36,57,20,146,74
LOLTMNT01_195094,LVP SL,15.02,60,59,103,150,120,0,27,122,14,114,170
LOLTMNT04_93409,TCL,15.02,128,169,14,122,64,0,36,131,103,125,150
LOLTMNT04_92422,NLC,15.02,64,54,124,139,49,1,32,104,122,147,70
LOLTMNT06_96972,LFL,15.01,64,90,171,125,124,0,5,27,131,2,104
LOLTMNT04_92426,PRM,15.02,163,122,14,175,125,1,171,64,4,169,44
LOLTMNT01_196077,RL,15.02,13,170,163,82,112,0,27,128,122,131,14
LOLTMNT01_196083,LVP SL,15.02,60,191,27,95,122,0,163,136,14,170,82
LOLTMNT01_195149,HW,15.02,27,76,52,161,6,0,64,175,122,60,1
LOLTMNT04_93416,PRM,15.02,128,131,181,124,155,1,40,107,2,187,86
LOLTMNT06_95948,LFL,15.01,64,169,43,147,104,0,163,60,122,191,180
LOLTMNT04_93414,NLC,15.02,163,60,122,146,178,0,169,36,118,43,24
LOLTMNT01_195182,RL,15.02,90,59,103,49,23,1,175,118,5,36,111
LOLTMNT01_195188,LVP SL,15.02,60,178,111,58,118,1,5,163,131,1,122
LOLTMNT01_195191,HW,15.02,175,36,44,181,122,0,27,57,177,131,114
LOLTMNT04_92436,PRM,15.02,175,59,82,5,2,0,27,191,57,15,14
LOLTMNT04_93418,NLC,15.02,57,107,13,59,124,0,5,191,181,62,90
LOLTMNT06_95950,LFL,15.01,60,169,22,49,122,1,27,171,43,107,15
LOLTMNT01_196131,LVP SL,15.02,163,171,125,80,34,0,5,36,14,178,103
LOLTMNT01_195208,RL,15.02,169,188,181,189,56,0,178,176,150,124,88
LOLTMNT04_92437,PRM,15.02,34,139,22,40,107,1,111,60,54,95,104
LOLTMNT04_92438,NLC,15.02,128,103,95,14,54,0,175,0,82,187,1
LOLTMNT04_92439,PRM,15.02,163,147,71,113,170,1,58,43,68,178,124
LOLTMNT01_195330,LJL,15.02,141,171,36,82,139,1,13,27,112,175,20
LOLTMNT01_195345,LJL,15.02,60,36,131,111,15,0,57,163,178,82,147
LOLTMNT01_195389,LJL,15.02,60,46,40,95,122,1,38,36,1,170,4
LOLTMNT01_195424,LJL,15.02,163,131,181,128,20,1,87,74,182,103,10
LOLTMNT01_196369,HLL,15.02,27,175,82,171,23,0,60,170,122,22,2
LOLTMNT04_93460,TCL,15.02,131,60,36,118,181,1,95,90,57,122,171
LOLTMNT01_196409,HLL,15.02,60,175,49,140,184,0,171,169,128,163,4
LOLTMNT04_92470,TCL,15.02,64,90,124,49,43,1,14,131,36,118,180
LOLTMNT01_195482,HLL,15.02,60,163,170,4,150,1,169,27,82,43,188
LOLTMNT01_196434,HW,15.02,64,54,104,44,181,0,10,170,60,115,1
LOLTMNT04_92483,TCL,15.02,27,178,122,114,150,0,5,131,95,118,171
LOLTMNT01_196450,HLL,15.02,13,131,43,59,122,1,40,175,36,51,4
LOLTMNT01_195516,LVP SL,15.02,169,60,111,27,82,0,163,122,14,43,105
LOLTMNT06_95958,LFL,15.01,169,163,13,139,103,1,64,57,131,2,4
LOLTMNT01_195517,HW,15.02,64,178,124,44,1,1,10,170,60,104,146
LOLTMNT04_92504,TCL,15.02,163,60,122,191,181,1,27,103,46,178,13
LOLTMNT04_92505,NLC,15.02,128,36,122,178,111,1,40,163,4,90,57
LOLTMNT01_196477,LVP SL,15.02,90,27,191,103,36,1,122,60,105,95,147
LOLTMNT01_196499,HW,15.02,163,175,115,150,112,1,36,90,5,83,1
LOLTMNT06_96989,LFL,15.01,57,36,6,43,103,1,27,191,82,62,88
LOLTMNT04_92510,NLC,15.02,60,64,124,191,142,1,43,59,86,169,76
LOLTMNT01_196517,LVP SL,15.02,163,114,171,122,112,0,64,169,147,103,56
LOLTMNT01_196538,HW,15.02,122,36,175,40,13,0,128,95,82,111,23
LOLTMNT06_96993,LFL,15.01,5,57,191,36,103,0,133,175,132,51,180
LOLTMNT01_195606,LVP SL,15.02,90,36,60,103,147,0,57,27,83,95,122
LOLTMNT04_92514,NLC,15.02,27,122,169,177,43,1,36,34,114,49,112
LOLTMNT01_195629,LVP SL,15.02,163,14,131,56,103,1,60,95,169,150,4
LOLTMNT06_95964,LFL,15.01,128,178,122,59,14,0,5,131,36,103,177
LOLTMNT01_196570,HW,15.02,122,175,111,62,57,1,82,95,147,191,112
LOLTMNT04_92516,NLC,15.02,128,59,175,103,40,0,60,10,82,52,7
LOLTMNT01_195652,HW,15.02,175,113,111,176,94,0,83,114,88,142,36
LOLTMNT01_196721,LCK,15.02,169,150,128,27,118,1,5,10,113,158,124
LOLTMNT01_195821,LCK,15.02,64,105,181,44,122,1,56,95,80,82,1
LOLTMNT01_196736,LJL,15.02,90,175,68,62,20,0,181,131,128,36,82
LOLTMNT01_196743,LCK,15.02,60,22,34,49,131,0,57,170,58,65,147
LOLTMNT01_196798,LJL,15.02,13,178,125,10,122,1,163,56,175,40,82
LOLTMNT01_195885,LCK,15.02,105,5,82,10,27,0,163,57,131,114,23
LOLTMNT01_195897,LCK,15.02,169,13,22,104,44,0,40,178,36,34,7
LOLTMNT01_196821,LJL,15.02,95,175,122,157,172,1,60,169,1,36,90
LOLTMNT01_195973,HLL,15.02,171,170,163,34,139,1,147,175,36,82,110
LOLTMNT04_93567,TCL,15.02,163,169,5,103,111,1,57,36,82,191,125
LOLTMNT01_196904,HLL,15.02,163,175,171,118,44,0,27,131,122,111,38
LOLTMNT04_93578,TCL,15.02,64,90,124,14,125,0,36,131,103,49,0
LOLTMNT01_197039,HLL,15.02,170,44,147,9,82,1,60,178,2,22,103
LOLTMNT01_196941,HW,15.02,175,147,95,118,139,1,90,163,111,20,43
LOLTMNT04_92566,TCL,15.02,163,128,122,111,107,0,60,95,169,103,14
LOLTMNT01_197070,HLL,15.02,60,107,111,176,118,1,5,191,112,82,164
LOLTMNT04_92572,LIT,15.02,90,20,27,43,147,1,112,36,118,83,142
LOLTMNT01_197087,HW,15.02,27,90,60,82,129,1,163,57,83,103,24
LOLTMNT06_95974,LFL,15.01,90,32,124,5,150,1,64,169,144,60,171
LOLTMNT04_93619,TCL,15.02,5,175,163,13,53,0,57,90,36,122,14
LOLTMNT06_95978,LFL,15.01,169,57,64,20,2,0,163,5,175,122,172
LOLTMNT01_198025,HW,15.02,90,176,38,180,122,0,131,60,129,59,86
LOLTMNT04_93624,LIT,15.02,171,175,163,4,125,0,64,13,122,107,139
LOLTMNT06_95981,LFL,15.01,60,27,13,170,103,0,128,131,181,62,4
LOLTMNT04_92589,LIT,15.02,57,191,82,32,181,1,178,40,62,103,56
LOLTMNT01_198062,HW,15.02,191,163,60,57,114,0,131,27,5,122,95
LOLTMNT04_92600,LIT,15.02,10,65,110,185,1,0,59,5,86,131,2
LOLTMNT01_198095,HW,15.02,122,6,62,1,28,1,36,5,150,125,165
LOLTMNT01_198268,LCK,15.02,57,169,171,62,114,1,60,163,181,34,90
LOLTMNT01_198283,LCK,15.02,13,176,118,56,146,1,36,82,14,178,139
LOLTMNT01_198303,LCK,15.02,40,128,175,187,86,1,80,49,59,161,154
LOLTMNT01_197638,LCK,15.02,169,34,57,1,10,1,60,163,113,65,145
LOLTMNT01_197628,LJL,15.02,163,169,43,82,40,1,60,178,36,122,181
LOLTMNT01_197663,LCK,15.02,105,62,114,157,43,1,27,188,90,125,4
LOLTMNT01_197673,LJL,15.02,163,178,128,82,171,1,10,169,40,122,14
LOLTMNT01_197690,LCK,15.02,5,122,95,13,80,0,23,36,20,175,78
LOLTMNT04_93691,LFL2,15.02,90,36,171,82,125,1,27,60,62,122,83
LOLTMNT01_198379,LJL,15.02,64,150,57,146,124,0,10,171,128,169,20
LOLTMNT01_197735,LJL,15.02,95,131,20,56,150,0,122,178,60,62,111
LOLTMNT01_198399,LFL2,15.02,163,122,57,6,181,1,90,58,13,82,0
LOLTMNT01_197761,RL,15.02,163,60,90,146,122,1,36,171,169,43,20
LOLTMNT04_93711,LFL2,15.02,122,191,27,60,62,0,57,103,142,109,150
LOLTMNT01_197798,RL,15.02,95,178,8,103,112,1,128,175,14,82,59
LOLTMNT04_93719,LFL2,15.02,141,40,122,14,36,0,128,27,52,20,62
LOLTMNT01_197837,RL,15.02,10,170,1,44,118,0,111,22,6,56,15
LOLTMNT01_198544,LTA S,15.02,90,36,82,170,13,0,57,191,10,20,43
LOLTMNT04_93750,LEC,15.02,60,171,178,10,20,0,105,163,57,122,128
LOLTMNT01_197947,LTA S,15.02,27,171,131,4,113,1,14,122,56,52,22
LOLTMNT04_92679,LEC,15.02,169,36,13,4,57,0,90,27,62,82,5
LOLTMNT01_198607,LTA S,15.02,60,59,178,154,1,0,114,176,118,185,150
LOLTMNT04_92696,LEC,15.02,90,57,27,20,40,0,169,36,82,1,25
LOLTMNT01_198625,LTA S,15.02,27,128,122,14,113,0,95,131,0,90,150
LOLTMNT04_92709,LEC,15.02,27,60,83,32,122,1,36,105,5,57,20
LOLTMNT01_198654,LTA S,15.02,5,169,1,62,114,0,13,175,118,57,36
LOLTMNT04_92728,LEC,15.02,171,163,175,57,20,0,27,64,131,122,5
LOLTMNT01_199069,LTA N,15.02,60,36,113,13,169,1,57,27,131,171,20
LOLTMNT01_198719,LTA N,15.02,5,90,122,14,22,1,128,95,114,178,146
LOLTMNT01_199106,LTA N,15.02,163,170,1,162,118,0,181,188,125,103,6
LOLTMNT01_198743,LTA N,15.02,57,163,5,52,122,1,169,27,128,111,4
LOLTMNT01_199126,LTA N,15.02,60,13,175,62,103,1,10,161,150,178,82
LOLTMNT01_199134,LTA N,15.02,181,90,188,80,18,0,56,131,146,187,20
LOLTMNT01_198801,LCK,15.02,5,34,131,176,13,1,57,114,62,175,171
LOLTMNT01_198810,LCK,15.02,169,14,56,95,122,0,178,36,40,23,136
LOLTMNT01_199207,LJL,15.02,131,49,187,4,90,0,107,13,62,122,125
LOLTMNT01_198873,LJL,15.02,62,13,82,131,139,0,176,175,150,112,86
LOLTMNT04_93827,LFL2,15.02,90,128,163,142,103,1,27,52,82,40,49
LOLTMNT01_198901,LJL,15.02,60,191,163,114,57,1,16,5,36,82,49
LOLTMNT01_198907,LFL2,15.02,163,57,82,178,147,0,122,27,141,44,62
LOLTMNT01_199311,RL,15.02,36,52,82,59,44,0,57,141,103,95,128
LOLTMNT04_92770,LFL2,15.02,57,4,90,142,171,0,49,122,70,5,76
LOLTMNT01_199344,RL,15.02,27,125,13,114,156,1,181,131,62,43,115
LOLTMNT04_92772,LFL2,15.02,163,122,5,107,49,0,27,60,82,191,36
LOLTMNT01_200010,RL,15.02,64,178,124,146,139,0,175,118,176,1,173
LOLTMNT01_199445,LTA S,15.02,57,10,13,175,15,0,163,131,125,171,118
LOLTMNT04_93871,LEC,15.02,163,57,14,122,131,0,36,175,118,111,112
LOLTMNT01_200090,LTA S,15.02,128,178,36,146,114,1,169,40,122,187,1
LOLTMNT04_93883,LEC,15.02,90,163,5,128,82,0,111,64,107,125,44
LOLTMNT01_199518,LTA S,15.02,27,43,82,83,139,0,56,14,22,34,170
LOLTMNT04_92827,LEC,15.02,169,62,5,118,13,1,36,178,14,82,114
LOLTMNT01_200132,LTA S,15.02,141,14,60,22,34,0,5,27,52,1,122
LOLTMNT04_92843,LEC,15.02,163,122,142,150,57,0,191,27,5,118,181
LOLTMNT01_199567,LTA S,15.02,10,20,57,181,83,1,128,36,175,82,142
LOLTMNT04_93937,LEC,15.02,36,175,82,112,13,1,163,169,118,150,46
LOLTMNT01_199589,LTA N,15.02,169,128,27,103,13,0,57,90,114,36,112
LOLTMNT01_199596,LTA S,15.02,169,114,62,150,113,1,56,178,155,118,40
LOLTMNT01_199614,LTA N,15.02,163,14,178,125,113,1,10,131,146,118,43
LOLTMNT01_200198,LTA S,15.02,60,90,27,18,1,0,57,163,191,114,4
LOLTMNT01_199618,LTA N,15.02,60,62,171,34,175,1,5,191,40,82,59
LOLTMNT01_199622,LTA N,15.02,60,27,191,122,24,1,169,57,14,82,36
LOLTMNT01_200234,LTA N,15.02,181,131,128,58,4,1,142,90,62,40,118
LOLTMNT01_199637,LTA N,15.02,10,52,103,171,162,0,188,175,150,15,23
LOLTMNT01_199640,LTA N,15.02,5,114,191,27,56,1,181,131,125,163,82
LOLTMNT01_199664,LCKC,15.02,57,105,82,49,187,0,27,141,114,90,111
LOLTMNT01_199677,LCKC,15.02,128,122,170,36,14,0,40,169,118,163,171
LOLTMNT01_199706,LCKC,15.02,169,128,13,27,82,0,57,163,178,122,150
LOLTMNT01_199711,LCKC,15.02,60,10,34,181,66,1,43,36,104,14,139
LOLTMNT01_199725,LCKC,15.02,5,80,103,44,187,1,125,105,40,59,20
LOLTMNT01_199739,LCKC,15.02,60,36,82,129,80,0,5,170,8,62,122
LOLTMNT01_199758,LCKC,15.02,57,131,27,150,118,0,128,113,13,10,4
LOLTMNT04_92941,LEC,15.02,90,36,57,122,14,1,27,191,82,95,139
LOLTMNT01_200554,NEXO,15.02,60,27,191,82,163,0,175,5,95,171,4
LOLTMNT01_199956,NEXO,15.02,163,124,170,139,13,1,90,64,104,175,111
LOLTMNT04_92952,LEC,15.02,27,188,122,57,131,1,163,178,4,171,139
LOLTMNT01_201001,NEXO,15.02,36,82,107,49,125,1,90,163,20,14,43
LOLTMNT01_201016,NEXO,15.02,27,178,60,20,111,1,90,58,88,147,118
LOLTMNT04_92975,LEC,15.02,57,105,82,62,181,0,36,191,122,112,13
LOLTMNT01_201034,NEXO,15.02,163,5,131,124,181,1,36,122,162,74,2
LOLTMNT01_201039,NEXO,15.02,90,5,36,175,1,1,57,178,27,118,146
LOLTMNT04_92989,LEC,15.02,36,169,82,25,1,1,90,27,118,175,146
LOLTMNT04_94054,LEC,15.02,27,29,163,114,112,0,36,191,122,181,43
LOLTMNT01_201097,CD,15.02,171,169,27,57,118,0,90,128,181,36,82
LOLTMNT01_200711,CD,15.02,57,90,27,122,14,1,60,178,59,111,20
LOLTMNT01_200713,CD,15.02,5,83,43,27,82,1,60,57,188,175,122
LOLTMNT01_201104,CD,15.02,111,107,95,118,44,1,27,52,56,10,122
LOLTMNT01_201129,CD,15.02,60,58,122,46,150,0,10,178,20,112,145
LOLTMNT01_200741,CD,15.02,13,95,169,4,114,1,65,36,113,103,139
LOLTMNT01_201132,CD,15.02,163,113,14,20,5,0,62,178,24,18,175
LOLTMNT01_201131,CD,15.02,131,62,82,112,142,0,163,175,118,56,49
LOLTMNT01_201139,CD,15.02,111,59,170,118,44,1,10,107,1,15,112
LOLTMNT01_200754,CD,15.02,169,1,59,86,23,1,185,129,51,36,152
LOLTMNT01_201143,CD,15.02,128,54,95,114,181,0,40,155,107,23,2
LOLTMNT01_200818,LCKC,15.02,60,175,13,62,4,1,57,169,10,122,172
LOLTMNT01_201204,LCKC,15.02,128,80,103,14,95,0,105,5,82,36,181
LOLTMNT01_201218,LCKC,15.02,5,169,13,103,187,1,57,105,36,49,122
LOLTMNT01_200864,LCKC,15.02,128,113,27,59,86,1,40,178,163,14,18
LOLTMNT01_201245,LCKC,15.02,10,124,44,146,170,1,56,175,1,9,94
LOLTMNT01_202033,RL,15.02,171,90,59,118,139,0,163,141,111,82,5
LOLTMNT01_200986,HW,15.02,27,175,122,5,150,1,13,131,4,64,125
LOLTMNT04_96019,PRM,15.02,175,46,27,4,14,0,60,5,6,82,163
LOLTMNT01_202062,HW,15.02,27,175,4,129,44,1,122,13,169,62,5
LOLTMNT01_203013,RL,15.02,27,95,122,128,173,1,36,175,49,103,102
LOLTMNT01_202089,HW,15.02,141,36,5,104,14,0,191,57,62,4,112
LOLTMNT01_202102,RL,15.02,171,27,178,118,112,0,163,60,122,169,87
LOLTMNT04_95071,PRM,15.02,64,56,122,170,171,0,131,36,114,125,2
LOLTMNT01_203107,RL,15.02,95,175,125,4,188,0,64,131,82,43,177
LOLTMNT04_95076,PRM,15.02,27,169,5,133,82,0,90,163,60,111,122
LOLTMNT04_96050,PRM,15.02,57,62,175,4,2,1,36,107,1,103,112
LOLTMNT01_203159,CD,15.02,27,169,128,49,114,0,57,178,40,118,62
LOLTMNT01_203165,CD,15.02,57,175,118,59,49,1,131,10,20,128,181
LOLTMNT01_203170,CD,15.02,163,113,131,124,146,1,111,62,175,118,178
LOLTMNT01_202209,CD,15.02,178,5,82,171,58,1,64,191,56,114,145
LOLTMNT01_203176,CD,15.02,60,175,36,20,146,1,163,90,43,122,155
LOLTMNT01_202213,CD,15.02,64,54,24,115,56,0,27,90,5,171,122
LOLTMNT01_202222,CD,15.02,60,169,1,59,86,1,5,10,43,105,103
LOLTMNT01_203185,CD,15.02,64,124,178,139,49,1,57,163,150,175,82
LOLTMNT01_203186,CD,15.02,65,74,122,27,0,1,171,113,44,114,176
LOLTMNT01_203330,HLL,15.02,163,1,169,118,25,0,60,178,49,76,124
LOLTMNT04_95108,TCL,15.02,60,170,82,49,163,1,57,191,181,36,4
LOLTMNT01_203357,HLL,15.02,170,36,57,4,150,1,44,163,74,122,111
LOLTMNT04_96095,TCL,15.02,163,60,82,181,105,0,5,36,122,83,27
LOLTMNT01_202451,HLL,15.02,13,170,60,95,82,1,146,163,131,114,20
LOLTMNT01_203387,RL,15.02,90,163,122,166,95,1,60,27,4,191,36
LOLTMNT01_202464,HW,15.02,60,131,64,111,82,1,122,57,62,173,24
LOLTMNT04_95133,TCL,15.02,5,169,27,188,82,0,163,128,114,150,4
LOLTMNT01_203408,HLL,15.02,141,14,163,57,82,0,122,178,111,176,38
LOLTMNT04_96120,PRM,15.02,170,163,146,103,40,1,90,82,36,1,114
LOLTMNT04_96116,LFL,15.02,90,128,142,106,132,0,36,60,82,111,107
LOLTMNT01_203412,HW,15.02,5,95,122,150,169,1,64,103,170,111,124
LOLTMNT04_96124,NLC,15.02,36,82,169,87,44,0,90,27,122,111,170
LOLTMNT01_202479,RL,15.02,57,99,58,103,1,1,169,5,118,62,150
LOLTMNT04_96133,TCL,15.02,60,62,90,118,14,1,131,56,122,59,150
LOLTMNT01_202493,HW,15.02,175,111,122,113,10,0,105,36,80,82,25
LOLTMNT04_96139,PRM,15.02,122,131,181,98,95,1,5,133,175,132,25
LOLTMNT04_96138,EBL,15.02,175,36,1,154,23,0,27,150,103,8,56
LOLTMNT01_203441,RL,15.02,171,52,122,59,125,1,82,27,191,2,43
LOLTMNT04_95149,NLC,15.02,163,14,175,4,112,1,95,13,107,103,139
LOLTMNT04_96141,LFL,15.02,5,95,122,171,178,1,191,27,125,20,80
LOLTMNT04_95156,PRM,15.02,187,86,178,112,150,1,169,118,111,140,139
LOLTMNT04_96148,EBL,15.02,5,169,36,49,114,1,60,27,107,122,129
LOLTMNT04_95157,NLC,15.02,57,49,131,58,101,1,178,1,88,65,22
LOLTMNT01_203452,RL,15.02,57,36,103,178,1,1,163,90,60,65,181
LOLTMNT04_96162,EBL,15.02,163,169,5,122,14,0,60,36,107,82,78
LOLTMNT04_95163,PRM,15.02,27,54,122,111,162,0,60,36,4,74,14
LOLTMNT01_203469,RL,15.02,49,175,44,58,113,1,128,10,180,185,20
LOLTMNT04_96168,NLC,15.02,60,150,187,94,109,1,5,142,84,6,143
LOLTMNT04_96167,LFL,15.02,36,57,6,124,14,1,5,131,62,114,13
LOLTMNT04_96169,PRM,15.02,90,59,1,125,20,0,191,10,40,82,139
LOLTMNT01_203495,CD,15.02,5,83,60,82,36,1,57,178,27,129,4
LOLTMNT01_202565,CD,15.02,60,59,86,54,49,1,10,131,23,133,172
LOLTMNT01_203497,CD,15.02,57,90,49,95,122,0,131,113,171,36,4
LOLTMNT04_95166,LFL,15.02,169,40,95,103,111,0,128,122,64,170,2
LOLTMNT01_203501,CD,15.02,131,163,146,125,118,1,52,122,3,59,44
LOLTMNT04_95167,PRM,15.02,95,175,171,5,124,1,187,169,118,49,128
LOLTMNT01_202570,CD,15.02,163,175,118,65,142,0,27,90,128,113,13
LOLTMNT01_203502,CD,15.02,5,118,59,150,178,0,27,191,181,82,145
LOLTMNT01_203503,CD,15.02,111,20,170,56,176,0,107,95,1,34,25
LOLTMNT01_202575,CD,15.02,13,163,131,5,114,1,178,27,146,82,25
LOLTMNT01_203505,CD,15.02,60,36,90,34,181,0,171,175,62,23,122
LOLTMNT01_202632,LCP,15.02,60,178,163,14,15,1,57,10,20,131,49
LOLTMNT01_202642,LCP,15.02,128,107,111,140,122,0,27,175,118,139,171
LOLTMNT01_202660,LCP,15.02,57,175,171,36,82,1,13,170,5,163,103
LOLTMNT01_202679,LCP,15.02,95,122,56,83,155,0,27,161,29,62,115
LOLTMNT01_203640,HLL,15.02,122,62,131,146,23,1,169,147,163,118,44
LOLTMNT04_96183,TCL,15.02,163,169,40,124,14,0,128,27,107,4,49
LOLTMNT01_202707,HLL,15.02,27,178,60,87,122,0,128,90,142,22,4
LOLTMNT04_96190,TCL,15.02,57,191,36,20,59,1,60,82,95,170,171
LOLTMNT01_203683,HLL,15.02,13,36,131,46,118,0,163,175,60,49,103
LOLTMNT04_95196,TCL,15.02,60,62,82,170,2,1,57,36,131,20,13
LOLTMNT01_203705,HLL,15.02,27,191,82,36,44,1,141,9,20,147,5
LOLTMNT04_96204,LFL,15.02,90,5,82,140,111,1,103,36,125,118,14
LOLTMNT01_202740,LVP SL,15.02,169,171,163,139,4,1,57,36,122,80,14
LOLTMNT04_95208,LIT,15.02,141,128,36,103,181,1,27,122,112,83,134
LOLTMNT04_96211,NLC,15.02,5,191,36,103,0,1,125,27,170,1,4
LOLTMNT04_95212,TCL,15.02,163,122,57,170,150,1,60,82,36,14,175
LOLTMNT04_96232,LIT,15.02,90,187,169,82,150,1,57,95,40,191,20
LOLTMNT01_203733,LVP SL,15.02,5,171,36,114,4,0,131,14,23,122,27
LOLTMNT04_96231,LFL,15.02,141,27,128,4,95,1,122,57,191,58,112
LOLTMNT04_96229,EBL,15.02,27,44,107,154,40,0,128,95,170,82,181
LOLTMNT04_96236,LIT,15.02,178,85,94,2,125,0,175,111,59,18,25
LOLTMNT01_202788,LVP SL,15.02,14,131,60,160,118,0,27,112,83,140,152
LOLTMNT04_96237,LFL,15.02,169,56,10,171,15,0,163,178,44,1,124
LOLTMNT04_96239,EBL,15.02,5,27,14,82,90,0,163,125,181,103,137
LOLTMNT04_96244,NLC,15.02,175,10,128,94,40,1,22,131,118,6,145
LOLTMNT04_96246,EBL,15.02,5,169,36,150,82,0,57,27,131,62,103
LOLTMNT04_95224,LFL,15.02,60,27,14,178,118,1,64,124,43,107,13
LOLTMNT01_203763,LVP SL,15.02,57,163,83,103,56,1,27,191,36,82,112
LOLTMNT04_95229,LFL,15.02,128,169,62,49,4,1,122,131,176,112,111
LOLTMNT01_203774,CD,15.02,141,5,62,122,157,0,163,27,83,113,20
LOLTMNT04_96253,LFL,15.02,57,103,52,146,95,0,82,36,54,1,139
LOLTMNT01_203776,CD,15.02,60,169,118,59,49,0,36,171,175,98,82
LOLTMNT01_203781,CD,15.02,13,163,113,82,131,1,111,175,36,139,4
LOLTMNT01_202835,CD,15.02,60,169,1,62,118,0,5,90,24,64,124
LOLTMNT01_202875,LCK,15.02,60,191,27,62,114,1,57,105,36,122,49
LOLTMNT01_202877,LCK,15.02,5,175,40,188,82,0,13,10,20,178,23
LOLTMNT01_202919,LCP,15.02,60,178,36,14,82,0,163,169,171,57,124
LOLTMNT01_203863,LCK,15.02,169,5,62,150,103,1,36,128,114,175,1
LOLTMNT01_203870,LCP,15.02,95,131,56,4,146,0,113,10,20,111,44
LOLTMNT01_203871,LCK,15.02,57,178,14,27,122,0,23,131,136,49,22
LOLTMNT01_202959,LCP,15.02,163,170,40,139,82,0,64,104,27,29,161
LOLTMNT01_203901,LCP,15.02,10,20,125,80,14,0,36,105,56,15,49
LOLTMNT01_203908,HLL,15.02,122,163,60,90,49,1,62,131,103,23,146
LOLTMNT04_96266,TCL,15.02,5,169,62,150,103,1,60,82,176,175,13
LOLTMNT01_203931,HLL,15.02,175,60,160,20,111,1,163,141,43,103,49
LOLTMNT04_95242,TCL,15.02,27,5,82,178,111,1,57,36,122,169,1
LOLTMNT01_203956,HLL,15.02,90,57,171,62,82,0,178,40,5,122,87
LOLTMNT04_95245,TCL,15.02,57,64,104,170,171,0,60,191,181,122,95
LOLTMNT01_203968,HLL,15.02,27,175,13,15,5,1,171,169,22,118,125
LOLTMNT04_96287,LIT,15.02,163,90,122,14,51,0,27,171,5,82,54
LOLTMNT04_96289,NLC,15.02,60,90,49,187,86,1,114,170,171,59,34
LOLTMNT04_96293,TCL,15.02,57,191,36,181,20,1,60,27,82,107,62
LOLTMNT04_96296,EBL,15.02,5,191,163,118,150,0,175,36,82,170,49
LOLTMNT04_96298,NLC,15.02,150,122,139,176,113,1,111,107,62,185,154
LOLTMNT04_95264,LIT,15.02,175,49,36,15,139,0,95,52,103,147,113
LOLTMNT04_95263,EBL,15.02,60,107,58,122,150,0,27,169,13,42,114
LOLTMNT04_95266,NLC,15.02,163,131,103,37,36,0,82,58,191,125,14
LOLTMNT04_96315,LIT,15.02,170,44,59,20,87,0,131,125,146,58,65
LOLTMNT04_95272,EBL,15.02,163,150,103,46,74,1,60,27,20,90,78
LOLTMNT04_96316,LIT,15.02,169,176,118,2,88,0,56,1,124,10,114
LOLTMNT04_96318,LIT,15.02,112,140,83,100,148,1,188,136,45,62,18
LOLTMNT01_204096,LCK,15.02,57,114,14,178,95,1,60,169,13,36,18
LOLTMNT01_205030,LCK,15.02,34,7,181,170,10,0,128,80,62,27,115
LOLTMNT01_204112,LCK,15.02,105,43,27,10,113,1,60,57,62,34,131
11729-11729_game_1,LPL,15.02,60,13,170,82,95,1,57,122,131,27,171
LOLTMNT01_204114,LCK,15.02,169,128,95,181,118,0,40,163,175,13,103
11729-11729_game_2,LPL,15.02,10,175,111,124,161,0,90,58,107,118,129
LOLTMNT02_209518,LCP,15.03,60,178,14,118,62,1,169,111,57,10,20
LOLTMNT04_95277,LFL2,15.02,122,90,36,128,142,0,60,150,53,76,74
11729-11729_game_3,LPL,15.02,163,66,103,155,112,0,125,191,146,140,104
LOLTMNT02_209539,LCP,15.03,64,124,175,1,125,1,141,27,5,93,82
LOLTMNT04_95278,LFL2,15.02,57,163,122,180,29,0,27,191,36,20,112
LOLTMNT01_204165,HW,15.02,60,175,64,171,82,1,57,170,114,147,22
LOLTMNT02_209565,LCP,15.03,163,131,181,162,103,0,95,107,56,40,114
LOLTMNT04_95279,LFL2,15.02,27,62,90,118,114,1,60,36,49,122,191
LOLTMNT01_205091,HW,15.02,90,163,57,191,103,1,60,178,62,1,82
LOLTMNT02_209616,LCP,15.03,60,163,175,111,103,1,10,178,57,118,49
LOLTMNT04_95282,LFL2,15.02,27,191,82,60,10,1,57,163,122,178,49
LOLTMNT01_204189,HW,15.02,49,169,122,112,181,1,171,163,4,6,136
LOLTMNT02_209674,LCP,15.03,128,36,113,1,20,1,5,95,141,34,84
LOLTMNT01_204197,HW,15.02,57,177,54,163,94,0,90,27,82,128,58
LOLTMNT02_209765,LCP,15.03,13,80,56,85,101,1,22,170,14,44,65
LOLTMNT01_205110,HW,15.02,57,114,36,46,111,0,27,122,90,128,181
LOLTMNT04_96333,HW,15.02,60,95,82,52,14,0,90,36,129,118,74
LOLTMNT01_204227,HW,15.02,57,27,122,6,44,0,128,90,181,36,4
LOLTMNT01_204232,HW,15.02,90,14,36,4,175,1,27,178,1,122,30
LOLTMNT01_204273,LCK,15.02,34,60,178,163,2,0,13,169,181,36,103
LOLTMNT01_205157,LCK,15.02,105,57,62,56,82,1,5,27,83,10,20
LOLTMNT01_204280,LCK,15.02,128,90,59,155,18,1,40,175,146,86,187
LOLTMNT01_204281,LCK,15.02,131,23,111,132,112,0,114,150,43,9,122
11730-11730_game_1,LPL,15.02,60,107,111,103,176,0,57,169,62,118,5
LOLTMNT02_207868,LCP,15.03,175,13,57,93,82,0,178,10,114,49,20
11730-11730_game_2,LPL,15.02,105,125,82,95,49,1,56,191,85,188,115
LOLTMNT04_95291,LFL2,15.02,60,163,118,113,1,0,90,27,171,42,122
LOLTMNT02_210459,LCP,15.03,60,62,169,122,2,1,112,36,170,4,1
11730-11730_game_3,LPL,15.02,13,22,178,20,23,1,27,171,113,139,104
LOLTMNT04_96344,LFL2,15.02,52,22,125,4,146,1,60,163,6,82,150
LOLTMNT01_204310,HW,15.02,90,22,29,124,51,0,175,27,147,5,103
11730-11730_game_4,LPL,15.02,64,124,71,80,129,1,163,175,122,90,78
LOLTMNT02_207916,LCP,15.03,141,125,14,62,34,1,163,5,83,157,122
LOLTMNT04_95297,LFL2,15.02,13,82,187,107,44,0,62,57,169,122,1
LOLTMNT01_204323,HW,15.02,175,60,1,59,86,1,36,169,5,147,118
11730-11730_game_5,LPL,15.02,40,59,170,34,150,0,114,36,65,83,155
LOLTMNT02_207935,LCP,15.03,13,107,95,103,23,1,113,36,111,82,43
LOLTMNT04_95299,LFL2,15.02,27,90,128,57,20,1,163,122,74,51,147
LOLTMNT01_204333,HW,15.02,57,90,36,147,122,1,27,54,112,49,4
LOLTMNT02_210527,LCP,15.03,27,178,161,124,93,1,1,175,56,114,187
LOLTMNT01_205238,HW,15.02,163,60,90,118,13,1,36,122,129,54,69
LOLTMNT01_205252,HW,15.02,57,131,62,118,14,1,90,36,82,49,175
LOLTMNT02_211045,LTA S,15.03,141,5,93,36,15,1,163,27,191,122,25
LOLTMNT01_205260,HW,15.02,175,60,64,124,13,0,57,128,169,176,18
LOLTMNT02_211085,LTA S,15.03,10,131,20,125,146,1,90,171,58,118,110
LOLTMNT01_204380,HW,15.02,36,114,52,4,14,1,60,62,175,122,150
LOLTMNT02_210665,LTA S,15.03,113,176,4,44,13,1,22,169,104,40,0
LOLTMNT01_204389,HW,15.02,131,128,181,36,15,0,57,169,24,122,62
LOLTMNT02_210695,LTA S,15.03,60,22,90,27,20,0,36,46,178,1,118
LOLTMNT02_211159,LTA S,15.03,57,191,125,187,82,0,5,131,93,62,122
LOLTMNT02_211189,LTA S,15.03,128,181,59,52,113,1,0,175,103,14,95
LOLTMNT02_210749,LTA N,15.03,163,128,178,150,103,1,5,27,90,122,111
LOLTMNT02_211213,LTA N,15.03,60,2,36,4,175,0,57,14,62,118,173
LOLTMNT02_210778,LTA S,15.03,141,93,36,118,56,1,60,10,181,19,104
LOLTMNT02_211224,LTA N,15.03,60,141,27,13,15,0,114,163,49,178,145
LOLTMNT02_210813,LTA N,15.03,181,83,82,36,42,1,131,146,62,34,23
LOLTMNT02_210822,LTA N,15.03,141,60,14,124,10,0,27,169,24,5,104
LOLTMNT01_204429,LCKC,15.02,64,104,178,13,57,0,169,124,163,5,146
LOLTMNT02_210881,PCS,15.03,60,178,34,10,111,1,57,105,122,163,43
LOLTMNT01_204430,LCKC,15.02,14,114,175,27,56,0,181,131,62,118,71
11731-11731_game_1,LPL,15.02,128,36,82,56,14,0,57,163,122,178,78
LOLTMNT02_211310,PCS,15.03,64,124,169,125,2,0,56,27,170,150,18
LOLTMNT02_210893,PCS,15.03,60,178,13,27,114,0,5,170,14,36,90
LOLTMNT01_204441,LCKC,15.02,64,14,10,56,161,1,60,124,178,36,13
11731-11731_game_2,LPL,15.02,169,150,10,90,20,0,13,175,5,58,15
LOLTMNT02_210907,PCS,15.03,169,161,150,62,4,0,128,93,107,176,103
11731-11731_game_3,LPL,15.02,181,188,103,112,170,1,95,105,142,34,134
LOLTMNT01_205323,LCKC,15.02,169,125,114,59,1,1,170,5,176,34,8
LOLTMNT02_210941,PCS,15.03,128,107,111,36,65,1,27,169,2,57,133
LOLTMNT01_204444,LCKC,15.02,57,113,150,142,122,0,128,175,40,132,80
11731-11731_game_4,LPL,15.02,86,187,40,23,131,1,113,59,154,161,111
LOLTMNT02_211380,PCS,15.03,60,14,95,175,40,0,163,34,56,113,150
LOLTMNT01_204475,NEXO,15.02,60,141,36,13,114,1,23,54,164,14,86
LOLTMNT01_205363,NEXO,15.02,90,36,57,166,82,1,60,14,62,131,122
LOLTMNT01_205377,NEXO,15.02,27,13,5,103,178,0,163,57,122,49,170
LOLTMNT01_205378,NEXO,15.02,163,175,173,20,49,1,60,27,6,103,147
LOLTMNT01_204500,NEXO,15.02,36,171,82,54,0,0,90,9,147,170,20
LOLTMNT01_204499,NEXO,15.02,27,90,13,82,114,1,1,169,57,95,4
LOLTMNT01_205418,LCKC,15.02,169,5,58,171,118,1,60,163,124,107,146
LOLTMNT01_205419,LCKC,15.02,128,95,122,170,1,1,10,131,57,82,111
LOLTMNT02_211639,PCS,15.03,60,93,36,131,104,1,56,27,40,175,115
11732-11732_game_1,LPL,15.02,57,95,122,171,178,1,27,163,131,20,175
LOLTMNT01_204537,LCKC,15.02,36,14,114,178,90,1,175,187,150,4,125
LOLTMNT02_211647,PCS,15.03,161,169,95,122,1,1,128,10,170,34,129
11732-11732_game_2,LPL,15.02,128,170,14,36,82,0,40,107,2,10,103
LOLTMNT02_212232,PCS,15.03,60,105,27,62,82,0,13,170,36,161,122
LOLTMNT01_205434,LCKC,15.02,5,178,40,187,86,0,169,13,57,176,118
LOLTMNT02_212248,PCS,15.03,128,80,163,103,78,1,178,95,14,40,4
11732-11732_game_3,LPL,15.02,60,113,13,22,87,0,5,191,4,150,62
LOLTMNT01_204549,LCKC,15.02,60,36,114,1,113,0,128,27,131,95,103
LOLTMNT02_211694,PCS,15.03,191,181,125,140,20,1,83,57,5,90,187
LOLTMNT02_212319,HLL,15.03,163,169,60,122,150,0,36,131,23,82,147
LOLTMNT02_211781,HLL,15.03,163,103,13,175,23,1,27,122,5,111,90
LOLTMNT02_211806,HLL,15.03,5,163,90,56,82,1,125,191,155,124,42
LOLTMNT02_212380,RL,15.03,163,57,49,103,175,1,82,90,36,27,128
LOLTMNT02_211844,RL,15.03,171,113,5,176,118,1,122,188,60,95,107
LOLTMNT02_212417,HLL,15.03,141,5,122,145,40,1,60,175,82,163,14
LOLTMNT05_110286,PRM,15.03,27,191,5,188,103,0,163,170,122,171,134
LOLTMNT02_211847,LVP SL,15.03,27,83,82,95,125,0,60,191,181,36,20
LOLTMNT02_212459,LVP SL,15.03,14,25,122,176,170,1,139,111,175,4,59
LOLTMNT05_109183,PRM,15.03,60,175,36,14,118,0,64,114,83,112,146
LOLTMNT02_211873,ROL,15.03,171,122,62,175,43,1,36,60,49,115,52
LOLTMNT02_212477,RL,15.03,93,62,82,72,88,1,191,36,122,27,50
LOLTMNT02_212496,LVP SL,15.03,141,163,56,103,147,1,14,60,52,122,27
LOLTMNT05_109190,PRM,15.03,14,169,163,40,122,1,128,27,175,171,15
LOLTMNT02_212506,ROL,15.03,90,163,87,114,103,1,131,49,5,27,101
LOLTMNT02_211916,ROL,15.03,57,191,27,189,140,1,5,90,16,133,111
LOLTMNT02_211921,LPLOL,15.03,60,175,93,36,20,0,90,163,172,134,65
LOLTMNT02_212513,RL,15.03,5,58,34,110,65,1,141,174,10,113,171
LOLTMNT02_212516,LVP SL,15.03,5,178,111,22,20,0,169,36,78,23,118
LOLTMNT05_110303,PRM,15.03,60,90,58,24,34,0,22,5,49,109,82
LOLTMNT02_211937,ROL,15.03,13,155,113,38,20,1,40,59,178,103,125
LOLTMNT02_212531,LPLOL,15.03,60,36,82,74,84,0,13,122,62,169,71
LOLTMNT02_212533,ROL,15.03,169,60,62,86,147,0,191,36,112,4,14
LOLTMNT02_211961,LPLOL,15.03,90,163,65,20,134,0,27,175,122,146,23
LOLTMNT02_211975,LPLOL,15.03,122,107,13,58,112,0,27,90,14,124,169
LOLTMNT02_211980,LPLOL,15.03,141,60,187,20,14,0,90,163,13,103,134
LOLTMNT02_212651,LCK,15.03,5,163,14,90,20,0,57,131,13,103,62
LOLTMNT02_212664,PCS,15.03,60,169,163,1,34,1,161,113,150,10,104
LOLTMNT02_212665,LCK,15.03,169,60,1,59,82,0,128,181,114,95,4
11733-11733_game_1,LPL,15.02,64,104,5,131,150,0,57,95,114,122,1
LOLTMNT02_212667,PCS,15.03,128,178,36,145,82,0,13,175,62,139,115
LOLTMNT02_213066,LCK,15.03,105,125,187,155,122,0,27,36,83,112,118
11733-11733_game_2,LPL,15.02,27,105,181,44,90,1,191,125,142,36,103
LOLTMNT02_212683,PCS,15.03,57,169,150,27,82,0,13,64,113,5,136
LOLTMNT02_213088,PCS,15.03,56,171,36,103,170,1,163,34,44,181,131
11733-11733_game_3,LPL,15.02,13,175,43,82,58,0,40,56,169,188,4
LOLTMNT02_213102,PCS,15.03,14,114,175,176,112,1,2,178,62,4,38
11733-11733_game_4,LPL,15.02,178,59,20,139,111,1,80,10,34,23,147
11733-11733_game_5,LPL,15.02,60,176,18,157,83,0,128,118,62,146,173
LOLTMNT02_213130,HLL,15.03,141,163,122,57,49,1,5,131,20,187,150
LOLTMNT05_110327,TCL,15.03,141,82,95,175,13,1,57,36,20,83,40
LOLTMNT02_212769,HLL,15.03,93,131,23,163,82,0,122,14,125,52,176
LOLTMNT05_110331,TCL,15.03,131,5,36,13,20,1,163,90,125,122,14
LOLTMNT02_212789,HLL,15.03,93,80,4,164,25,0,122,107,13,32,7
LOLTMNT02_213179,RL,15.03,171,62,122,169,125,0,36,82,113,49,43
LOLTMNT01_204649,HW,15.02,122,175,58,171,5,1,163,169,114,13,125
LOLTMNT05_109324,TCL,15.03,27,60,122,131,146,0,36,128,169,20,24
LOLTMNT02_212814,HLL,15.03,163,175,5,118,171,0,90,36,125,82,87
LOLTMNT02_212813,RL,15.03,27,173,118,175,145,1,29,180,5,59,154
LOLTMNT05_109326,PRM,15.03,60,169,62,103,111,1,191,36,82,90,142
LOLTMNT04_96408,LFL,15.02,57,176,118,175,40,0,169,62,128,82,150
LOLTMNT01_205538,HW,15.02,57,188,175,111,4,0,5,122,62,107,14
LOLTMNT05_110346,NLC,15.03,49,90,5,176,4,1,27,131,125,118,166
LOLTMNT05_110351,TCL,15.03,5,36,122,113,150,0,169,27,128,82,111
LOLTMNT05_109352,PRM,15.03,141,10,20,112,14,0,122,59,83,49,114
LOLTMNT05_110356,EBL,15.03,5,131,14,82,95,0,125,90,147,118,62
LOLTMNT04_96410,LFL,15.02,60,122,163,146,170,0,36,178,43,14,124
LOLTMNT01_204663,HW,15.02,141,58,4,128,49,0,52,163,20,14,23
LOLTMNT02_212853,RL,15.03,90,171,36,170,82,1,169,163,111,122,139
LOLTMNT05_109358,NLC,15.03,93,169,128,103,42,1,150,113,139,122,187
LOLTMNT05_110375,PRM,15.03,60,107,82,27,14,0,163,169,5,124,171
LOLTMNT05_110376,EBL,15.03,5,36,107,49,82,1,90,163,60,103,150
LOLTMNT04_96411,LFL,15.02,5,36,82,6,14,1,175,128,62,122,13
LOLTMNT01_204674,HW,15.02,27,83,60,114,150,0,163,131,23,122,166
LOLTMNT02_213266,LPLOL,15.03,93,54,142,82,57,0,10,178,171,114,53
LOLTMNT02_213270,RL,15.03,112,80,62,4,25,1,27,175,118,181,150
LOLTMNT05_109372,NLC,15.03,171,59,178,94,112,0,163,40,175,86,46
LOLTMNT05_110377,PRM,15.03,57,36,175,111,20,1,10,178,56,122,78
LOLTMNT04_95368,LFL,15.02,60,64,124,111,178,0,43,163,191,103,166
LOLTMNT05_110379,EBL,15.03,163,170,103,44,146,1,27,141,20,56,7
LOLTMNT05_109381,NLC,15.03,62,107,111,98,15,0,22,43,54,33,65
LOLTMNT05_109383,LPLOL,15.03,163,169,146,43,124,1,90,27,40,125,122
LOLTMNT02_212945,LPLOL,15.03,90,36,49,103,57,1,10,14,178,94,5
LOLTMNT02_213338,LPLOL,15.03,90,10,65,57,49,0,22,83,103,125,186
LOLTMNT02_212958,LPLOL,15.03,163,52,126,166,154,1,141,36,60,93,124
LOLTMNT02_214006,LCK,15.03,57,178,14,36,4,1,169,13,62,5,115
LOLTMNT02_214014,LCK,15.03,128,171,175,58,114,1,10,60,191,49,82
11734-11734_game_1,LPL,15.02,128,107,27,176,122,0,13,5,178,118,62
LOLTMNT02_214018,LCK,15.03,163,146,43,113,105,1,131,95,93,51,78
LOLTMNT02_214038,LCP,15.03,60,131,14,62,4,0,13,175,5,163,124
11734-11734_game_2,LPL,15.02,181,191,103,58,23,0,82,95,105,44,113
LOLTMNT02_213440,LCK,15.03,22,56,65,1,170,1,27,34,0,29,180
LOLTMNT02_213465,LCP,15.03,93,169,57,95,82,1,22,34,114,80,171
11734-11734_game_3,LPL,15.02,170,161,129,36,65,1,56,9,154,14,131
LOLTMNT02_214059,LCK,15.03,64,124,150,6,110,1,32,141,144,190,2
LOLTMNT02_216021,LCP,15.03,141,128,27,22,34,1,62,178,118,139,14
LOLTMNT02_216058,LCP,15.03,60,95,131,150,115,0,57,163,124,29,181
LOLTMNT02_215067,HLL,15.03,163,122,25,171,113,0,27,60,4,111,107
LOLTMNT02_216109,HLL,15.03,169,128,122,36,49,0,178,155,40,124,65
LOLTMNT02_215101,TCL,15.03,57,163,90,49,122,1,5,36,82,13,178
LOLTMNT02_215152,HLL,15.03,27,5,122,114,150,1,60,13,169,82,62
LOLTMNT05_111072,TCL,15.03,163,5,104,90,14,1,128,64,169,150,122
LOLTMNT01_206018,HW,15.02,90,125,95,150,4,1,5,64,122,178,24
LOLTMNT02_215185,LVP SL,15.03,169,36,122,1,125,0,163,170,4,14,112
LOLTMNT04_95372,LFL,15.02,57,191,95,114,4,1,27,60,82,178,111
LOLTMNT01_206023,HW,15.02,90,10,20,147,125,1,36,122,169,49,128
LOLTMNT05_111092,NLC,15.03,36,113,173,53,111,1,62,5,175,118,13
LOLTMNT05_111098,LIT,15.03,27,83,62,23,118,0,191,36,82,139,150
LOLTMNT02_216191,HLL,15.03,163,178,49,86,23,1,141,36,147,118,110
LOLTMNT05_112082,TCL,15.03,5,169,13,176,103,1,27,131,125,118,14
LOLTMNT02_215218,LVP SL,15.03,27,105,82,128,181,1,178,111,118,58,25
LOLTMNT05_111110,NLC,15.03,90,163,57,93,178,0,54,59,139,147,20
LOLTMNT05_112099,EBL,15.03,163,128,178,4,147,1,95,170,122,139,111
LOLTMNT04_95375,LFL,15.02,64,128,122,175,171,1,36,113,150,118,112
LOLTMNT02_215223,ROL,15.03,163,52,171,4,23,0,169,155,49,60,40
LOLTMNT05_112105,TCL,15.03,60,82,147,62,107,0,57,93,131,36,20
LOLTMNT05_111122,LIT,15.03,57,178,32,165,114,0,170,95,122,25,49
LOLTMNT01_206027,HW,15.02,178,36,111,42,124,0,57,64,170,2,103
LOLTMNT02_216242,LVP SL,15.03,60,131,150,103,176,1,139,175,49,62,20
LOLTMNT05_112115,EBL,15.03,57,128,131,36,122,1,27,175,14,139,118
LOLTMNT05_111133,NLC,15.03,93,163,114,90,72,1,60,191,36,171,65
LOLTMNT04_95376,LFL,15.02,169,10,20,56,40,0,62,103,107,2,139
LOLTMNT02_216250,ROL,15.03,13,181,131,36,118,0,5,27,147,54,20
LOLTMNT02_215266,LPLOL,15.03,93,169,95,118,139,1,27,170,49,122,30
LOLTMNT02_215280,ROL,15.03,147,36,82,178,60,1,27,122,171,169,25
LOLTMNT01_205594,HW,15.02,36,99,5,103,51,0,62,169,122,139,1
LOLTMNT05_112128,LIT,15.03,60,74,59,2,148,0,112,29,103,187,155
LOLTMNT02_215283,LVP SL,15.03,5,131,181,93,122,1,60,169,2,62,113
LOLTMNT05_112131,NLC,15.03,141,57,103,160,14,1,83,122,147,59,112
LOLTMNT05_112129,EBL,15.03,163,150,103,147,110,0,27,170,13,118,134
LOLTMNT04_97015,LFL,15.02,27,131,128,176,118,1,191,5,36,122,49
LOLTMNT02_216296,ROL,15.03,163,90,139,13,185,0,54,140,111,112,40
LOLTMNT02_215321,LVP SL,15.03,10,40,118,178,111,0,128,59,103,170,146
LOLTMNT05_112137,NLC,15.03,131,118,176,177,23,1,43,111,178,10,133
LOLTMNT02_215325,LPLOL,15.03,93,43,62,90,118,0,60,169,40,176,82
LOLTMNT04_97017,LFL,15.02,60,82,95,14,114,0,62,13,4,56,170
LOLTMNT02_215353,LPLOL,15.03,13,176,191,181,18,0,59,175,86,30,1
LOLTMNT02_215368,LPLOL,15.03,141,171,57,95,122,1,175,27,25,181,87
LOLTMNT01_206050,LCKC,15.02,57,105,10,82,128,1,60,163,131,14,122
LOLTMNT01_205614,LCKC,15.02,169,13,62,113,56,1,178,36,146,103,44
11735-11735_game_1,LPL,15.02,60,191,27,122,142,0,128,131,181,10,20
LOLTMNT01_206054,LCKC,15.02,5,150,170,59,86,0,175,27,23,118,1
11735-11735_game_2,LPL,15.02,57,105,82,58,112,1,163,178,118,2,43
LOLTMNT02_216452,LCP,15.03,10,169,104,139,146,0,5,163,103,131,14
LOLTMNT01_206059,LCKC,15.02,40,74,125,22,20,0,65,90,181,176,83
LOLTMNT02_216463,LCP,15.03,60,95,80,118,49,1,170,27,125,122,2
11735-11735_game_3,LPL,15.02,107,56,146,160,34,1,13,169,36,40,113
11735-11735_game_4,LPL,15.02,95,170,1,114,133,0,90,59,86,129,80
LOLTMNT02_215487,LCP,15.03,14,60,178,62,103,1,57,113,93,36,4
11735-11735_game_5,LPL,15.02,23,62,103,83,150,1,0,175,176,152,147
LOLTMNT02_216518,LCP,15.03,169,163,177,161,82,1,171,131,5,32,20
LOLTMNT02_215538,LCP,15.03,118,176,44,40,74,1,27,107,13,122,43
LOLTMNT02_215532,HLL,15.03,27,52,110,24,122,0,60,32,103,170,78
LOLTMNT05_111299,TCL,15.03,57,163,90,20,14,0,131,60,36,82,181
LOLTMNT02_215587,HLL,15.03,5,36,103,65,173,0,122,27,169,128,125
LOLTMNT05_111323,TCL,15.03,57,93,178,27,103,0,5,36,80,122,129
LOLTMNT02_215637,HLL,15.03,170,150,60,4,155,1,93,175,44,82,59
LOLTMNT05_112295,AL,15.03,60,190,113,62,122,0,36,171,5,178,4
LOLTMNT05_112293,AL,15.03,13,80,58,114,90,0,36,171,175,118,139
LOLTMNT05_112294,AL,15.03,27,131,60,103,181,1,5,122,83,59,14
LOLTMNT05_112297,TCL,15.03,5,191,36,103,57,0,163,169,128,82,1
LOLTMNT04_97022,LFL,15.02,57,90,36,103,60,1,128,27,169,118,62
LOLTMNT05_111350,NLC,15.03,36,82,52,147,114,0,155,90,20,14,42
LOLTMNT02_215669,HLL,15.03,141,60,62,82,171,0,163,169,150,57,4
LOLTMNT01_207004,HW,15.02,27,57,82,188,175,0,163,5,111,114,131
LOLTMNT05_111362,AL,15.03,93,62,6,20,43,0,90,2,36,82,110
LOLTMNT05_112310,AL,15.03,44,176,20,54,2,0,163,178,65,150,25
LOLTMNT05_112301,LIT,15.03,141,122,112,95,49,0,83,60,82,64,142
LOLTMNT05_111360,AL,15.03,27,111,107,125,103,1,90,59,20,51,46
LOLTMNT05_112312,TCL,15.03,60,29,36,4,64,1,27,191,43,122,95
LOLTMNT04_98001,LFL,15.02,163,2,56,178,82,1,111,107,95,122,43
LOLTMNT05_111371,NLC,15.03,163,191,122,171,43,0,113,187,93,86,139
LOLTMNT05_112320,LIT,15.03,27,25,175,124,13,1,139,36,6,103,171
LOLTMNT01_206075,HW,15.02,163,112,46,103,181,0,5,36,91,82,1
LOLTMNT04_97023,LFL,15.02,131,188,181,112,113,0,44,175,13,140,20
LOLTMNT02_216630,LPLOL,15.03,90,125,57,191,95,1,5,14,10,175,20
LOLTMNT05_112327,NLC,15.03,131,56,177,176,118,1,54,59,117,189,94
LOLTMNT05_112334,LIT,15.03,57,131,62,118,161,0,163,90,147,169,128
LOLTMNT05_111376,AL,15.03,60,93,36,20,178,0,181,90,128,62,118
LOLTMNT04_97025,LFL,15.02,5,169,64,49,118,1,131,56,27,124,1
LOLTMNT05_111396,NLC,15.03,111,170,44,140,15,1,10,107,25,49,4
LOLTMNT02_216664,LPLOL,15.03,90,125,114,164,111,1,5,178,20,176,171
LOLTMNT05_112342,AL,15.03,27,191,163,25,114,0,169,13,82,139,140
LOLTMNT05_111398,LIT,15.03,59,54,65,42,104,1,191,86,187,114,155
LOLTMNT04_97026,LFL,15.02,36,43,175,24,122,0,178,82,14,23,164
LOLTMNT02_216723,LPLOL,15.03,60,163,150,80,34,1,27,125,107,86,40
LOLTMNT05_112346,AL,15.03,112,171,175,187,124,0,43,10,122,170,14
LOLTMNT05_112348,LIT,15.03,22,14,52,113,20,1,111,58,178,43,15
LOLTMNT02_215839,LPLOL,15.03,60,107,111,18,58,0,42,49,19,132,139
LOLTMNT02_216765,LPLOL,15.03,154,125,59,107,1,0,60,139,191,95,103
LOLTMNT02_215947,LCK,15.03,141,5,1,36,114,1,64,128,90,27,103
LOLTMNT02_215958,LCK,15.03,181,131,62,41,4,0,83,56,176,113,118
LOLTMNT02_216864,LCK,15.03,40,107,136,140,71,1,175,23,188,189,0
LOLTMNT02_216888,LCK,15.03,43,163,82,78,170,1,146,80,14,152,9
11736-11736_game_1,LPL,15.02,64,169,146,23,103,0,104,163,5,170,40
LOLTMNT02_216943,LCP,15.03,10,20,14,175,112,0,128,178,36,82,150
11736-11736_game_2,LPL,15.02,191,10,20,187,43,0,82,27,105,188,56
LOLTMNT05_112361,LFL2,15.03,52,82,5,36,46,1,141,122,13,32,42
11736-11736_game_3,LPL,15.02,107,1,118,161,59,0,13,36,4,80,129
LOLTMNT02_217067,LCP,15.03,163,57,113,136,1,0,95,5,131,34,146
LOLTMNT05_111455,LFL2,15.03,90,40,163,20,142,1,128,169,36,82,49
LOLTMNT02_217112,LCP,15.03,163,40,34,170,57,1,128,169,181,22,65
LOLTMNT02_217096,RL,15.03,141,163,122,1,112,0,59,52,154,49,5
LOLTMNT02_217118,LFL2,15.03,57,169,2,187,103,0,191,181,27,122,88
LOLTMNT02_218013,LCP,15.03,60,80,111,124,187,0,13,178,5,118,59
LOLTMNT02_218022,RL,15.03,27,170,103,171,44,1,36,82,57,131,146
LOLTMNT01_206088,HW,15.02,90,36,46,57,88,0,27,131,181,134,177
LOLTMNT05_111489,LFL2,15.03,171,64,124,178,125,0,52,122,60,176,2
LOLTMNT02_218056,RL,15.03,128,107,111,58,118,0,10,175,40,139,86
LOLTMNT01_207017,HW,15.02,36,131,181,49,114,1,171,170,122,146,5
LOLTMNT05_111524,LEC,15.03,5,169,62,14,34,1,60,36,175,1,82
LOLTMNT05_112394,LEC,15.03,27,4,191,181,180,0,122,90,163,43,142
LOLTMNT05_112400,LEC,15.03,64,113,124,14,174,1,5,169,163,104,1
LOLTMNT02_217276,LTA,15.03,60,131,181,10,118,1,163,191,27,13,122
LOLTMNT05_112410,LEC,15.03,141,93,57,40,56,0,86,178,140,13,90
LOLTMNT02_217290,LTA,15.03,5,14,36,4,52,0,150,169,62,113,56
LOLTMNT02_218183,LTA,15.03,5,90,36,150,122,0,163,131,93,173,118
LOLTMNT02_217322,LTA,15.03,10,105,20,14,43,0,27,60,83,115,58
LOLTMNT02_217358,LCK,15.03,60,169,13,27,4,0,181,131,62,43,118
LOLTMNT02_217366,LCK,15.03,57,175,163,112,122,1,40,36,178,128,20
LOLTMNT02_217372,LCK,15.03,14,90,56,58,115,1,93,82,83,95,41
LOLTMNT02_217385,LCK,15.03,5,66,23,10,142,1,191,125,176,38,136
11737-11737_game_1,LPL,15.02,64,57,124,110,111,1,10,60,133,178,14
LOLTMNT02_218314,LCK,15.03,105,114,187,0,1,1,146,113,170,160,71
LOLTMNT02_218337,LCP,15.03,64,169,124,93,112,1,128,131,181,95,103
11737-11737_game_2,LPL,15.02,181,131,56,176,86,0,13,43,169,118,36
LOLTMNT02_217417,LCP,15.03,141,62,27,161,44,1,107,163,111,4,134
11737-11737_game_3,LPL,15.02,161,175,129,32,103,0,163,0,105,49,122
LOLTMNT05_112436,LFL2,15.03,93,57,169,82,95,1,122,105,5,62,13
LOLTMNT05_112439,LFL2,15.03,36,125,105,57,118,0,5,163,74,20,44
LOLTMNT02_218378,LCP,15.03,141,128,163,14,122,1,27,57,19,103,95
LOLTMNT02_217449,RL,15.03,90,27,122,62,56,1,36,131,118,57,142
LOLTMNT05_111578,LFL2,15.03,90,163,122,93,42,1,13,27,5,4,0
LOLTMNT02_218391,LCP,15.03,107,10,5,8,129,1,62,178,161,34,150
LOLTMNT02_218405,RL,15.03,60,114,13,160,156,1,82,43,59,113,172
LOLTMNT02_218414,LCP,15.03,13,113,44,59,114,1,36,80,65,90,82
LOLTMNT05_111583,LFL2,15.03,27,169,62,13,82,1,191,36,49,60,20
LOLTMNT05_112477,AL,15.03,141,155,57,118,13,1,36,60,191,122,142
LOLTMNT05_111599,AL,15.03,27,131,57,181,4,1,90,93,178,140,88
LOLTMNT05_111609,AL,15.03,27,38,111,131,103,1,90,128,57,62,122
LOLTMNT05_112486,AL,15.03,114,155,1,82,107,0,57,36,90,147,118
LOLTMNT05_112511,AL,15.03,27,82,161,40,43,1,111,107,59,90,4
LOLTMNT05_111622,AL,15.03,60,150,122,107,58,0,64,171,124,175,23
LOLTMNT05_111628,AL,15.03,36,107,13,112,34,1,163,14,170,113,20
LOLTMNT05_111630,AL,15.03,27,66,163,5,103,1,44,176,51,60,152
LOLTMNT05_112512,LEC,15.03,191,60,122,14,64,1,5,170,13,27,118
LOLTMNT05_112514,LEC,15.03,90,155,163,128,124,0,181,131,36,103,65
LOLTMNT05_111638,AL,15.03,93,125,169,142,114,0,49,139,175,82,140
LOLTMNT05_112521,LEC,15.03,5,14,64,169,20,1,60,175,122,27,49
LOLTMNT02_217563,LTA,15.03,60,191,27,49,122,1,141,36,82,13,110
LOLTMNT02_218535,LTA,15.03,131,62,1,103,56,0,5,150,169,114,176
LOLTMNT05_112538,LEC,15.03,171,131,118,140,56,0,163,191,103,40,43
LOLTMNT02_218541,LTA,15.03,163,5,131,14,34,0,128,36,178,113,188
LOLTMNT02_218561,LTA,15.03,169,10,20,13,41,1,114,150,62,56,118
LOLTMNT02_218569,LTA,15.03,141,24,122,176,136,1,52,181,23,103,58
LOLTMNT02_217647,LCKC,15.03,60,36,82,178,146,0,128,169,181,118,176
LOLTMNT02_217660,LCKC,15.03,5,1,175,62,103,1,13,27,23,4,83
LOLTMNT02_218622,LCKC,15.03,131,56,171,58,34,1,163,105,122,139,14
LOLTMNT02_217686,LCKC,15.03,43,142,90,49,115,1,10,40,74,161,113
LOLTMNT02_218656,LCKC,15.03,141,150,125,59,86,1,64,52,110,24,18
LOLTMNT02_218658,PCS,15.03,64,124,13,175,5,1,57,169,87,10,20
LOLTMNT02_218664,PCS,15.03,60,113,27,103,146,0,56,95,122,90,49
LOLTMNT02_217741,LCKC,15.03,5,163,114,23,40,1,57,131,14,36,82
LOLTMNT02_218691,PCS,15.03,64,107,128,104,168,1,10,57,13,131,178
LOLTMNT02_217755,LCKC,15.03,169,176,118,13,71,0,141,95,122,56,147
LOLTMNT02_218711,PCS,15.03,60,155,170,49,103,0,5,169,62,111,122
LOLTMNT02_217792,LCKC,15.03,128,175,150,187,4,1,27,161,170,103,129
LOLTMNT02_218728,PCS,15.03,57,188,169,60,4,1,128,107,111,36,114
LOLTMNT02_218753,PCS,15.03,27,141,125,49,18,1,5,163,178,171,20
LOLTMNT02_218751,LCKC,15.03,43,10,178,190,15,1,60,59,146,20,185
LOLTMNT02_217846,PCS,15.03,161,131,62,34,157,1,191,181,10,82,110
LOLTMNT05_112579,AL,15.03,27,128,122,49,178,0,60,90,36,93,82
LOLTMNT05_112584,AL,15.03,27,90,57,122,150,0,171,36,178,38,103
LOLTMNT05_111699,AL,15.03,90,155,118,80,49,0,36,60,82,175,150
LOLTMNT05_111694,AL,15.03,141,93,139,140,86,0,27,60,66,122,187
LOLTMNT05_112597,AL,15.03,5,111,175,145,132,0,169,60,62,118,1
LOLTMNT05_111720,AL,15.03,163,57,54,40,118,1,140,171,139,175,154
LOLTMNT02_218881,NEXO,15.03,13,90,27,118,125,0,60,175,64,111,124
LOLTMNT05_112599,AL,15.03,114,40,112,59,124,0,111,139,107,62,34
LOLTMNT05_111721,LEC,15.03,169,27,93,60,114,0,113,36,82,13,145
LOLTMNT02_218880,NEXO,15.03,60,164,147,90,101,1,36,173,65,169,146
LOLTMNT05_111727,AL,15.03,36,178,129,82,43,1,57,13,163,6,124
LOLTMNT05_111729,AL,15.03,131,82,14,56,176,0,181,59,4,29,46
LOLTMNT02_218904,NEXO,15.03,141,5,62,114,49,0,60,163,170,122,111
LOLTMNT05_111732,LEC,15.03,141,5,122,1,59,0,90,14,174,86,140
LOLTMNT02_217979,NEXO,15.03,60,131,85,82,171,1,141,10,46,122,145
LOLTMNT05_112611,AL,15.03,113,176,150,65,25,1,111,107,59,20,56
LOLTMNT02_218928,NEXO,15.03,60,181,191,187,86,1,141,128,163,122,142
LOLTMNT05_111735,LEC,15.03,5,90,36,114,150,1,169,60,62,13,20
LOLTMNT02_219014,NEXO,15.03,141,43,155,4,13,1,60,163,169,122,171
LOLTMNT05_111750,LEC,15.03,14,176,118,65,80,0,64,171,124,175,57
LOLTMNT02_220009,LCKC,15.03,57,191,10,43,122,1,60,105,36,27,4
LOLTMNT02_220012,LCKC,15.03,169,114,62,56,14,0,113,163,8,34,0
LOLTMNT02_220020,LCKC,15.03,128,131,181,176,118,1,171,80,112,132,175
LOLTMNT02_219095,LCKC,15.03,65,74,82,58,93,1,178,13,20,142,23
LOLTMNT02_220056,LCKC,15.03,141,57,14,176,122,1,5,169,171,118,58
LOLTMNT02_220055,PCS,15.03,141,60,111,62,103,0,57,27,191,114,176
LOLTMNT02_220070,PCS,15.03,13,43,10,80,122,0,131,56,146,187,118
LOLTMNT02_219158,LCKC,15.03,27,40,178,13,104,1,128,10,20,131,181
LOLTMNT02_220077,LCP,15.03,128,175,95,113,2,0,27,163,29,103,23
LOLTMNT02_220081,PCS,15.03,57,36,169,15,44,0,163,5,113,124,93
LOLTMNT02_220084,LCP,15.03,161,191,10,142,136,1,36,141,82,185,171
LOLTMNT02_219170,LCKC,15.03,175,62,56,103,147,0,36,113,150,4,90
LOLTMNT02_219180,PCS,15.03,128,22,178,146,86,0,27,60,170,34,2
LOLTMNT02_219201,LCP,15.03,34,57,36,40,178,0,5,169,1,95,122
LOLTMNT02_219202,LCKC,15.03,163,43,191,115,2,1,60,95,170,111,15
LOLTMNT02_220139,LCP,15.03,111,175,62,114,125,0,163,107,2,23,124
LOLTMNT02_220143,LCKC,15.03,125,44,180,74,129,1,105,132,112,0,24
LOLTMNT05_111781,AL,15.03,171,38,131,140,103,1,128,169,93,36,4
LOLTMNT02_219331,RL,15.03,141,171,57,22,154,1,178,111,122,128,95
LOLTMNT05_112649,AL,15.03,90,27,5,169,150,1,52,36,60,171,148
LOLTMNT05_111783,AL,15.03,60,171,62,122,175,1,5,36,13,131,114
LOLTMNT05_112654,AL,15.03,90,181,62,118,57,1,163,5,122,170,168
LOLTMNT02_220232,RL,15.03,175,36,14,20,112,0,163,82,147,80,23
LOLTMNT02_220222,NEXO,15.03,60,169,59,20,14,0,141,161,62,122,78
LOLTMNT05_111785,PRM,15.03,141,82,181,188,110,0,191,27,114,122,140
LOLTMNT02_219389,LVP SL,15.03,175,5,14,122,22,1,60,111,178,62,114
LOLTMNT02_219373,NEXO,15.03,60,105,163,114,142,0,141,13,113,36,23
LOLTMNT05_111788,AL,15.03,27,107,111,112,103,0,93,113,129,82,43
LOLTMNT05_112657,AL,15.03,163,57,122,128,170,1,178,62,118,111,110
LOLTMNT05_112659,PRM,15.03,169,1,62,15,57,1,178,111,176,4,139
LOLTMNT02_219437,LVP SL,15.03,169,93,82,146,125,1,36,90,4,13,142
LOLTMNT02_219434,NEXO,15.03,163,128,131,27,20,0,36,90,122,181,142
LOLTMNT02_219421,ROL,15.03,90,64,124,111,175,1,27,122,5,131,147
LOLTMNT02_219429,NEXO,15.03,163,54,5,147,103,0,27,191,125,36,82
LOLTMNT02_219451,RL,15.03,171,62,122,139,178,0,36,82,181,52,0
LOLTMNT02_219468,LVP SL,15.03,171,27,56,107,104,0,131,95,57,49,40
LOLTMNT05_112667,PRM,15.03,90,22,103,16,171,1,60,113,95,152,146
LOLTMNT02_219480,ROL,15.03,36,107,82,56,171,1,163,191,20,125,93
LOLTMNT02_220325,NEXO,15.03,60,107,59,147,82,0,90,27,122,49,175
LOLTMNT02_219479,ROL,15.03,163,191,57,114,20,1,171,169,5,95,122
LOLTMNT05_112671,AL,15.03,36,90,1,115,107,1,57,62,169,118,146
LOLTMNT02_219494,NEXO,15.03,90,57,147,155,152,1,60,170,82,13,9
LOLTMNT02_220343,LVP SL,15.03,27,169,1,114,4,1,60,90,150,122,32
LOLTMNT02_219511,RL,15.03,27,170,60,177,118,1,163,141,43,14,4
LOLTMNT05_111797,PRM,15.03,90,57,62,5,103,0,171,36,139,107,82
LOLTMNT02_219523,ROL,15.03,60,113,62,146,90,1,27,43,29,175,24
LOLTMNT05_111805,AL,15.03,93,25,64,20,175,0,60,163,122,14,80
LOLTMNT02_219522,ROL,15.03,141,14,187,184,57,1,54,59,43,86,129
LOLTMNT02_220358,LVP SL,15.03,5,80,103,59,40,1,125,170,20,13,36
LOLTMNT02_219530,RL,15.03,112,175,103,13,22,0,5,169,20,76,150
LOLTMNT05_111808,PRM,15.03,27,54,2,15,43,1,14,169,60,118,176
LOLTMNT05_112683,AL,15.03,44,53,58,78,170,0,27,82,43,105,140
LOLTMNT02_219545,LVP SL,15.03,82,191,57,62,139,1,178,118,95,171,112
LOLTMNT02_222055,LCK,15.03,181,176,90,103,60,1,169,118,62,158,43
LOLTMNT02_222064,LCK,15.03,5,83,113,20,163,1,40,178,23,36,65
LOLTMNT02_221062,PCS,15.03,141,36,56,34,14,1,163,57,114,178,111
LOLTMNT02_221063,PCS,15.03,13,45,10,82,0,0,60,170,62,103,190
LOLTMNT02_222074,LCK,15.03,57,131,13,58,82,0,128,114,187,170,129
LOLTMNT02_221082,LCP,15.03,60,141,14,10,124,1,5,163,19,114,181
LOLTMNT02_222091,PCS,15.03,93,131,5,187,86,1,60,141,14,10,103
LOLTMNT02_221095,LCP,15.03,161,169,95,171,113,1,13,27,131,118,23
LOLTMNT02_221094,LCK,15.03,105,10,0,146,124,1,27,107,71,136,171
LOLTMNT02_222097,PCS,15.03,13,170,62,4,112,0,57,36,169,122,146
LOLTMNT02_221102,LCP,15.03,57,36,82,40,105,0,58,178,56,136,49
LOLTMNT02_221101,LCK,15.03,175,44,4,93,75,0,56,1,122,95,110
LOLTMNT02_222122,LCP,15.03,60,95,14,83,114,1,5,163,169,122,13
LOLTMNT02_221134,HLL,15.03,122,178,40,23,150,1,169,82,14,155,51
LOLTMNT02_222153,LCP,15.03,161,22,34,170,150,0,191,82,44,58,155
LOLTMNT02_221150,HLL,15.03,90,20,95,181,83,0,93,103,131,57,142
LOLTMNT05_114015,AL,15.03,93,5,163,178,86,0,60,36,14,113,65
LOLTMNT02_221184,RL,15.03,141,27,49,103,56,0,175,40,36,82,0
LOLTMNT05_113017,AL,15.03,36,20,90,43,150,1,62,122,175,139,13
LOLTMNT05_114013,AL,15.03,5,131,163,122,146,1,27,90,181,57,114
LOLTMNT02_222187,HW,15.03,27,107,146,82,43,0,141,90,36,171,110
LOLTMNT05_114026,AL,15.03,36,178,14,38,118,1,62,93,103,170,44
LOLTMNT05_113026,PRM,15.03,36,191,5,181,4,1,93,60,103,83,95
LOLTMNT05_114028,AL,15.03,175,38,122,1,187,1,139,170,49,82,176
LOLTMNT05_113027,LFL,15.03,64,5,14,178,15,0,124,32,60,169,150
LOLTMNT05_113028,NLC,15.03,141,36,57,122,1,1,19,27,103,51,88
LOLTMNT02_222220,HW,15.03,27,175,122,56,172,1,163,90,103,57,2
LOLTMNT05_114030,AL,15.03,93,113,4,140,25,1,82,111,114,95,0
LOLTMNT02_221220,RL,15.03,80,58,34,185,5,1,10,113,86,1,114
LOLTMNT05_114040,AL,15.03,60,147,175,20,59,0,64,13,107,82,0
LOLTMNT05_114042,LFL,15.03,128,62,122,113,2,0,36,82,191,139,40
LOLTMNT05_114041,AL,15.03,27,191,125,10,133,1,181,32,66,43,90
LOLTMNT05_113041,PRM,15.03,169,163,146,115,128,1,178,111,62,114,65
LOLTMNT05_113038,EBL,15.03,5,36,29,112,148,0,27,107,1,122,134
LOLTMNT02_222239,ROL,15.03,13,62,60,103,175,1,36,65,93,57,131
LOLTMNT05_114045,NLC,15.03,163,113,82,13,0,1,169,62,128,40,171
LOLTMNT02_222256,HW,15.03,5,83,60,163,104,1,36,131,114,49,65
LOLTMNT05_113043,AL,15.03,141,155,57,118,49,0,60,163,52,103,168
LOLTMNT02_222278,RL,15.03,36,103,111,175,178,0,90,5,27,62,4
LOLTMNT05_113046,EBL,15.03,5,36,122,175,128,0,27,178,82,171,129
LOLTMNT05_114048,LFL,15.03,27,56,175,146,4,0,95,170,44,118,49
LOLTMNT05_114050,PRM,15.03,170,82,13,155,139,0,175,122,2,187,46
LOLTMNT02_221278,HW,15.03,93,36,44,150,175,0,171,60,187,118,6
LOLTMNT02_221276,ROL,15.03,64,49,107,132,44,0,5,171,95,126,148
LOLTMNT02_222290,ROL,15.03,147,54,27,4,125,0,49,90,36,122,28
LOLTMNT05_113048,AL,15.03,93,36,114,20,131,0,60,163,111,107,86
LOLTMNT05_113050,NLC,15.03,5,76,20,178,145,0,125,131,188,15,180
LOLTMNT02_221289,RL,15.03,141,171,122,155,56,0,93,82,113,58,2
LOLTMNT05_114068,PRM,15.03,14,113,36,57,82,0,93,27,5,178,114
LOLTMNT05_113066,EBL,15.03,113,163,128,78,118,0,90,43,36,27,114
LOLTMNT05_113067,AL,15.03,64,44,115,78,178,0,128,10,150,122,170
LOLTMNT02_221314,ROL,15.03,163,114,13,5,154,0,169,1,62,185,139
LOLTMNT05_113068,NLC,15.03,90,43,160,175,49,1,60,59,146,94,6
LOLTMNT05_114070,EBL,15.03,93,170,8,110,122,1,169,1,59,125,86
LOLTMNT05_114071,PRM,15.03,191,43,58,1,115,0,128,54,155,118,78
LOLTMNT05_114072,NLC,15.03,54,114,187,177,42,1,118,176,93,173,23
LOLTMNT02_222394,LCK,15.03,169,128,181,10,20,0,36,105,40,82,134
LOLTMNT02_222398,LCK,15.03,5,95,103,93,131,0,62,114,178,13,23
LOLTMNT02_222411,LCK,15.03,59,83,27,124,7,1,146,175,118,56,188
LOLTMNT02_222421,LCK,15.03,57,107,58,122,171,0,60,163,4,111,185
LOLTMNT02_222433,LCK,15.03,14,187,184,112,113,1,90,85,101,142,43
LOLTMNT02_221463,HLL,15.03,93,163,60,90,118,1,111,175,36,43,15
LOLTMNT02_221486,HLL,15.03,170,147,103,176,0,0,150,80,122,44,58
LOLTMNT05_114089,AL,15.03,36,90,5,103,13,0,187,57,1,118,178
LOLTMNT05_114091,AL,15.03,60,36,175,147,82,0,90,163,103,13,107
LOLTMNT02_221523,HW,15.03,14,52,4,59,60,0,36,122,150,175,98
LOLTMNT05_114090,AL,15.03,171,131,38,106,118,1,163,178,60,146,53
LOLTMNT02_221534,LVP SL,15.03,27,83,122,25,95,0,139,191,181,4,36
LOLTMNT05_114105,AL,15.03,60,163,169,14,4,0,38,131,32,82,49
LOLTMNT05_113105,LFL,15.03,5,131,62,13,122,1,27,169,128,14,82
LOLTMNT05_114103,NLC,15.03,128,36,122,90,57,1,40,178,4,140,65
LOLTMNT05_114102,AL,15.03,122,171,62,170,139,0,131,4,181,176,46
LOLTMNT05_114099,LIT,15.03,36,169,5,147,122,1,27,131,125,13,82
LOLTMNT05_113112,AL,15.03,111,113,62,4,23,1,107,78,176,82,114
LOLTMNT02_221543,HW,15.03,36,150,4,60,169,1,175,122,147,58,46
LOLTMNT05_114113,LIT,15.03,57,38,191,103,10,0,14,60,54,22,104
LOLTMNT05_113118,LFL,15.03,163,86,56,93,173,1,178,140,44,133,111
LOLTMNT05_113116,EBL,15.03,169,5,103,147,62,1,133,175,125,95,2
LOLTMNT02_222565,ROL,15.03,163,29,60,57,20,1,64,169,5,185,111
LOLTMNT02_221557,LVP SL,15.03,90,150,163,169,133,0,113,14,140,86,46
LOLTMNT05_114115,NLC,15.03,60,52,59,118,147,1,141,5,160,82,14
LOLTMNT02_222586,HW,15.03,141,163,13,115,98,0,90,27,4,83,142
LOLTMNT05_113120,AL,15.03,60,163,178,40,82,1,90,27,113,93,83
LOLTMNT05_113123,LIT,15.03,181,112,114,94,140,0,90,113,150,20,9
LOLTMNT05_114117,EBL,15.03,93,170,103,114,155,1,187,86,80,60,65
LOLTMNT02_221575,LVP SL,15.03,60,107,59,147,118,1,185,111,74,62,82
LOLTMNT02_221574,ROL,15.03,27,150,122,125,1,1,54,95,49,147,30
LOLTMNT05_114118,NLC,15.03,191,103,43,155,49,1,29,58,20,56,139
LOLTMNT05_113127,LFL,15.03,36,49,103,145,113,0,187,60,1,20,107
LOLTMNT02_221572,ROL,15.03,141,60,36,14,103,1,107,111,43,163,152
LOLTMNT02_222600,HW,15.03,60,176,118,150,170,0,169,62,82,112,14
LOLTMNT05_114121,AL,15.03,57,169,150,62,122,1,64,175,139,111,107
LOLTMNT05_114120,EBL,15.03,163,150,56,4,74,1,13,36,82,169,112
LOLTMNT02_222604,LVP SL,15.03,103,19,157,160,152,0,141,171,23,176,20
LOLTMNT05_113128,NLC,15.03,113,83,22,102,112,0,131,62,18,181,136
LOLTMNT02_221589,ROL,15.03,32,131,65,56,113,1,171,76,42,178,118
LOLTMNT02_221593,HW,15.03,60,176,118,129,131,0,62,169,112,1,122
LOLTMNT05_114123,LFL,15.03,59,114,24,112,124,1,139,83,40,176,118
LOLTMNT05_114126,ROL,15.03,178,147,112,176,114,1,175,13,0,62,104
LOLTMNT05_113134,EBL,15.03,93,163,90,4,60,0,27,13,122,175,43
LOLTMNT05_113136,LFL,15.03,57,58,146,65,185,1,22,43,175,2,115
LOLTMNT05_114127,ROL,15.03,93,90,187,126,56,0,82,170,140,129,128
LOLTMNT02_221657,LCP,15.03,27,83,5,62,103,0,60,163,171,114,178
LOLTMNT02_221663,LCP,15.03,128,181,131,59,124,1,57,169,2,10,104
LOLTMNT02_221667,LCP,15.03,13,113,36,44,4,1,95,175,150,56,40
LOLTMNT02_222679,LCP,15.03,191,82,36,57,112,1,128,27,107,118,187
LOLTMNT02_221688,LCP,15.03,60,178,95,93,4,0,5,163,113,49,115
LOLTMNT02_221713,LCP,15.03,141,62,103,181,139,1,171,58,175,114,8
LOLTMNT02_221724,LCP,15.03,64,40,124,0,80,0,169,56,150,59,154
LOLTMNT05_114140,AL,15.03,57,90,62,13,82,1,175,36,5,122,40
LOLTMNT05_113157,AL,15.03,36,2,131,43,122,1,27,14,113,125,34
LOLTMNT05_114142,AL,15.03,141,36,82,2,125,0,163,52,122,171,43
LOLTMNT02_222751,HW,15.03,93,122,169,14,42,1,36,60,175,20,150
LOLTMNT05_114149,AL,15.03,90,57,187,181,115,1,131,51,160,44,118
LOLTMNT05_114148,NLC,15.03,57,103,36,171,178,1,27,169,122,60,1
LOLTMNT05_114147,LIT,15.03,163,60,122,80,104,0,36,5,83,65,38
LOLTMNT05_113166,AL,15.03,60,163,56,4,14,0,43,178,187,118,78
LOLTMNT05_114151,AL,15.03,163,82,5,169,40,1,10,133,139,80,150
LOLTMNT02_221761,HW,15.03,90,62,181,122,125,1,36,131,82,1,110
LOLTMNT05_114154,AL,15.03,38,2,54,76,86,1,131,93,125,103,181
LOLTMNT05_114156,LIT,15.03,141,176,124,93,56,1,82,169,188,139,14
LOLTMNT05_114155,NLC,15.03,163,191,82,142,56,1,160,90,43,54,111
LOLTMNT02_221772,HW,15.03,141,146,122,95,0,1,90,1,114,140,86
LOLTMNT05_114163,LIT,15.03,10,191,181,125,103,1,59,170,86,2,110
LOLTMNT03_199277,LPLOL,15.04,60,95,169,118,1,1,90,27,20,178,150
LOLTMNT02_221778,HW,15.03,90,142,175,171,118,1,131,36,128,27,103
LOLTMNT05_113177,NLC,15.03,5,62,175,4,49,1,59,141,118,136,147
LOLTMNT05_114165,AL,15.03,141,122,14,140,113,1,163,52,82,49,25
LOLTMNT03_200297,LPLOL,15.04,22,175,93,122,112,1,58,191,40,103,134
LOLTMNT02_221790,HW,15.03,5,170,122,150,176,0,23,131,114,40,140
LOLTMNT05_114170,AL,15.03,27,103,175,13,139,1,36,90,57,118,46
LOLTMNT05_114171,NLC,15.03,131,93,181,20,23,0,113,176,6,173,86
LOLTMNT03_199300,LPLOL,15.04,163,107,111,154,139,0,59,52,82,146,43
LOLTMNT05_113184,AL,15.03,131,181,62,4,98,1,178,129,112,155,94
LOLTMNT03_200331,LPLOL,15.04,163,93,122,113,60,0,36,147,54,118,125
LOLTMNT03_199341,LPLOL,15.04,171,62,175,23,90,1,27,112,83,40,154
LOLTMNT03_200360,LPLOL,15.04,169,82,150,43,95,1,178,13,10,166,15
LOLTMNT02_222826,LCK,15.03,57,178,40,187,118,0,128,169,36,146,4
11763-11763_game_1,LPL,15.04,105,82,125,163,14,1,5,27,83,36,122
LOLTMNT02_222827,LCK,15.03,5,62,14,131,122,0,60,163,90,13,20
11763-11763_game_2,LPL,15.04,10,128,20,114,171,1,13,178,71,58,15
LOLTMNT02_222830,LCK,15.03,83,95,103,129,43,0,10,114,191,1,41
11763-11763_game_3,LPL,15.04,57,170,129,132,112,1,95,191,103,49,139
11763-11763_game_4,LPL,15.04,86,187,2,113,40,0,169,181,90,65,22
LOLTMNT02_222859,LCP,15.03,163,14,114,131,125,1,5,13,95,113,90
11764-11764_game_1,LPL,15.04,5,170,129,95,103,1,27,105,125,163,122
LOLTMNT02_221877,LCP,15.03,60,169,49,176,118,1,27,57,62,103,178
LOLTMNT05_114181,LFL2,15.03,90,62,57,20,128,1,131,122,187,171,127
11764-11764_game_2,LPL,15.04,128,141,10,14,124,1,191,82,36,161,80
LOLTMNT02_221883,LCP,15.03,141,187,86,111,43,1,36,175,65,150,56
LOLTMNT05_114188,LFL2,15.03,36,122,113,128,181,1,60,93,169,103,59
11764-11764_game_3,LPL,15.04,13,175,114,142,15,1,60,62,171,173,18
LOLTMNT03_200428,RL,15.04,52,5,171,103,59,1,90,57,125,93,105
LOLTMNT02_221893,LCP,15.03,10,129,170,110,34,1,80,188,82,23,171
LOLTMNT05_113207,LFL2,15.03,52,82,51,46,140,1,128,181,90,163,118
11764-11764_game_4,LPL,15.04,178,86,59,43,150,1,118,56,9,65,90
LOLTMNT02_222907,LCP,15.03,44,59,4,181,83,1,58,105,0,155,122
LOLTMNT03_199436,RL,15.04,36,60,191,142,65,0,175,14,23,22,154
LOLTMNT05_114206,LFL2,15.03,27,90,163,82,5,1,113,60,36,147,65
11764-11764_game_5,LPL,15.04,188,131,181,136,0,1,58,4,2,110,185
LOLTMNT05_114249,LEC,15.03,14,169,60,36,82,0,5,27,131,171,118
LOLTMNT05_114254,LEC,15.03,175,1,44,187,86,1,178,111,163,122,139
LOLTMNT05_113282,LEC,15.03,90,57,128,140,18,1,52,93,103,43,62
LOLTMNT02_222976,LTA,15.03,57,131,27,122,146,0,163,169,60,14,20
LOLTMNT02_221986,LTA,15.03,181,191,139,36,82,0,114,2,43,62,178
LOLTMNT05_114277,LEC,15.03,169,62,60,150,114,1,5,36,14,113,34
LOLTMNT05_113307,LEC,15.03,90,122,163,155,23,1,128,27,4,178,147
LOLTMNT02_221993,LTA,15.03,95,4,171,90,56,1,113,58,111,15,42
LOLTMNT05_113309,LEC,15.03,57,187,131,111,184,1,86,175,140,139,146
LOLTMNT02_222000,LTA,15.03,64,131,5,113,14,0,141,150,27,41,103
LOLTMNT02_224009,LTA,15.03,57,62,178,118,13,1,128,169,4,187,171
LOLTMNT02_223007,LTA,15.03,36,83,122,139,49,1,175,188,114,1,0
11765-11765_game_1,LPL,15.04,169,40,62,122,27,0,128,131,181,36,4
LOLTMNT02_223033,LCK,15.03,181,131,62,23,4,1,36,105,82,5,98
11765-11765_game_2,LPL,15.04,178,60,163,129,65,1,10,5,20,105,1
LOLTMNT02_223039,LCK,15.03,128,169,150,27,103,1,114,14,60,10,178
11765-11765_game_3,LPL,15.04,90,176,118,107,150,1,82,56,95,171,170
LOLTMNT02_223046,LCK,15.03,90,95,122,0,1,1,80,187,40,118,164
LOLTMNT02_223059,LCK,15.03,163,66,15,170,139,1,191,58,146,113,43
11765-11765_game_4,LPL,15.04,13,58,43,104,185,0,22,34,23,113,78
LOLTMNT02_223070,LCK,15.03,175,22,65,46,171,1,59,86,112,156,11
LOLTMNT02_224092,LCP,15.03,60,169,13,36,4,0,5,27,90,10,124
11766-11766_game_1,LPL,15.04,13,36,170,65,146,0,128,131,181,10,122
LOLTMNT02_224095,LCP,15.03,128,178,95,146,82,1,163,131,57,114,150
LOLTMNT05_113320,LFL2,15.03,169,5,82,59,171,1,60,93,36,114,178
11766-11766_game_2,LPL,15.04,5,83,163,20,14,0,57,105,82,58,49
LOLTMNT02_224097,LCP,15.03,161,176,118,107,40,0,62,103,112,111,113
LOLTMNT05_114309,LFL2,15.03,163,169,5,118,14,0,52,64,82,13,23
LOLTMNT03_200603,RL,15.04,36,171,82,112,170,0,57,131,62,103,2
LOLTMNT02_224106,LCP,15.03,44,58,104,54,171,0,22,105,139,20,155
11766-11766_game_3,LPL,15.04,169,1,62,112,113,1,60,191,155,103,22
LOLTMNT05_113324,LFL2,15.03,163,141,57,82,93,0,5,90,76,122,70
LOLTMNT03_200612,RL,15.04,163,141,122,14,7,1,95,178,4,139,177
11766-11766_game_4,LPL,15.04,86,178,59,2,125,1,90,187,184,111,175
LOLTMNT05_113330,LFL2,15.03,36,122,128,113,13,1,5,62,169,82,51
LOLTMNT05_113346,LEC,15.03,191,27,60,176,118,1,36,141,13,42,103
LOLTMNT05_114349,LEC,15.03,105,57,122,112,187,1,128,131,181,62,40
LOLTMNT05_113358,LEC,15.03,14,113,114,82,58,1,5,178,147,59,20
LOLTMNT05_114376,LTA,15.03,141,43,14,27,82,0,60,90,36,188,114
LOLTMNT05_113363,LTA,15.03,64,5,124,107,111,0,163,131,191,125,104
LOLTMNT05_114381,LEC,15.03,169,181,36,118,168,1,5,131,62,122,80
LOLTMNT05_114389,LEC,15.03,60,163,178,103,111,0,14,27,114,105,20
LOLTMNT05_113376,LTA,15.03,113,176,118,112,171,0,178,62,103,56,11
LOLTMNT02_223180,LCKC,15.03,57,191,60,4,62,1,27,141,171,122,128
LOLTMNT02_223181,LCKC,15.03,113,163,14,20,125,1,10,170,13,82,0
11767-11767_game_1,LPL,15.04,57,13,107,36,82,0,5,169,2,163,124
LOLTMNT02_224187,LCKC,15.03,65,178,43,36,8,1,93,90,175,23,40
11767-11767_game_2,LPL,15.04,60,176,118,170,40,1,23,178,150,95,104
LOLTMNT02_223183,LCKC,15.03,56,95,107,78,103,0,114,58,180,66,112
11767-11767_game_3,LPL,15.04,10,44,20,14,90,0,56,129,58,83,4
11767-11767_game_4,LPL,15.04,181,22,65,175,71,0,128,131,85,64,113
LOLTMNT02_224203,LCKC,15.03,169,5,13,62,118,0,163,178,60,93,124
LOLTMNT03_200716,PCS,15.04,57,111,107,155,4,0,163,13,60,178,34
LOLTMNT03_200727,PCS,15.04,10,45,56,78,15,0,5,36,113,2,8
LOLTMNT02_224206,LCKC,15.03,57,191,10,103,147,0,128,27,58,114,107
11768-11768_game_1,LPL,15.04,13,107,62,114,122,1,5,171,176,131,20
LOLTMNT03_200742,PCS,15.04,57,131,36,150,103,1,27,105,60,10,20
LOLTMNT02_224207,LCKC,15.03,95,122,80,1,23,1,105,43,36,4,150
LOLTMNT03_199769,PCS,15.04,13,178,163,125,122,1,5,169,1,62,4
11768-11768_game_2,LPL,15.04,128,163,82,1,175,1,60,169,2,58,4
LOLTMNT02_223201,LCKC,15.03,14,83,110,59,154,0,125,175,2,176,18
LOLTMNT03_199785,PCS,15.04,128,170,58,6,129,0,95,82,43,83,180
11768-11768_game_3,LPL,15.04,57,191,125,132,139,0,36,65,43,170,14
LOLTMNT02_224217,LCKC,15.03,131,187,86,44,180,0,171,56,22,15,113
LOLTMNT03_199801,PCS,15.04,64,104,169,60,150,1,128,163,178,65,57
11768-11768_game_4,LPL,15.04,178,187,184,44,180,0,59,86,56,111,23
LOLTMNT03_200804,PCS,15.04,27,90,41,58,114,0,56,131,181,10,133
LOLTMNT03_200813,HLL,15.04,27,60,178,172,82,0,95,175,147,139,20
LOLTMNT03_199861,HLL,15.04,139,95,147,103,113,0,27,60,180,82,46
LOLTMNT03_199872,HLL,15.04,171,163,82,170,90,0,27,181,83,124,112
LOLTMNT02_223230,NEXO,15.03,93,175,122,40,23,1,163,169,112,103,14
LOLTMNT05_113387,LEC,15.03,14,60,163,131,86,0,36,90,114,150,18
LOLTMNT03_199892,HLL,15.04,175,83,181,176,124,1,178,139,129,82,32
LOLTMNT02_223244,NEXO,15.03,93,90,57,176,82,1,60,131,111,85,20
LOLTMNT05_113388,LEC,15.03,169,171,4,187,128,1,13,122,62,107,40
LOLTMNT02_224255,NEXO,15.03,141,5,147,163,15,1,52,49,57,82,140
LOLTMNT05_114409,LEC,15.03,191,82,27,125,181,1,132,180,29,57,112
LOLTMNT02_223268,NEXO,15.03,90,83,155,4,36,0,27,131,5,122,13
LOLTMNT02_224265,NEXO,15.03,90,59,49,103,125,0,27,113,13,122,88
LOLTMNT05_114414,LEC,15.03,32,170,129,139,133,0,22,178,20,7,25
LOLTMNT02_224294,LCKC,15.03,5,10,114,111,43,1,60,178,14,176,118
LOLTMNT02_224298,LCKC,15.03,128,58,122,107,150,1,40,163,113,171,15
LOLTMNT03_200979,PCS,15.04,13,178,5,27,122,1,60,169,2,163,34
11769-11769_game_1,LPL,15.04,57,105,27,60,4,0,5,82,129,169,62
LOLTMNT03_200987,PCS,15.04,107,64,111,40,0,0,90,57,188,82,56
LOLTMNT02_224302,LCKC,15.03,125,83,36,103,78,1,191,95,110,82,155
11769-11769_game_2,LPL,15.04,125,150,163,103,74,1,14,10,178,43,124
LOLTMNT03_201028,PCS,15.04,141,36,46,82,13,1,60,27,83,103,140
LOLTMNT02_224305,LCKC,15.03,57,62,90,56,18,1,23,80,13,132,170
11769-11769_game_3,LPL,15.04,181,83,90,58,114,1,56,36,1,80,20
LOLTMNT03_202009,PCS,15.04,57,163,170,146,122,0,10,90,51,171,20
LOLTMNT02_224309,LCKC,15.03,169,1,0,142,4,1,175,187,146,139,86
11769-11769_game_4,LPL,15.04,131,187,118,2,175,1,23,188,155,122,136
11769-11769_game_5,LPL,15.04,59,86,40,173,13,1,95,71,49,170,15
LOLTMNT06_105113,TCL,15.04,113,60,122,176,171,0,5,131,114,62,14
LOLTMNT06_104115,TCL,15.04,60,36,107,150,103,1,27,90,114,14,4
LOLTMNT03_202058,HLL,15.04,155,54,40,20,112,0,111,176,107,82,110
LOLTMNT06_105121,AL,15.04,5,169,40,163,122,1,60,36,27,105,82
LOLTMNT02_224337,HW,15.03,141,36,5,14,115,1,60,90,27,188,118
LOLTMNT03_201125,RL,15.04,163,57,191,122,23,1,36,113,5,103,150
LOLTMNT06_104125,TCL,15.04,5,62,169,1,103,1,36,175,82,150,113
LOLTMNT02_223347,HW,15.03,27,131,5,1,103,1,175,14,36,125,4
LOLTMNT03_201147,HLL,15.04,60,52,103,62,171,1,86,175,10,139,24
LOLTMNT02_224341,LVP SL,15.03,131,5,36,150,118,1,27,90,125,14,103
LOLTMNT05_113406,PRM,15.03,36,60,90,27,4,1,181,131,62,103,145
LOLTMNT06_104128,AL,15.04,128,155,181,0,103,0,141,10,13,112,124
LOLTMNT03_202081,RL,15.04,82,105,32,42,147,0,59,141,154,56,171
LOLTMNT02_224345,HW,15.03,122,125,83,32,111,1,175,5,114,155,1
LOLTMNT06_105133,TCL,15.04,131,62,57,146,20,1,5,163,178,103,14
LOLTMNT02_223350,LVP SL,15.03,169,114,1,122,59,0,60,178,176,129,82
LOLTMNT03_201170,HLL,15.04,90,94,85,168,75,0,163,46,180,125,124
LOLTMNT05_113407,PRM,15.03,169,57,1,15,187,1,178,171,139,59,154
LOLTMNT03_201174,ROL,15.04,163,83,57,23,82,0,140,54,147,43,20
LOLTMNT03_202120,RL,15.04,141,14,27,154,5,1,36,171,82,169,174
LOLTMNT06_105139,AL,15.04,27,2,178,118,57,1,171,36,175,122,23
LOLTMNT05_113410,PRM,15.03,5,54,14,58,65,1,111,175,114,22,82
LOLTMNT03_201208,HLL,15.04,122,113,25,147,164,0,16,154,93,131,59
LOLTMNT02_224367,LVP SL,15.03,113,40,4,58,13,1,175,128,22,34,147
LOLTMNT03_201214,ROL,15.04,178,65,32,0,152,0,27,170,112,13,53
LOLTMNT03_202130,LPLOL,15.04,5,27,52,171,82,1,163,42,19,36,122
LOLTMNT03_201222,RL,15.04,111,113,122,155,46,1,95,191,88,118,181
LOLTMNT05_113417,PRM,15.03,113,49,56,140,86,1,176,118,112,170,150
LOLTMNT06_104140,AL,15.04,60,113,13,58,103,1,46,10,1,54,4
LOLTMNT02_224370,LVP SL,15.03,93,80,57,2,15,0,56,171,139,95,18
LOLTMNT03_201237,ROL,15.04,5,29,171,176,124,0,125,131,111,62,4
LOLTMNT03_201239,LPLOL,15.04,95,80,78,114,0,0,113,13,103,155,84
LOLTMNT02_223384,LVP SL,15.03,10,133,146,25,107,0,20,170,112,62,155
LOLTMNT06_105146,AL,15.04,110,187,78,124,88,1,111,107,62,43,65
LOLTMNT03_202151,LPLOL,15.04,36,191,82,60,49,1,27,65,20,83,134
LOLTMNT03_202156,LPLOL,15.04,141,181,25,103,155,0,10,105,125,147,4
LOLTMNT03_201375,PCS,15.04,13,163,5,103,105,1,111,60,27,80,82
LOLTMNT03_202243,LJL,15.04,128,191,181,62,82,0,60,131,146,36,20
11770-11770_game_1,LPL,15.04,128,13,178,4,36,1,5,131,2,27,122
LOLTMNT03_202255,PCS,15.04,128,113,36,178,8,0,56,10,122,191,181
11770-11770_game_2,LPL,15.04,57,146,170,176,118,1,181,90,62,56,18
LOLTMNT03_202265,LJL,15.04,169,1,5,27,118,1,178,171,23,36,114
LOLTMNT03_201417,PCS,15.04,60,36,147,20,170,0,13,5,62,113,118
11770-11770_game_3,LPL,15.04,60,83,82,140,150,0,43,163,114,137,1
LOLTMNT03_202285,LJL,15.04,5,59,86,171,90,0,60,150,116,85,101
LOLTMNT03_202295,PCS,15.04,141,10,171,46,103,0,131,163,57,181,82
11770-11770_game_4,LPL,15.04,169,40,0,58,15,0,111,107,71,10,124
LOLTMNT03_202311,LJL,15.04,128,105,27,181,122,1,169,13,5,62,82
LOLTMNT06_104167,TCL,15.04,5,169,62,118,1,0,131,163,124,28,146
LOLTMNT06_104170,TCL,15.04,5,13,27,103,107,0,57,131,36,82,14
LOLTMNT06_105171,AL,15.04,90,114,27,60,145,1,5,64,40,178,146
LOLTMNT03_201513,RL,15.04,163,52,82,43,166,1,141,36,122,171,23
LOLTMNT02_223410,HW,15.03,5,163,122,1,152,1,169,60,82,36,150
LOLTMNT06_104173,TCL,15.04,5,36,82,1,107,0,57,169,62,122,13
LOLTMNT06_104176,AL,15.04,169,62,13,118,125,0,36,107,111,122,56
LOLTMNT05_114436,PRM,15.03,14,27,103,25,107,0,122,128,163,150,54
LOLTMNT03_202386,RL,15.04,27,113,128,150,4,1,170,58,40,34,111
LOLTMNT06_105177,TCL,15.04,5,10,20,178,111,1,64,169,57,124,13
LOLTMNT02_223413,HW,15.03,27,83,118,36,60,1,163,131,114,111,38
LOLTMNT05_113437,LFL,15.03,36,60,14,52,4,1,5,131,2,64,124
LOLTMNT05_113438,PRM,15.03,93,4,74,181,60,1,140,86,113,171,56
LOLTMNT06_105179,EBL,15.04,107,62,13,122,125,1,5,36,131,1,4
LOLTMNT06_104186,AL,15.04,38,111,107,36,118,1,163,57,2,110,124
LOLTMNT02_223424,HW,15.03,93,90,23,59,118,1,5,82,83,62,57
LOLTMNT05_113439,LFL,15.03,141,59,122,13,56,0,140,86,178,139,150
LOLTMNT03_202412,RL,15.04,163,141,5,150,82,0,36,14,125,72,122
LOLTMNT06_104192,EBL,15.04,93,178,43,147,82,0,163,169,129,57,103
LOLTMNT05_113440,PRM,15.03,178,133,82,136,13,1,5,90,20,22,147
LOLTMNT03_201572,LPLOL,15.04,90,27,5,83,181,1,163,60,49,103,105
LOLTMNT06_105181,AL,15.04,113,1,187,122,44,0,131,181,103,140,13
LOLTMNT05_113442,LFL,15.03,128,62,113,103,40,1,107,95,112,146,114
LOLTMNT03_202427,RL,15.04,27,171,107,128,15,0,147,113,155,103,181
LOLTMNT05_113443,PRM,15.03,36,16,118,180,44,0,58,15,6,112,24
LOLTMNT06_105184,EBL,15.04,93,60,163,113,124,1,169,36,5,146,103
LOLTMNT03_201591,LPLOL,15.04,36,191,82,65,43,0,10,113,66,125,146
LOLTMNT05_113445,LFL,15.03,155,171,0,20,185,1,43,111,82,176,109
LOLTMNT05_113446,PRM,15.03,155,115,78,137,43,0,154,64,146,174,139
LOLTMNT06_105186,EBL,15.04,131,181,62,23,118,0,90,14,43,187,114
LOLTMNT03_201606,LPLOL,15.04,13,62,107,6,112,0,150,95,122,52,42
LOLTMNT02_224454,LCKC,15.03,57,14,113,27,131,1,169,163,128,171,4
LOLTMNT02_223470,LCKC,15.03,43,107,111,95,122,0,10,56,178,65,20
LOLTMNT03_201682,LJL,15.04,65,175,161,140,148,0,5,169,22,34,40
11771-11771_game_1,LPL,15.04,128,178,14,163,124,1,5,169,1,36,65
LOLTMNT02_223471,LCKC,15.03,60,82,58,83,181,1,36,23,136,66,134
11771-11771_game_2,LPL,15.04,105,104,43,95,181,1,125,64,83,27,4
LOLTMNT03_202542,LJL,15.04,60,122,181,59,90,0,56,65,20,74,163
LOLTMNT02_223472,LCKC,15.03,8,74,161,62,115,1,125,40,170,118,155
11771-11771_game_3,LPL,15.04,57,188,82,131,56,0,44,10,20,80,93
LOLTMNT03_201713,LJL,15.04,13,141,57,62,122,0,87,107,104,187,20
11771-11771_game_4,LPL,15.04,60,103,32,171,191,0,59,86,114,170,13
LOLTMNT03_202613,LJL,15.04,10,113,82,150,5,0,40,178,20,58,23
LOLTMNT06_104216,TCL,15.04,57,27,113,82,1,0,163,90,122,56,150
LOLTMNT06_105202,TCL,15.04,64,124,60,175,14,0,90,57,36,18,146
LOLTMNT03_201773,RL,15.04,128,113,171,9,154,1,36,43,1,173,115
LOLTMNT02_224470,HW,15.03,60,36,104,178,171,1,43,14,62,113,122
LOLTMNT06_105204,AL,15.04,60,187,178,118,78,1,5,163,131,122,40
LOLTMNT06_104228,TCL,15.04,60,36,82,111,135,1,64,43,124,129,178
LOLTMNT02_224482,HW,15.03,141,36,125,171,114,1,5,83,122,140,56
LOLTMNT02_224481,LVP SL,15.03,191,163,57,139,82,0,60,170,36,122,147
LOLTMNT03_201780,RL,15.04,125,83,14,4,27,1,175,5,190,59,86
LOLTMNT05_114454,LFL,15.03,27,169,128,40,20,1,131,95,60,171,118
LOLTMNT06_105214,AL,15.04,36,175,112,82,8,0,113,57,1,59,90
LOLTMNT06_104232,TCL,15.04,128,107,111,27,114,0,163,169,60,1,34
LOLTMNT02_224484,LVP SL,15.03,14,90,5,103,62,1,112,86,140,1,178
LOLTMNT06_105218,EBL,15.04,163,5,49,83,103,1,13,36,175,128,4
LOLTMNT03_201797,ROL,15.04,27,175,114,65,13,1,76,5,128,4,186
LOLTMNT02_224486,HW,15.03,5,113,104,111,27,0,125,90,171,187,175
LOLTMNT05_114463,LFL,15.03,36,14,5,4,178,0,82,62,125,170,146
LOLTMNT03_202713,RL,15.04,163,181,131,103,42,1,36,171,5,83,20
LOLTMNT06_105221,AL,15.04,60,169,40,59,20,0,27,43,114,49,83
LOLTMNT02_223494,LVP SL,15.03,150,80,4,187,25,0,171,113,20,176,43
LOLTMNT06_105227,EBL,15.04,27,60,178,171,118,1,10,170,122,46,181
LOLTMNT05_113455,LFL,15.03,13,155,18,6,56,1,187,86,175,172,44
LOLTMNT03_201821,ROL,15.04,163,60,111,74,20,0,36,122,169,1,44
LOLTMNT03_202740,RL,15.04,128,169,118,14,140,0,122,40,176,175,150
LOLTMNT02_223496,LVP SL,15.03,169,136,59,124,11,0,141,13,160,40,15
LOLTMNT06_105235,AL,15.04,64,131,14,115,125,1,163,124,13,90,25
LOLTMNT03_201837,LPLOL,15.04,169,43,36,82,150,1,60,175,27,103,24
LOLTMNT06_104237,EBL,15.04,141,56,146,140,86,1,90,43,168,187,184
LOLTMNT05_113457,LFL,15.03,90,106,132,111,139,1,140,141,122,43,147
LOLTMNT03_202752,ROL,15.04,90,52,181,59,103,0,131,56,140,150,152
LOLTMNT06_104239,AL,15.04,36,175,150,118,139,1,178,187,171,82,46
LOLTMNT03_202764,LPLOL,15.04,163,141,114,111,112,0,95,122,83,171,110
LOLTMNT06_105238,EBL,15.04,90,62,150,122,43,1,36,14,60,131,113
LOLTMNT06_104241,EBL,15.04,27,175,111,112,136,0,95,178,1,82,134
LOLTMNT03_201849,LPLOL,15.04,131,160,86,129,125,0,52,59,118,14,139
LOLTMNT03_202795,LPLOL,15.04,155,6,146,54,128,0,147,90,107,62,51
LOLTMNT03_201855,LPLOL,15.04,13,56,22,38,154,0,181,178,187,44,18
LOLTMNT03_201899,LJL,15.04,36,74,65,93,5,0,13,169,64,4,56
LOLTMNT03_202888,LJL,15.04,60,150,27,1,122,1,141,128,163,171,124
LOLTMNT03_202936,LJL,15.04,60,59,86,25,45,1,163,90,113,65,150
LOLTMNT03_202941,VCS,15.04,57,107,150,27,122,0,169,1,60,163,103
LOLTMNT03_203001,LJL,15.04,60,107,13,187,86,0,5,27,178,20,14
LOLTMNT03_203013,VCS,15.04,5,169,150,62,114,1,163,170,190,82,57
LOLTMNT03_205007,LJL,15.04,128,113,181,180,118,1,40,169,8,59,148
LOLTMNT03_204017,VCS,15.04,5,170,40,10,20,1,13,178,60,95,122
LOLTMNT03_205033,VCS,15.04,64,107,5,122,2,1,27,191,57,36,4
LOLTMNT03_205024,LJL,15.04,13,128,178,122,59,0,5,131,49,187,86
LOLTMNT05_115018,LEC,15.03,169,36,122,27,128,1,60,90,181,62,4
LOLTMNT05_115019,LEC,15.03,14,59,131,112,82,0,178,163,150,103,46
LOLTMNT05_115021,LEC,15.03,64,20,1,139,54,1,32,13,124,80,25
LOLTMNT05_115027,LEC,15.03,141,187,65,147,57,1,140,86,6,129,23
LOLTMNT03_204329,LJL,15.04,141,175,25,59,124,0,5,113,190,20,9
LOLTMNT03_205312,PCS,15.04,13,62,60,178,114,0,5,36,169,147,20
11772-11772_game_1,LPL,15.04,57,169,1,95,114,1,82,105,181,58,175
LOLTMNT03_204365,HLL,15.04,27,191,103,62,139,1,122,36,93,60,107
LOLTMNT03_205333,PCS,15.04,56,83,27,95,122,0,131,161,181,187,118
LOLTMNT03_205334,VCS,15.04,141,36,128,181,82,0,5,27,169,150,118
11772-11772_game_2,LPL,15.04,163,178,118,129,44,1,62,13,56,4,0
LOLTMNT03_205340,LJL,15.04,141,13,36,118,110,0,163,178,139,147,191
LOLTMNT06_107080,NLC,15.04,64,107,111,4,56,1,163,113,5,103,1
LOLTMNT03_205346,RL,15.04,14,62,122,156,125,1,36,82,147,141,57
LOLTMNT03_204384,VCS,15.04,64,161,124,107,129,1,60,163,65,90,49
LOLTMNT03_204386,HLL,15.04,163,175,111,125,115,0,90,140,86,14,57
LOLTMNT06_106072,LFL2,15.04,163,65,178,2,82,1,90,36,103,128,155
11772-11772_game_3,LPL,15.04,5,146,80,176,122,1,10,107,40,23,86
LOLTMNT03_204418,RL,15.04,163,49,175,103,5,0,58,60,169,150,4
LOLTMNT06_107089,LFL2,15.04,27,191,20,10,139,0,122,142,66,57,140
LOLTMNT06_106074,NLC,15.04,141,62,60,6,13,0,36,52,82,23,145
11772-11772_game_4,LPL,15.04,14,90,27,65,112,0,60,49,113,34,32
LOLTMNT03_204430,VCS,15.04,57,1,178,176,113,1,170,62,122,146,139
LOLTMNT03_204434,LJL,15.04,60,176,13,170,114,0,23,169,2,118,62
LOLTMNT03_205408,HLL,15.04,49,131,5,36,118,1,178,111,176,56,103
LOLTMNT03_204457,RL,15.04,113,22,154,44,1,1,27,111,34,173,0
LOLTMNT06_107097,NLC,15.04,128,178,181,176,133,1,27,131,43,147,65
LOLTMNT06_107098,LFL2,15.04,64,125,14,141,34,1,5,86,59,25,99
LOLTMNT03_204467,VCS,15.04,5,14,169,36,82,1,60,13,80,163,118
LOLTMNT03_204478,HLL,15.04,90,57,10,40,20,0,59,54,0,146,133
LOLTMNT06_107104,LFL2,15.04,49,85,101,60,131,1,6,95,53,116,43
LOLTMNT03_204484,VCS,15.04,105,57,10,147,90,1,83,27,95,4,56
LOLTMNT03_205432,RL,15.04,95,137,114,188,43,0,56,131,59,93,15
LOLTMNT06_106084,NLC,15.04,10,154,173,41,177,1,54,59,0,122,40
LOLTMNT06_106085,LFL2,15.04,76,42,109,133,147,1,175,94,51,9,46
LOLTMNT03_204501,HLL,15.04,163,122,33,141,112,1,14,140,86,175,181
LOLTMNT03_204514,VCS,15.04,170,1,114,155,44,1,175,32,171,122,161
LOLTMNT03_204525,RL,15.04,184,72,40,155,181,0,178,65,23,176,118
LOLTMNT05_115043,LEC,15.03,14,52,60,82,163,1,36,90,122,142,44
LOLTMNT05_115044,LEC,15.03,64,150,178,103,128,0,5,114,131,49,10
LOLTMNT05_115046,LEC,15.03,113,171,43,187,189,0,176,118,175,112,11
LOLTMNT05_116037,LEC,15.03,191,27,56,20,22,0,181,169,62,139,115
LOLTMNT05_115052,LEC,15.03,86,173,95,146,23,0,13,54,58,65,125
LOLTMNT03_204638,PCS,15.04,128,169,40,36,82,1,112,163,171,113,124
LOLTMNT03_204661,PCS,15.04,5,62,103,131,181,0,60,27,114,175,145
LOLTMNT03_204670,VCS,15.04,191,163,27,4,56,1,57,105,10,122,161
LOLTMNT03_205607,HLL,15.04,128,131,181,176,20,1,60,141,82,113,188
LOLTMNT03_204673,RL,15.04,90,60,82,64,150,1,5,191,62,4,139
LOLTMNT03_205626,PCS,15.04,14,163,5,178,114,1,113,57,36,146,20
LOLTMNT06_107153,LFL2,15.04,141,58,111,15,5,1,52,10,20,14,125
LOLTMNT03_204676,VCS,15.04,78,0,36,80,114,0,128,113,62,171,103
LOLTMNT03_204684,HLL,15.04,163,114,4,44,49,0,122,169,57,62,146
LOLTMNT03_204692,PCS,15.04,60,175,62,1,34,0,27,170,46,136,171
LOLTMNT06_106169,NLC,15.04,36,52,25,173,118,1,163,141,82,23,171
LOLTMNT03_204695,RL,15.04,27,131,103,0,49,1,128,113,122,58,166
LOLTMNT06_107175,LFL2,15.04,163,113,13,118,128,0,36,82,191,155,60
LOLTMNT03_205672,VCS,15.04,10,191,57,78,4,0,128,169,147,59,122
LOLTMNT03_205689,HLL,15.04,178,10,133,139,29,1,32,90,56,15,129
LOLTMNT03_205688,RL,15.04,141,59,86,13,41,1,125,171,52,36,15
LOLTMNT06_106172,NLC,15.04,169,177,122,62,185,0,27,147,139,170,20
LOLTMNT06_107179,LFL2,15.04,122,178,32,147,139,1,95,103,54,171,25
LOLTMNT03_204732,VCS,15.04,64,107,111,115,125,0,22,171,170,112,20
LOLTMNT06_106175,LFL2,15.04,27,170,1,18,112,0,90,22,150,4,46
LOLTMNT03_204740,HLL,15.04,86,140,175,43,171,1,187,184,112,107,87
LOLTMNT06_106178,NLC,15.04,113,10,131,166,60,0,175,111,56,176,53
LOLTMNT03_205710,RL,15.04,10,178,124,2,11,1,95,175,18,7,78
LOLTMNT06_106180,LFL2,15.04,49,74,114,40,9,1,131,2,62,34,41
LOLTMNT03_204771,RL,15.04,22,65,56,40,146,0,173,140,184,71,155
LOLTMNT05_116057,LEC,15.03,36,169,82,112,111,0,163,90,150,122,0
LOLTMNT05_116059,LEC,15.03,191,60,27,155,18,0,141,181,128,10,4
LOLTMNT05_115078,LEC,15.03,171,58,178,118,43,1,22,129,113,154,162
LOLTMNT03_204882,PCS,15.04,27,191,5,95,103,1,57,163,66,181,118
LOLTMNT03_204891,PCS,15.04,36,65,13,113,56,1,62,34,80,177,162
LOLTMNT03_205869,PCS,15.04,60,169,1,62,114,0,5,65,178,27,103
LOLTMNT03_204907,PCS,15.04,57,64,104,2,90,0,128,36,107,147,122
LOLTMNT03_205905,PCS,15.04,57,105,82,181,36,1,128,27,136,170,2
LOLTMNT03_204946,PCS,15.04,60,113,111,62,115,0,163,169,43,40,118
LOLTMNT06_107202,TCL,15.04,163,131,5,82,181,1,169,140,128,1,4
LOLTMNT06_106203,TCL,15.04,107,10,13,86,114,0,64,124,113,56,171
LOLTMNT03_205951,HW,15.04,90,82,62,142,60,0,57,122,131,95,14
LOLTMNT06_106207,TCL,15.04,131,5,176,146,118,0,107,111,174,187,122
LOLTMNT03_205967,HW,15.04,36,83,150,15,23,0,175,118,171,160,125
LOLTMNT03_205965,NEXO,15.04,60,58,175,4,104,0,5,10,83,103,146
LOLTMNT06_107215,PRM,15.04,90,59,122,27,139,1,36,171,141,4,25
LOLTMNT03_205964,NEXO,15.04,60,36,147,103,170,0,13,27,113,112,20
LOLTMNT03_205991,HW,15.04,191,181,103,140,0,1,169,111,10,165,44
LOLTMNT06_107218,PRM,15.04,14,60,52,58,113,0,10,5,49,175,118
LOLTMNT06_106210,TCL,15.04,57,178,36,82,78,0,163,44,28,4,168
LOLTMNT03_206022,NEXO,15.04,141,62,60,171,113,0,36,175,46,49,20
LOLTMNT03_205996,NEXO,15.04,90,56,36,124,150,0,60,29,62,103,171
LOLTMNT06_107226,PRM,15.04,163,13,124,114,54,1,178,82,140,56,40
LOLTMNT03_207029,NEXO,15.04,5,54,62,103,171,0,36,90,13,114,113
LOLTMNT03_206058,NEXO,15.04,13,95,162,80,82,0,139,52,140,78,20
LOLTMNT06_107240,TCL,15.04,90,5,62,118,49,1,57,36,178,82,14
LOLTMNT03_207200,HW,15.04,141,163,111,5,154,1,57,171,54,122,140
LOLTMNT06_106233,TCL,15.04,169,122,27,111,43,0,163,150,170,114,139
LOLTMNT03_206244,HW,15.04,128,175,64,147,82,1,27,131,51,150,20
LOLTMNT03_206242,RL,15.04,13,36,122,141,2,1,27,60,103,93,83
LOLTMNT06_107248,TCL,15.04,103,128,58,80,129,0,10,175,4,112,1
LOLTMNT03_206255,HW,15.04,169,60,118,14,187,1,173,103,176,38,145
LOLTMNT06_106235,PRM,15.04,122,25,163,28,2,0,139,171,27,82,83
LOLTMNT03_207221,RL,15.04,163,173,82,7,43,0,58,169,118,150,0
LOLTMNT03_206261,ROL,15.04,163,175,13,5,4,0,111,140,178,60,114
LOLTMNT03_207234,RL,15.04,10,178,128,114,171,1,62,175,181,4,147
LOLTMNT06_106241,PRM,15.04,155,114,150,170,60,1,64,124,191,49,43
LOLTMNT03_206278,ROL,15.04,36,20,170,112,129,1,62,90,189,57,0
LOLTMNT03_206280,RL,15.04,95,131,56,133,188,0,22,54,71,40,94
LOLTMNT06_107257,PRM,15.04,112,178,62,147,86,0,36,14,20,136,52
LOLTMNT03_206288,ROL,15.04,171,54,128,122,95,1,181,10,154,40,46
LOLTMNT03_206290,RL,15.04,86,176,52,25,23,1,6,155,18,57,125
LOLTMNT06_106254,TCL,15.04,163,169,5,82,13,1,131,64,174,49,152
LOLTMNT03_207359,HW,15.04,36,52,82,147,60,1,141,163,4,171,23
LOLTMNT03_207375,HW,15.04,118,83,181,140,139,1,103,131,62,150,56
LOLTMNT06_107272,TCL,15.04,60,62,181,170,4,1,36,43,103,191,142
LOLTMNT06_106258,TCL,15.04,128,113,150,106,132,1,107,122,14,65,140
LOLTMNT03_206439,HW,15.04,128,47,40,27,145,0,0,175,111,155,65
LOLTMNT06_106259,TCL,15.04,10,28,1,18,44,1,171,86,187,54,23
LOLTMNT06_107278,TCL,15.04,111,27,114,173,110,1,40,155,25,34,30
LOLTMNT06_106260,AL,15.04,131,60,27,122,181,1,163,128,14,113,4
LOLTMNT06_107280,AL,15.04,5,36,178,2,118,0,111,107,64,174,114
LOLTMNT06_107281,AL,15.04,90,155,103,140,139,0,10,13,20,173,43
LOLTMNT06_106264,AL,15.04,27,90,57,181,114,0,36,175,147,118,88
LOLTMNT06_106265,AL,15.04,113,1,5,187,20,0,178,122,125,168,140
LOLTMNT03_206516,LJL,15.04,5,178,36,118,171,0,60,163,20,113,146
LOLTMNT03_206518,LJL,15.04,163,113,20,71,7,1,5,178,27,15,22
LOLTMNT03_206522,LJL,15.04,27,46,56,114,111,0,60,178,14,118,187
LOLTMNT03_207464,LJL,15.04,60,150,122,187,129,1,128,27,90,4,95
LOLTMNT03_207473,LJL,15.04,56,14,141,140,82,1,139,163,150,111,20
LOLTMNT06_107292,TCL,15.04,5,175,13,95,82,0,57,131,150,27,122
LOLTMNT06_107293,TCL,15.04,163,60,14,124,178,1,169,58,46,1,15
LOLTMNT03_207492,HW,15.04,141,82,59,5,1,0,52,122,60,10,150
LOLTMNT06_106275,TCL,15.04,113,36,103,40,23,0,10,105,20,43,38
LOLTMNT03_206564,LVP SL,15.04,90,36,14,114,43,0,163,113,122,60,147
LOLTMNT03_206568,HW,15.04,14,163,57,118,54,1,128,103,27,140,112
LOLTMNT06_106277,TCL,15.04,128,132,106,107,2,0,170,112,181,140,118
LOLTMNT03_207500,LVP SL,15.04,191,57,95,139,118,1,27,170,13,82,5
LOLTMNT03_206569,ROL,15.04,90,122,175,140,111,1,163,5,20,170,147
LOLTMNT03_207506,HW,15.04,90,62,139,20,147,1,36,191,4,0,142
LOLTMNT03_206585,LVP SL,15.04,131,140,86,150,112,0,59,65,28,103,46
LOLTMNT06_107301,TCL,15.04,111,187,86,56,110,0,54,59,18,147,71
LOLTMNT03_206586,ROL,15.04,36,169,150,4,43,1,14,82,113,62,57
LOLTMNT03_207519,HW,15.04,83,155,188,125,15,1,181,170,44,58,65
LOLTMNT06_106283,AL,15.04,122,163,111,5,107,1,27,141,147,4,23
LOLTMNT03_206609,LVP SL,15.04,10,178,1,25,124,0,22,80,146,20,0
LOLTMNT03_207530,ROL,15.04,27,56,112,132,13,1,178,10,86,98,25
LOLTMNT03_206614,HW,15.04,187,86,175,131,2,1,171,176,43,173,114
LOLTMNT06_106286,AL,15.04,60,178,129,118,176,1,131,128,155,82,58
LOLTMNT03_207538,ROL,15.04,114,188,60,58,185,1,171,103,52,110,187
LOLTMNT06_107305,AL,15.04,36,90,103,57,1,1,140,175,13,184,43
LOLTMNT03_207544,ROL,15.04,107,1,160,44,143,1,176,118,129,156,0
LOLTMNT06_107307,AL,15.04,10,170,20,40,139,1,113,62,78,104,28
LOLTMNT06_106291,AL,15.04,181,54,188,115,30,1,49,59,25,56,86
LOLTMNT03_206642,LJL,15.04,131,23,49,187,86,1,178,5,177,62,18
LOLTMNT03_206654,LJL,15.04,178,5,150,187,184,1,113,60,190,65,32
LOLTMNT03_206675,LJL,15.04,131,57,14,130,103,1,5,163,86,178,146
LOLTMNT03_206676,VCS,15.04,5,169,13,95,118,0,191,27,60,36,122
LOLTMNT03_207614,LJL,15.04,131,5,14,95,122,1,90,64,56,181,118
LOLTMNT03_206681,VCS,15.04,10,170,40,147,103,1,128,113,163,171,20
LOLTMNT03_206700,VCS,15.04,161,4,176,175,78,1,62,0,82,14,90
LOLTMNT03_206710,VCS,15.04,57,90,171,176,4,0,27,191,60,95,103
LOLTMNT03_206713,VCS,15.04,64,131,124,23,150,1,128,169,65,22,155
LOLTMNT06_107315,AL,15.04,5,90,36,2,118,1,131,163,125,111,4
LOLTMNT06_107321,AL,15.04,27,178,14,103,112,0,169,150,64,122,46
LOLTMNT06_106303,AL,15.04,181,188,113,40,30,0,13,82,62,173,142
LOLTMNT03_206786,LJL,15.04,57,169,62,103,93,1,5,191,176,4,150
LOLTMNT03_206795,LJL,15.04,57,62,113,20,7,0,5,169,1,118,187
LOLTMNT03_206810,VCS,15.04,27,131,5,62,103,1,128,147,169,163,122
LOLTMNT03_206813,LJL,15.04,169,60,14,118,27,1,175,40,46,59,86
LOLTMNT03_207759,VCS,15.04,170,60,10,114,171,1,45,78,112,59,154
LOLTMNT06_107331,LFL2,15.04,163,65,178,20,146,1,181,90,128,122,62
LOLTMNT03_207763,LJL,15.04,131,5,49,113,103,0,128,191,181,58,82
LOLTMNT06_107332,LFL2,15.04,150,64,103,113,139,1,36,82,42,191,60
LOLTMNT03_206836,HW,15.04,52,14,36,4,112,0,191,57,122,142,25
LOLTMNT03_207783,LJL,15.04,131,172,150,27,103,0,57,49,163,170,82
LOLTMNT03_207780,VCS,15.04,141,60,27,62,122,0,57,107,111,64,82
LOLTMNT03_207790,VCS,15.04,10,83,139,49,4,1,56,131,163,14,114
LOLTMNT06_107333,LFL2,15.04,13,169,125,9,154,1,5,86,140,112,6
LOLTMNT03_206857,HW,15.04,5,58,82,54,171,1,163,103,125,83,181
LOLTMNT06_107334,LFL2,15.04,27,175,46,104,57,1,95,49,131,4,23
LOLTMNT03_207799,HW,15.04,141,62,180,40,0,1,128,155,150,6,43
LOLTMNT06_107335,LFL2,15.04,132,11,106,56,54,1,59,171,118,43,170
LOLTMNT03_207816,LPLOL,15.04,60,95,52,24,114,0,42,27,122,83,111
LOLTMNT03_207837,LPLOL,15.04,163,1,16,4,125,1,155,49,103,185,56
LOLTMNT03_206902,HW,15.04,128,169,122,140,27,0,40,36,178,118,171
LOLTMNT03_207841,LPLOL,15.04,191,90,139,176,150,0,82,66,25,9,85
LOLTMNT06_106323,PRM,15.04,90,59,60,20,181,1,171,163,107,103,69
LOLTMNT03_207844,HW,15.04,60,62,82,49,170,0,139,163,20,111,113
LOLTMNT06_107344,PRM,15.04,36,191,4,142,139,1,82,27,52,62,136
LOLTMNT06_107343,EBL,15.04,36,178,57,82,104,1,62,169,13,60,4
LOLTMNT03_207847,HW,15.04,90,52,181,114,155,1,125,131,142,15,24
LOLTMNT06_107345,PRM,15.04,122,49,141,22,23,1,114,83,155,128,58
LOLTMNT06_106327,EBL,15.04,141,27,171,134,118,1,175,150,5,10,65
LOLTMNT06_107346,EBL,15.04,163,131,142,148,56,0,107,1,122,95,44
LOLTMNT06_107347,EBL,15.04,113,11,58,54,43,0,90,129,140,103,180
LOLTMNT03_207866,LJL,15.04,131,14,60,187,20,0,5,27,83,82,62
LOLTMNT03_207892,LJL,15.04,131,5,14,103,187,0,128,27,150,170,82
LOLTMNT03_207900,VCS,15.04,60,169,27,49,4,1,62,128,141,122,155
LOLTMNT03_207901,LJL,15.04,141,128,5,64,124,1,131,181,56,27,82
LOLTMNT06_107349,LFL2,15.04,163,90,57,60,82,1,36,65,178,146,110
LOLTMNT03_207902,VCS,15.04,57,105,82,58,40,0,36,125,20,80,1
LOLTMNT06_106331,LFL2,15.04,142,191,20,125,64,1,66,122,42,59,56
LOLTMNT03_207905,HW,15.04,169,1,122,112,27,1,128,113,114,146,187
LOLTMNT03_206948,VCS,15.04,10,113,78,115,110,1,59,139,103,147,175
LOLTMNT06_106332,LFL2,15.04,27,70,51,46,189,1,128,103,169,176,171
LOLTMNT03_207907,HW,15.04,90,14,62,103,5,0,57,36,178,118,171
LOLTMNT06_106333,LFL2,15.04,76,86,14,131,112,0,87,133,181,113,43
LOLTMNT03_207913,HW,15.04,163,83,181,88,20,0,58,175,2,43,148
LOLTMNT06_107351,LFL2,15.04,5,141,49,4,11,1,175,132,106,44,164
LOLTMNT06_106334,TCL,15.04,57,36,170,150,122,0,5,163,82,175,111
LOLTMNT03_206976,HW,15.04,10,131,82,56,155,1,59,170,4,0,147
LOLTMNT01_212687,RL,15.05,52,14,125,140,20,1,103,10,43,19,142
LOLTMNT06_106337,TCL,15.04,90,62,60,118,13,1,128,27,131,176,103
LOLTMNT03_207928,HW,15.04,122,41,171,28,140,1,60,103,2,131,160
LOLTMNT01_212698,RL,15.05,113,64,122,13,49,0,27,82,60,28,147
LOLTMNT06_107354,TCL,15.04,10,178,112,129,4,0,58,14,46,80,65
LOLTMNT06_106340,LIT,15.04,141,36,147,82,42,1,83,163,103,60,23
LOLTMNT03_206984,HW,15.04,111,80,118,188,42,1,14,178,86,176,43
LOLTMNT01_210774,RL,15.05,163,169,118,23,93,1,36,141,65,181,173
LOLTMNT06_106346,EBL,15.04,5,62,103,175,1,0,169,36,125,82,145
LOLTMNT06_106347,LIT,15.04,191,142,122,0,176,0,169,181,128,27,20
LOLTMNT06_107355,TCL,15.04,169,1,56,76,20,1,113,140,44,181,133
LOLTMNT03_206988,HW,15.04,5,169,142,128,133,0,125,36,114,175,40
LOLTMNT06_107356,EBL,15.04,170,122,128,155,93,0,178,10,20,112,14
LOLTMNT01_210785,RL,15.05,57,175,1,6,155,1,58,54,40,29,88
LOLTMNT06_107357,LIT,15.04,10,56,65,124,125,0,178,95,118,1,25
LOLTMNT06_106348,TCL,15.04,107,71,59,115,38,1,187,54,86,40,78
LOLTMNT06_106353,EBL,15.04,27,150,118,139,54,0,141,95,13,133,43
LOLTMNT01_210872,FST,15.05,169,36,13,122,57,0,90,163,155,103,112
LOLTMNT01_210876,PCS,15.05,27,169,1,5,4,1,191,57,36,40,2
LOLTMNT01_210882,FST,15.05,14,23,131,95,82,1,5,10,141,11,113
LOLTMNT01_210884,FST,15.05,150,60,107,85,101,1,178,1,43,187,184
LOLTMNT01_212799,PCS,15.05,128,131,181,62,104,0,10,13,60,175,122
LOLTMNT01_212801,PCS,15.05,163,113,65,82,38,0,90,95,14,0,114
LOLTMNT01_210897,FST,15.05,141,14,36,56,4,1,169,13,95,82,71
LOLTMNT01_210904,FST,15.05,64,124,44,107,111,0,163,105,114,0,2
LOLTMNT03_207936,NEXO,15.04,141,57,187,103,147,1,60,52,49,155,20
LOLTMNT03_207937,NEXO,15.04,141,110,163,86,111,1,136,19,62,122,181
LOLTMNT03_207943,NEXO,15.04,36,5,131,20,171,1,49,62,170,57,118
LOLTMNT03_206999,NEXO,15.04,36,114,170,147,44,0,131,122,62,93,0
LOLTMNT03_208005,NEXO,15.04,13,139,28,62,122,1,150,113,46,187,53
LOLTMNT03_208006,NEXO,15.04,60,95,122,74,40,0,128,163,20,169,14
LOLTMNT01_213142,FST,15.05,128,141,36,171,82,1,5,169,62,13,118
LOLTMNT01_214068,FST,15.05,163,181,57,19,103,0,95,131,139,150,122
LOLTMNT01_213146,PCS,15.05,13,175,5,27,103,0,14,178,23,114,95
LOLTMNT01_214076,PCS,15.05,131,36,49,110,104,0,141,57,171,10,20
LOLTMNT01_214082,FST,15.05,128,169,13,10,20,1,36,178,40,155,118
LOLTMNT01_214088,FST,15.05,64,90,103,49,60,0,104,163,146,113,0
LOLTMNT01_214087,PCS,15.05,60,107,111,58,118,0,163,43,2,80,4
LOLTMNT01_213467,FST,15.05,128,169,181,10,118,1,14,36,175,65,4
LOLTMNT01_213476,FST,15.05,27,44,82,150,74,0,95,105,122,172,186
LOLTMNT01_214386,PCS,15.05,128,141,181,27,82,0,178,65,5,36,4
LOLTMNT01_214389,PCS,15.05,169,2,44,18,176,0,57,13,131,118,180
LOLTMNT01_213493,FST,15.05,64,124,5,13,170,0,10,141,57,65,150
LOLTMNT01_214406,PCS,15.05,163,103,83,187,186,0,175,58,122,1,51
LOLTMNT01_213503,FST,15.05,163,27,66,122,43,0,181,36,82,52,0
LOLTMNT01_214726,FST,15.05,150,169,62,118,46,0,36,14,178,60,4
LOLTMNT01_214731,FST,15.05,27,188,131,56,114,0,90,155,82,181,41
LOLTMNT01_213886,FST,15.05,128,36,178,150,82,0,163,169,13,114,146
LOLTMNT01_213908,FST,15.05,14,52,5,58,4,1,10,90,27,43,124
LOLTMNT01_213934,FST,15.05,57,122,62,175,172,1,131,32,139,118,129
LOLTMNT01_216039,FST,15.05,36,131,57,150,4,1,105,82,181,58,60
LOLTMNT01_216067,FST,15.05,128,178,146,27,114,0,141,14,139,103,22
LOLTMNT01_215241,FST,15.05,64,124,60,188,113,0,32,169,115,129,69
LOLTMNT01_216119,FST,15.05,163,90,24,118,125,1,58,155,191,122,117
LOLTMNT01_215294,FST,15.05,141,140,20,67,5,1,36,82,52,171,56
LOLTMNT01_216433,FST,15.05,128,178,14,140,4,0,163,131,181,82,57
LOLTMNT01_216438,FST,15.05,36,103,44,74,40,0,150,62,122,0,113
LOLTMNT01_216453,FST,15.05,5,169,58,115,49,0,105,10,125,155,154
LOLTMNT01_215592,FST,15.05,64,124,107,2,112,1,22,175,65,13,43
LOLTMNT01_216472,FST,15.05,27,90,56,106,132,1,141,111,41,187,184
LOLTMNT01_216490,FST,15.05,128,175,36,14,4,1,181,131,57,95,118
LOLTMNT01_216505,FST,15.05,163,178,146,103,125,0,169,10,2,122,0
LOLTMNT01_216516,FST,15.05,5,113,13,27,15,0,90,58,56,172,18
LOLTMNT01_216716,FST,15.05,128,175,14,62,4,0,90,57,150,95,118
LOLTMNT01_215852,FST,15.05,141,163,43,20,13,1,52,36,82,0,49
LOLTMNT01_215856,FST,15.05,131,58,41,122,171,0,10,56,146,178,134
LOLTMNT01_215859,FST,15.05,169,1,23,176,44,1,113,32,71,40,124
LOLTMNT01_217140,PCS,15.05,128,178,36,4,14,0,57,131,62,150,118
LOLTMNT01_217159,PCS,15.05,57,90,36,56,122,1,51,131,62,171,4
LOLTMNT01_218049,PCS,15.05,181,163,90,13,122,0,128,131,36,57,4
LOLTMNT01_217196,PCS,15.05,36,40,109,114,150,1,62,105,82,5,27
LOLTMNT01_217215,PCS,15.05,141,59,86,49,80,0,10,28,103,14,0
LOLTMNT04_102216,EM,15.05,163,178,111,122,88,0,95,131,5,14,82
LOLTMNT04_103229,EM,15.05,57,90,27,122,111,1,141,36,5,14,20
LOLTMNT04_102217,EM,15.05,90,181,62,57,104,0,14,36,52,20,169
LOLTMNT04_103230,EM,15.05,90,58,57,13,18,0,128,163,181,170,103
LOLTMNT04_102221,EM,15.05,27,66,56,140,4,0,181,191,103,60,59
LOLTMNT04_103238,EM,15.05,175,58,60,147,65,0,10,105,43,150,115
LOLTMNT01_217274,NEXO,15.05,57,20,36,16,147,1,5,82,93,170,88
LOLTMNT01_218152,NEXO,15.05,5,131,181,82,171,0,27,90,125,146,4
LOLTMNT04_103241,EM,15.05,113,147,44,155,122,1,178,111,60,10,124
LOLTMNT04_102226,EM,15.05,141,27,2,82,56,1,14,28,22,122,114
LOLTMNT04_103243,EM,15.05,90,27,125,118,150,1,163,5,82,170,1
LOLTMNT04_102229,EM,15.05,128,131,181,176,118,1,141,40,1,155,4
LOLTMNT04_103247,EM,15.05,171,10,20,43,175,0,95,131,118,150,23
LOLTMNT01_217295,NEXO,15.05,90,36,20,171,43,0,122,131,62,60,27
LOLTMNT01_217298,NEXO,15.05,52,112,59,86,146,1,5,90,62,118,171
LOLTMNT04_103248,EM,15.05,36,52,60,4,27,0,90,95,122,46,181
LOLTMNT04_103252,EM,15.05,150,113,60,10,20,0,90,27,57,43,15
LOLTMNT04_102238,EM,15.05,113,60,95,16,13,0,131,57,36,122,14
LOLTMNT04_102239,EM,15.05,141,59,122,1,60,1,36,178,82,13,42
LOLTMNT01_218204,NEXO,15.05,13,90,58,122,110,1,163,131,5,147,103
LOLTMNT04_103257,EM,15.05,163,131,5,147,154,0,28,22,136,150,103
LOLTMNT01_217338,NEXO,15.05,13,169,62,5,4,1,57,36,131,122,150
LOLTMNT04_103259,EM,15.05,163,16,20,40,125,1,27,131,150,113,110
LOLTMNT04_102240,EM,15.05,64,20,112,171,119,0,32,124,141,56,49
LOLTMNT01_217353,CD,15.05,163,90,181,60,118,1,57,36,191,4,25
LOLTMNT01_217369,CD,15.05,128,10,20,175,1,1,27,112,141,59,148
LOLTMNT01_218280,CD,15.05,14,95,122,109,43,1,52,150,58,125,18
LOLTMNT01_217388,CD,15.05,36,175,128,145,82,0,131,62,0,150,122
LOLTMNT01_218300,CD,15.05,57,95,113,129,15,0,107,27,60,20,1
LOLTMNT01_218345,PCS,15.05,141,128,58,4,155,1,28,36,60,82,2
LOLTMNT01_217448,PCS,15.05,109,36,40,41,20,0,169,1,62,5,15
LOLTMNT01_217451,PCS,15.05,128,58,178,14,15,1,131,57,27,40,115
LOLTMNT01_217452,PCS,15.05,141,36,1,43,122,1,169,150,62,60,118
LOLTMNT01_217457,PCS,15.05,163,44,5,158,18,0,10,125,118,111,107
LOLTMNT01_217465,PCS,15.05,128,83,181,58,103,0,131,5,14,82,95
LOLTMNT01_218383,PCS,15.05,36,113,150,114,60,0,128,64,178,116,90
LOLTMNT01_218390,PCS,15.05,10,141,14,51,124,1,5,131,181,58,65
LOLTMNT04_103276,EM,15.05,90,27,60,150,170,1,163,113,14,43,124
LOLTMNT04_102248,EM,15.05,52,181,188,4,41,0,14,163,122,186,88
LOLTMNT04_102250,EM,15.05,27,170,122,146,57,0,163,178,114,1,60
LOLTMNT04_102246,EM,15.05,163,28,147,82,0,0,141,14,95,122,43
LOLTMNT04_102251,EM,15.05,5,83,181,103,155,0,175,36,111,74,122
LOLTMNT04_103283,EM,15.05,28,22,139,1,37,1,60,10,20,171,113
LOLTMNT04_102252,EM,15.05,90,10,171,71,125,0,131,64,124,11,60
LOLTMNT04_103285,EM,15.05,141,11,10,118,134,0,14,90,103,58,43
LOLTMNT01_217560,NEXO,15.05,131,62,122,93,43,0,36,113,20,150,23
LOLTMNT01_217562,CD,15.05,113,150,10,118,43,0,36,128,141,146,82
LOLTMNT01_218459,NEXO,15.05,27,141,111,122,112,0,13,113,62,103,23
LOLTMNT04_102256,EM,15.05,36,170,147,114,20,0,141,14,62,56,118
LOLTMNT04_103286,EM,15.05,57,90,36,4,13,1,163,131,181,122,146
LOLTMNT04_102257,EM,15.05,36,82,129,28,44,1,62,13,4,113,98
LOLTMNT01_218487,CD,15.05,13,95,175,20,98,1,27,169,114,49,181
LOLTMNT04_102259,EM,15.05,1,178,112,140,114,1,125,16,82,49,76
LOLTMNT01_218489,NEXO,15.05,181,141,82,13,10,0,178,163,20,147,43
LOLTMNT01_218496,NEXO,15.05,163,178,60,7,4,0,52,58,139,122,14
LOLTMNT04_102260,EM,15.05,128,107,111,95,82,0,60,14,175,118,58
LOLTMNT01_218509,CD,15.05,163,90,57,124,171,1,150,169,95,4,60
LOLTMNT04_103287,EM,15.05,169,62,60,49,4,0,128,141,176,111,82
LOLTMNT04_102261,EM,15.05,90,155,103,140,86,0,27,105,122,10,0
LOLTMNT01_217596,NEXO,15.05,169,128,58,152,14,1,27,178,5,103,150
LOLTMNT04_102262,EM,15.05,27,113,14,118,5,0,141,163,150,122,23
LOLTMNT01_217604,NEXO,15.05,90,83,181,82,140,1,5,131,146,103,130
LOLTMNT01_218515,CD,15.05,14,176,118,178,128,1,10,107,122,13,28
LOLTMNT04_103290,EM,15.05,10,16,20,146,125,0,163,171,118,131,56
LOLTMNT01_217615,CD,15.05,57,113,150,10,20,0,90,27,147,0,118
LOLTMNT04_103291,EM,15.05,36,28,65,82,60,1,57,131,62,103,42
LOLTMNT01_217622,CD,15.05,169,13,62,122,14,1,128,175,1,176,103
LOLTMNT01_217623,CD,15.05,178,36,65,40,56,1,191,163,82,171,38
LOLTMNT01_218588,PCS,15.05,131,10,146,44,122,0,163,178,14,56,114
LOLTMNT01_217684,PCS,15.05,141,139,171,22,34,1,128,170,13,62,90
LOLTMNT01_218593,PCS,15.05,125,80,36,147,118,1,43,150,113,58,103
LOLTMNT01_218602,PCS,15.05,128,150,169,176,103,1,57,90,155,58,122
LOLTMNT01_217707,PCS,15.05,141,163,104,56,1,1,65,36,28,82,44
LOLTMNT01_217715,PCS,15.05,14,175,95,0,20,1,171,178,60,27,124
LOLTMNT01_218630,PCS,15.05,64,113,111,114,23,0,10,13,170,4,110
LOLTMNT04_102264,EM,15.05,90,36,122,111,5,0,163,181,103,83,23
LOLTMNT04_102266,EM,15.05,27,113,128,171,122,1,36,169,65,13,4
LOLTMNT04_103305,EM,15.05,14,141,60,140,118,0,58,150,82,178,41
LOLTMNT04_102267,EM,15.05,150,141,5,95,118,0,131,87,175,32,144
LOLTMNT04_103310,EM,15.05,163,191,181,103,56,0,140,178,82,49,44
LOLTMNT04_102272,EM,15.05,27,169,1,60,118,1,36,131,146,122,56
LOLTMNT04_103321,EM,15.05,163,52,82,43,51,1,95,90,14,20,125
LOLTMNT04_102277,EM,15.05,139,170,163,171,103,0,90,25,155,140,86
LOLTMNT04_102278,EM,15.05,64,124,147,25,178,0,150,114,5,187,86
LOLTMNT04_102279,EM,15.05,36,20,113,44,150,1,27,122,83,58,40
LOLTMNT01_217866,VCS,15.05,64,114,124,57,13,1,128,113,36,82,93
LOLTMNT01_218753,VCS,15.05,163,107,111,4,173,0,27,5,74,122,65
LOLTMNT01_217905,VCS,15.05,128,90,27,10,124,0,57,169,1,36,65
LOLTMNT01_218782,VCS,15.05,163,80,122,129,125,1,170,155,103,13,0
LOLTMNT01_218794,VCS,15.05,191,82,23,146,22,1,43,52,14,40,59
LOLTMNT04_102306,EM,15.05,90,14,36,42,118,0,27,131,56,78,103
LOLTMNT04_103343,EM,15.05,27,82,28,60,13,0,181,191,20,95,164
LOLTMNT04_102305,EM,15.05,128,169,150,10,118,0,90,14,0,58,103
LOLTMNT04_102308,EM,15.05,36,141,111,0,4,1,169,1,27,60,118
LOLTMNT04_102313,EM,15.05,163,141,150,122,0,0,14,103,140,52,125
LOLTMNT04_103350,EM,15.05,5,175,71,10,82,0,173,113,129,58,4
LOLTMNT04_102316,EM,15.05,27,191,82,64,60,0,122,1,140,170,112
LOLTMNT04_103355,EM,15.05,131,10,181,103,40,0,83,95,2,122,113
LOLTMNT04_103356,EM,15.05,57,131,58,171,154,0,59,169,139,15,2
LOLTMNT04_103357,EM,15.05,169,187,53,147,40,0,140,86,178,111,60
LOLTMNT04_102318,EM,15.05,36,178,4,7,44,0,141,62,146,20,43
LOLTMNT04_103359,EM,15.05,128,114,155,185,176,0,5,82,62,173,147
LOLTMNT04_102321,EM,15.05,22,111,56,30,65,1,113,188,118,78,43
LOLTMNT04_103361,EM,15.05,107,125,2,65,9,1,32,131,124,104,42
LOLTMNT04_102322,EM,15.05,122,46,181,188,170,0,20,155,105,176,70
LOLTMNT04_102323,EM,15.05,64,171,178,20,112,1,163,13,156,18,46
LOLTMNT04_103364,EM,15.05,36,114,190,44,4,1,147,64,104,170,110
LOLTMNT04_103365,EM,15.05,25,85,101,189,74,1,59,107,94,125,13
LOLTMNT01_218870,VCS,15.05,128,178,65,62,122,0,27,141,13,57,124
LOLTMNT01_219026,VCS,15.05,64,170,103,147,60,0,32,114,5,131,2
LOLTMNT01_218891,VCS,15.05,128,169,36,181,118,1,65,163,178,40,124
LOLTMNT01_218894,VCS,15.05,5,175,1,122,187,0,141,27,60,146,115
LOLTMNT04_102336,EM,15.05,90,57,95,4,111,1,36,128,169,20,146
LOLTMNT04_102339,EM,15.05,122,150,10,175,112,0,131,118,58,171,56
LOLTMNT04_103376,EM,15.05,27,103,178,1,5,0,82,181,105,176,114
LOLTMNT04_103377,EM,15.05,2,155,18,125,170,1,140,13,60,107,65
11869-11869_game_1,LPL,15.06,5,169,13,163,82,1,14,36,0,175,4
11870-11870_game_1,LPL,15.06,57,175,13,27,122,0,5,181,131,36,4
LOLTMNT02_232732,LJL,15.06,27,90,43,36,65,0,60,163,191,141,171
LOLTMNT02_231734,LJL,15.06,5,98,180,95,65,1,128,131,9,20,40
LOLTMNT02_232719,LJL,15.06,163,178,125,122,111,0,5,62,175,118,78
LOLTMNT01_218987,VCS,15.05,36,170,82,2,139,0,27,191,57,163,103
LOLTMNT02_232743,LJL,15.06,13,60,176,122,170,1,14,131,36,118,23
LOLTMNT02_231750,LJL,15.06,163,65,74,172,60,1,64,124,181,175,44
LOLTMNT02_231751,LJL,15.06,57,191,163,43,122,1,10,103,107,60,172
11871-11871_game_1,LPL,15.06,57,188,82,43,83,1,163,169,118,146,27
LOLTMNT02_231757,LJL,15.06,150,155,56,154,14,0,128,169,111,36,118
LOLTMNT02_232755,LJL,15.06,27,90,128,58,154,0,36,98,110,181,18
LOLTMNT02_231765,LJL,15.06,5,191,163,147,90,1,125,169,62,150,118
LOLTMNT02_231762,LJL,15.06,36,65,66,112,13,1,85,101,131,128,40
LOLTMNT02_232751,LJL,15.06,100,58,15,23,70,1,175,163,103,57,49
LOLTMNT02_231761,LJL,15.06,57,36,20,49,45,1,0,163,178,122,171
11872-11872_game_1,LPL,15.06,128,178,163,40,124,1,13,169,5,27,103
LOLTMNT01_218993,VCS,15.05,10,74,40,5,65,0,14,90,0,22,115
11873-11873_game_1,LPL,15.06,5,178,95,82,40,1,13,36,0,175,114
LOLTMNT01_220003,VCS,15.05,163,170,103,129,46,1,36,65,60,80,4
11874-11874_game_1,LPL,15.06,150,36,82,0,107,0,163,114,2,43,124
LOLTMNT01_220011,VCS,15.05,27,52,43,188,118,0,191,125,85,82,59
LOLTMNT04_102356,EM,15.05,14,44,178,27,122,1,181,191,103,36,114
LOLTMNT04_102357,EM,15.05,169,176,118,111,107,1,82,170,150,22,60
LOLTMNT04_103389,EM,15.05,90,58,25,57,15,1,155,83,43,65,140
11875-11875_game_1,LPL,15.06,5,169,150,163,4,1,14,178,161,10,133
LOLTMNT02_234030,LJL,15.06,60,85,101,178,1,0,56,155,14,154,116
LOLTMNT02_234024,LJL,15.06,57,62,178,20,171,1,5,83,176,122,49
LOLTMNT02_233026,LJL,15.06,10,83,43,122,98,0,131,36,23,34,111
LOLTMNT02_233042,LJL,15.06,163,113,46,3,20,1,5,178,13,36,15
LOLTMNT02_234034,LJL,15.06,107,58,128,40,122,0,10,178,13,46,4
LOLTMNT02_234028,LJL,15.06,57,191,163,103,125,1,100,23,36,15,70
11876-11876_game_1,LPL,15.06,64,169,46,132,13,0,5,104,175,62,40
LOLTMNT02_234047,LJL,15.06,10,128,169,1,103,0,5,59,154,29,180
LOLTMNT02_233051,LJL,15.06,62,60,178,2,118,1,128,169,111,58,154
LOLTMNT02_233053,LJL,15.06,46,10,103,111,178,0,64,150,124,70,56
LOLTMNT02_233052,LJL,15.06,13,22,87,112,170,0,57,191,36,18,0
11877-11877_game_1,LPL,15.06,169,46,150,176,4,1,5,163,107,40,103
LOLTMNT02_234050,LJL,15.06,163,178,43,40,4,0,188,100,172,157,146
LOLTMNT02_234052,LJL,15.06,128,36,54,20,150,0,43,163,14,141,15
LOLTMNT02_233076,LJL,15.06,60,59,20,14,83,1,122,10,191,112,142
LOLTMNT01_220063,VCS,15.05,169,60,150,62,114,1,128,64,124,74,40
LOLTMNT02_234060,LJL,15.06,128,175,146,140,122,1,169,1,60,163,114
11878-11878_game_1,LPL,15.06,105,14,43,95,82,0,181,131,125,36,20
LOLTMNT02_233077,LJL,15.06,100,163,181,15,44,1,191,176,60,49,122
LOLTMNT02_234063,LJL,15.06,27,90,40,58,53,0,128,107,59,20,49
LOLTMNT02_234067,LJL,15.06,163,24,70,3,114,1,5,62,178,122,150
LOLTMNT02_234072,LJL,15.06,163,5,178,111,114,1,128,10,141,82,180
LOLTMNT01_220064,VCS,15.05,141,36,125,20,171,0,5,131,27,113,2
11879-11879_game_1,LPL,15.06,141,111,5,27,122,1,163,14,46,107,118
LOLTMNT01_219191,VCS,15.05,57,83,43,59,103,1,181,90,41,95,82
11880-11880_game_1,LPL,15.06,181,131,56,32,103,0,46,169,163,1,4
LOLTMNT01_220071,VCS,15.05,13,58,178,0,34,1,111,56,122,10,71
LOLTMNT04_102362,EM,15.05,128,141,95,171,4,0,40,58,170,111,15
LOLTMNT02_233156,LRS,15.06,5,10,111,103,113,1,136,13,107,58,82
LOLTMNT04_102363,EM,15.05,169,10,147,118,25,1,36,27,131,18,5
LOLTMNT02_234186,LRS,15.06,131,57,2,140,118,1,181,36,128,175,4
LOLTMNT04_102364,EM,15.05,155,44,105,187,86,1,83,181,60,140,65
LOLTMNT02_234224,LRS,15.06,64,52,122,0,1,0,95,141,125,133,171
LOLTMNT02_234253,LRS,15.06,128,62,169,4,155,1,90,36,82,5,146
LOLTMNT02_234270,LRS,15.06,14,178,58,15,43,0,141,10,1,122,23
11881-11881_game_1,LPL,15.06,128,114,104,129,22,1,5,64,124,112,83
LOLTMNT01_219265,PCS,15.05,90,181,56,10,20,0,27,83,60,36,65
11882-11882_game_1,LPL,15.06,169,2,5,188,82,0,181,131,46,124,163
LOLTMNT01_220114,PCS,15.05,131,150,23,22,124,1,141,14,125,122,58
11883-11883_game_1,LPL,15.06,169,5,2,10,20,0,100,163,40,82,46
LOLTMNT01_220115,PCS,15.05,5,95,107,103,129,1,114,163,13,173,175
11884-11884_game_1,LPL,15.06,46,40,175,27,4,1,2,178,5,10,20
LOLTMNT01_219266,PCS,15.05,178,46,40,160,86,0,146,59,44,80,18
11885-11885_game_1,LPL,15.06,57,105,82,36,43,0,163,46,4,129,80
LOLTMNT01_220119,PCS,15.05,57,82,188,105,51,0,176,118,1,54,157
11886-11886_game_1,LPL,15.06,46,169,13,62,122,1,181,131,172,36,82
LOLTMNT01_219279,NEXO,15.05,25,64,178,43,104,0,141,171,32,60,103
LOLTMNT01_219281,NEXO,15.05,139,90,13,155,114,1,0,54,7,27,122
LOLTMNT01_220132,NEXO,15.05,27,131,181,112,101,1,36,122,178,125,84
LOLTMNT01_219285,NEXO,15.05,90,57,122,27,128,1,58,175,5,103,147
LOLTMNT01_219289,NEXO,15.05,90,83,27,106,124,0,175,64,122,23,147
LOLTMNT01_220135,NEXO,15.05,90,176,118,60,181,1,27,169,122,111,46
LOLTMNT02_234618,LRN,15.06,64,90,5,14,4,0,131,155,23,122,129
LOLTMNT02_234670,CD,15.06,163,90,181,43,103,1,14,58,141,125,122
LOLTMNT02_234716,LRN,15.06,10,40,178,172,86,0,128,169,58,13,15
LOLTMNT02_234722,CD,15.06,36,46,175,4,13,1,10,131,56,118,171
LOLTMNT02_233715,LRN,15.06,36,82,57,170,171,1,103,140,141,2,88
LOLTMNT02_234757,CD,15.06,27,105,0,112,132,1,62,82,113,60,111
LOLTMNT02_233762,LRN,15.06,169,57,27,82,150,1,113,128,64,103,190
LOLTMNT02_234788,CD,15.06,128,36,131,82,27,1,163,90,0,13,20
LOLTMNT02_233789,LRN,15.06,13,54,95,118,112,0,10,191,155,122,43
LOLTMNT02_234810,CD,15.06,169,46,1,187,122,0,178,181,2,58,103
LOLTMNT02_233802,LRN,15.06,10,54,150,112,20,0,57,163,178,14,65
LOLTMNT02_233813,LRN,15.06,128,169,155,85,101,1,36,0,191,2,118
11887-11887_game_1,LPL,15.06,46,169,40,58,4,1,163,5,27,131,124
11888-11888_game_1,LPL,15.06,57,90,27,36,82,0,181,131,163,139,20
LOLTMNT01_219304,PCS,15.05,169,13,163,60,133,1,131,64,124,14,43
11889-11889_game_1,LPL,15.06,13,178,0,163,4,0,169,43,1,95,118
LOLTMNT01_219306,PCS,15.05,178,65,62,122,139,0,56,36,80,103,1
LOLTMNT01_220153,PCS,15.05,90,27,57,188,148,1,83,95,181,4,23
11890-11890_game_1,LPL,15.06,128,100,150,95,4,1,5,13,170,58,122
LOLTMNT01_220163,PCS,15.05,10,5,54,86,40,1,58,150,51,118,155
11891-11891_game_1,LPL,15.06,46,178,62,150,118,1,13,169,43,64,124
11892-11892_game_1,LPL,15.06,13,5,107,95,103,0,57,163,100,129,4
LOLTMNT05_121159,PRM,15.06,163,14,141,124,0,0,100,36,146,37,88
LOLTMNT05_122155,PRM,15.06,14,54,5,163,122,0,57,169,1,27,20
LOLTMNT05_122158,PRM,15.06,90,36,103,43,155,1,150,109,82,95,41
LOLTMNT05_121163,PRM,15.06,27,5,178,82,150,0,139,22,83,122,134
LOLTMNT02_235050,ROL,15.06,65,163,125,170,146,0,36,90,43,122,129
LOLTMNT05_122164,PRM,15.06,46,27,115,155,112,1,59,141,118,111,23
LOLTMNT02_236077,ROL,15.06,36,40,175,4,147,0,62,128,122,170,188
LOLTMNT02_236092,ROL,15.06,27,107,13,171,4,0,10,46,112,103,67
LOLTMNT05_121173,PRM,15.06,169,5,1,140,15,1,114,163,125,145,170
LOLTMNT02_236115,ROL,15.06,163,131,181,124,134,1,58,111,112,82,178
LOLTMNT02_235107,ROL,15.06,113,176,118,162,69,1,131,82,62,128,23
LOLTMNT02_236118,CD,15.06,128,175,1,58,122,0,90,36,150,43,114
LOLTMNT05_121175,PRM,15.06,83,181,60,95,103,1,58,113,43,147,82
LOLTMNT02_235123,ROL,15.06,171,60,54,10,104,1,155,191,103,56,59
LOLTMNT02_235130,CD,15.06,46,95,82,23,40,1,27,131,5,118,24
LOLTMNT02_235141,LRS,15.06,128,90,5,176,103,0,14,169,40,118,140
LOLTMNT02_236153,CD,15.06,57,178,65,187,4,1,107,111,62,60,136
LOLTMNT02_235157,LRS,15.06,141,58,171,56,15,0,155,36,52,125,4
LOLTMNT02_235161,CD,15.06,128,178,150,27,122,1,10,169,13,110,20
LOLTMNT02_235164,CD,15.06,113,83,36,118,129,0,141,82,62,60,49
11893-11893_game_1,LPL,15.06,46,131,181,188,82,0,5,163,13,178,118
LOLTMNT01_220195,PCS,15.05,128,36,56,129,82,1,5,178,13,104,32
11894-11894_game_1,LPL,15.06,141,125,13,62,122,1,5,131,146,36,4
LOLTMNT01_219333,PCS,15.05,57,131,95,172,122,0,27,90,20,44,155
11895-11895_game_1,LPL,15.06,46,104,178,58,150,1,64,124,128,13,114
LOLTMNT01_220197,PCS,15.05,60,187,175,1,184,0,163,65,0,54,146
11896-11896_game_1,LPL,15.06,128,141,27,36,103,1,5,40,83,122,62
11897-11897_game_1,LPL,15.06,141,64,104,56,1,1,5,191,36,122,129
11898-11898_game_1,LPL,15.06,57,100,36,40,122,0,60,163,169,129,4
11937-11937_game_1,LPL,15.06,5,107,13,95,122,0,163,0,150,170,4
LOLTMNT05_122184,PRM,15.06,169,5,36,146,20,0,107,111,62,122,168
LOLTMNT05_121190,PRM,15.06,57,131,171,155,4,0,150,113,139,115,27
LOLTMNT05_121196,PRM,15.06,90,36,14,125,20,0,54,155,1,114,86
LOLTMNT05_122198,PRM,15.06,178,65,62,118,150,1,128,131,181,4,22
LOLTMNT02_235484,CD,15.06,181,90,5,85,101,1,131,57,36,171,103
LOLTMNT02_236530,NACL,15.06,169,5,36,103,13,0,128,100,58,118,129
LOLTMNT02_235495,CD,15.06,27,178,82,150,43,0,13,113,118,187,56
LOLTMNT02_236548,NACL,15.06,155,52,82,44,181,0,64,104,178,171,110
LOLTMNT02_235505,CD,15.06,163,52,27,60,103,0,57,90,58,122,142
LOLTMNT02_235508,NACL,15.06,100,56,150,58,118,1,64,5,104,141,129
LOLTMNT02_235514,CD,15.06,46,10,150,175,118,0,128,64,169,111,124
LOLTMNT02_236569,NACL,15.06,57,36,131,122,49,1,10,105,181,82,164
LOLTMNT02_235520,NACL,15.06,125,95,171,4,74,0,113,155,25,174,152
11899-11899_game_1,LPL,15.06,128,100,150,176,4,0,46,169,1,62,118
11900-11900_game_1,LPL,15.06,141,36,150,65,56,1,163,169,1,5,122
11901-11901_game_1,LPL,15.06,57,131,150,95,4,1,169,46,129,58,118
11902-11902_game_1,LPL,15.06,46,114,27,36,4,0,56,100,13,95,103
11903-11903_game_1,LPL,15.06,46,178,150,36,4,1,56,100,2,163,122
11904-11904_game_1,LPL,15.06,128,131,27,62,122,0,46,100,129,36,20
LOLTMNT05_121222,TCL,15.06,57,163,90,4,150,0,5,181,188,185,15
LOLTMNT05_122234,TCL,15.06,46,163,114,14,122,1,36,169,128,13,103
LOLTMNT05_122237,TCL,15.06,46,163,118,14,175,0,64,124,2,113,181
LOLTMNT05_122243,TCL,15.06,57,105,36,28,4,1,141,163,5,13,118
LOLTMNT02_235837,ROL,15.06,100,163,65,40,0,1,120,27,122,111,28
LOLTMNT02_235862,ROL,15.06,57,46,62,4,60,1,141,36,18,171,56
LOLTMNT02_236926,ROL,15.06,128,140,103,147,178,0,90,36,122,0,181
LOLTMNT02_236948,ROL,15.06,57,83,49,64,82,0,175,111,112,58,15
LOLTMNT02_235921,NACL,15.06,100,5,27,103,1,0,46,181,36,82,105
LOLTMNT02_236984,NACL,15.06,57,122,188,155,175,0,14,113,139,118,164
LOLTMNT02_235955,NACL,15.06,90,163,150,122,125,1,27,131,147,103,56
LOLTMNT02_237012,NACL,15.06,191,187,14,4,60,0,30,10,49,118,110
11905-11905_game_1,LPL,15.06,5,169,13,36,65,0,131,10,125,129,133
11906-11906_game_1,LPL,15.06,163,114,13,139,4,1,181,131,5,93,118
LOLTMNT01_219415,VCS,15.05,27,90,36,82,0,1,163,128,170,129,103
11907-11907_game_1,LPL,15.06,141,150,95,4,23,0,100,129,139,62,103
LOLTMNT01_219421,VCS,15.05,5,58,1,110,118,0,169,10,150,60,124
11908-11908_game_1,LPL,15.06,46,169,2,176,118,0,128,131,181,122,62
LOLTMNT01_220255,VCS,15.05,107,62,122,147,175,1,57,178,4,155,33
11909-11909_game_1,LPL,15.06,128,64,124,129,178,1,62,175,104,40,5
LOLTMNT01_220257,VCS,15.05,22,52,14,115,56,0,59,139,28,65,18
11910-11910_game_1,LPL,15.06,128,129,175,36,65,0,163,40,4,83,181
LOLTMNT01_220262,VCS,15.05,113,2,25,85,101,1,114,171,172,86,76
11958-11958_game_1,LPL,15.06,46,131,181,27,20,0,128,122,175,62,180
LOLTMNT05_122252,TCL,15.06,163,131,5,4,14,1,128,169,27,82,181
LOLTMNT05_122257,TCL,15.06,163,107,128,118,150,0,105,58,155,112,15
LOLTMNT05_122260,TCL,15.06,46,36,90,4,150,0,2,131,27,122,62
LOLTMNT05_121265,TCL,15.06,57,90,27,76,122,0,141,5,36,13,103
LOLTMNT02_238415,NACL,15.06,100,111,57,90,10,1,114,14,139,58,82
LOLTMNT02_237504,NACL,15.06,163,4,56,141,87,0,95,178,146,122,60
LOLTMNT02_238453,NACL,15.06,100,163,129,0,20,0,169,5,58,49,189
LOLTMNT02_238470,NACL,15.06,141,32,103,150,41,0,74,65,56,95,122
LOLTMNT02_238578,LAS,15.06,46,10,141,13,82,0,131,163,5,14,4
LOLTMNT02_238584,LAS,15.06,46,10,14,122,178,0,100,163,5,146,82
LOLTMNT02_237646,LAS,15.06,100,5,14,62,90,0,114,46,150,187,113
LOLTMNT02_237633,LAS,15.06,128,169,150,118,187,1,14,178,36,60,104
LOLTMNT02_237658,LAS,15.06,128,10,20,83,181,0,13,36,65,131,85
LOLTMNT02_238603,LAS,15.06,128,169,103,13,58,0,36,65,60,113,172
LOLTMNT02_237661,LAS,15.06,5,163,107,122,1,1,57,65,58,83,125
LOLTMNT02_237666,LAS,15.06,128,178,65,176,129,0,169,36,161,118,171
LOLTMNT02_237682,LAS,15.06,111,100,43,9,20,1,191,181,62,82,139
LOLTMNT02_237716,LAS,15.06,46,169,10,150,4,1,5,163,82,113,146
LOLTMNT02_238675,LAS,15.06,46,170,62,13,118,0,36,169,65,56,172
LOLTMNT02_238678,LAS,15.06,163,60,14,141,133,0,128,58,181,191,103
LOLTMNT02_238680,LAS,15.06,5,107,1,155,82,0,57,191,40,22,20
11911-11911_game_1,LPL,15.06,57,90,181,62,118,0,141,163,13,4,139
LOLTMNT02_238689,LAS,15.06,64,5,104,113,1,0,32,124,80,60,145
LOLTMNT02_237733,LAS,15.06,14,85,101,112,175,1,181,131,62,60,118
LOLTMNT02_238705,LAS,15.06,169,13,62,139,118,0,128,36,65,80,129
LOLTMNT02_238730,LAS,15.06,46,64,124,111,178,0,5,114,10,90,155
LOLTMNT02_237769,LJL,15.06,100,5,147,36,65,1,178,13,176,60,122
LOLTMNT02_237773,LJL,15.06,46,191,27,176,122,0,43,169,1,58,34
LOLTMNT02_237774,LJL,15.06,163,5,66,25,118,1,60,176,170,111,4
LOLTMNT02_237772,LJL,15.06,128,163,178,20,13,0,100,60,58,122,150
LOLTMNT02_237777,LJL,15.06,46,169,1,163,118,0,27,83,146,5,154
LOLTMNT02_237778,LJL,15.06,57,181,70,188,118,0,46,100,36,129,114
11912-11912_game_1,LPL,15.06,169,125,13,10,20,1,5,131,146,95,4
LOLTMNT02_237787,LAS,15.06,95,107,111,114,0,1,36,100,20,2,43
LOLTMNT02_238768,LJL,15.06,100,5,147,58,34,0,16,163,125,40,20
LOLTMNT02_237802,LJL,15.06,128,169,1,59,103,1,85,101,40,141,146
11913-11913_game_1,LPL,15.06,46,62,118,113,90,0,141,163,71,124,14
LOLTMNT02_237803,LJL,15.06,163,98,82,180,60,1,169,36,1,154,128
LOLTMNT02_238771,LJL,15.06,5,178,20,58,146,1,128,169,1,27,114
LOLTMNT02_238772,LJL,15.06,57,36,181,54,15,1,107,9,111,60,103
LOLTMNT02_238769,LJL,15.06,46,178,62,118,147,0,60,150,59,154,180
LOLTMNT01_220300,VCS,15.05,64,175,124,125,129,1,141,32,144,5,14
LOLTMNT02_238788,LJL,15.06,60,83,59,20,14,1,162,131,163,34,150
LOLTMNT02_237822,LJL,15.06,100,125,58,142,20,1,5,113,62,40,34
LOLTMNT02_237829,LJL,15.06,46,163,131,104,190,0,5,83,36,20,2
LOLTMNT01_220302,VCS,15.05,163,103,90,128,155,0,107,36,82,57,40
LOLTMNT02_238790,LJL,15.06,170,62,118,185,49,1,155,191,103,125,104
LOLTMNT02_238791,LJL,15.06,46,9,122,80,1,1,58,170,34,56,150
LOLTMNT02_238795,LJL,15.06,150,36,60,170,82,1,163,169,46,111,20
11914-11914_game_1,LPL,15.06,46,90,27,58,4,0,128,1,178,62,122
LOLTMNT01_219462,VCS,15.05,22,113,60,4,2,1,58,65,142,122,169
11915-11915_game_1,LPL,15.06,100,57,129,36,104,1,46,114,150,59,103
11916-11916_game_1,LPL,15.06,100,146,5,64,104,1,163,169,124,138,113
LOLTMNT05_122323,LEC,15.06,141,181,128,176,118,1,46,131,155,36,103
LOLTMNT05_122326,LEC,15.06,14,122,27,60,107,0,163,113,150,124,5
LOLTMNT05_122336,LEC,15.06,13,169,181,10,4,0,163,141,5,25,20
LOLTMNT05_121339,LEC,15.06,46,27,178,150,103,0,36,131,56,118,49
LOLTMNT05_122345,LEC,15.06,46,90,181,62,122,1,13,141,14,36,4
LOLTMNT05_122355,LEC,15.06,163,150,118,5,131,1,10,178,103,1,134
LOLTMNT05_121353,LEC,15.06,191,27,20,139,155,0,22,30,104,171,43
LOLTMNT02_240238,LAS,15.06,128,169,36,181,82,1,163,13,178,14,114
LOLTMNT02_239239,LAS,15.06,46,10,14,175,82,1,131,36,5,2,20
LOLTMNT02_239232,LAS,15.06,5,107,163,122,1,1,128,10,82,54,14
LOLTMNT02_239236,LAS,15.06,14,125,100,58,103,1,163,5,107,146,82
LOLTMNT02_239247,LAS,15.06,36,60,83,134,114,0,56,131,181,95,90
LOLTMNT02_239250,LAS,15.06,128,107,172,86,187,0,191,181,95,40,103
LOLTMNT02_240253,LAS,15.06,169,62,13,139,103,1,131,36,20,129,0
LOLTMNT02_239253,LAS,15.06,191,27,60,2,113,1,100,95,150,110,4
LOLTMNT02_239283,LAS,15.06,46,141,49,187,86,1,131,5,1,118,9
LOLTMNT02_240278,LAS,15.06,5,82,36,40,178,1,163,169,1,122,134
LOLTMNT02_239287,LAS,15.06,163,60,14,113,82,1,128,100,150,62,103
LOLTMNT02_240297,LAS,15.06,46,141,181,62,103,1,163,131,5,1,20
LOLTMNT02_240292,LAS,15.06,57,131,181,187,103,1,128,163,2,65,175
LOLTMNT02_240299,LAS,15.06,62,131,181,60,4,0,100,155,2,103,125
LOLTMNT02_240301,LAS,15.06,169,125,111,118,187,0,5,36,20,178,40
LOLTMNT02_240307,LAS,15.06,111,178,125,155,4,0,5,169,150,62,122
LOLTMNT02_240305,LAS,15.06,57,36,178,172,114,0,128,14,175,58,104
LOLTMNT02_239312,LJL,15.06,100,5,49,9,20,0,46,114,1,103,187
LOLTMNT02_240314,LJL,15.06,46,131,150,122,36,1,5,83,147,118,62
LOLTMNT02_239316,LJL,15.06,100,103,43,132,1,0,60,46,20,155,14
LOLTMNT02_239302,LJL,15.06,22,83,87,0,163,0,46,58,191,141,171
LOLTMNT02_240317,LJL,15.06,64,13,124,131,5,0,36,150,118,170,60
LOLTMNT02_239317,LJL,15.06,10,191,150,60,82,0,0,83,3,155,122
11917-11917_game_1,LPL,15.06,169,56,150,122,36,0,46,178,40,95,103
LOLTMNT02_239326,LJL,15.06,60,150,59,154,180,1,23,131,62,82,1
LOLTMNT02_240337,LJL,15.06,46,169,1,187,86,0,36,191,181,5,122
LOLTMNT01_219518,VCS,15.05,128,141,181,62,4,1,5,163,2,40,122
LOLTMNT02_239340,LJL,15.06,10,122,83,57,171,0,163,120,114,25,41
LOLTMNT02_239332,LJL,15.06,100,36,49,118,125,1,150,163,170,60,115
LOLTMNT02_240348,LJL,15.06,100,43,163,49,34,0,46,107,146,95,122
LOLTMNT02_239344,LJL,15.06,169,58,148,65,1,1,57,178,10,133,146
11918-11918_game_1,LPL,15.06,46,178,150,36,65,0,100,128,186,4,62
LOLTMNT01_220368,VCS,15.05,191,60,27,103,78,0,107,36,43,13,113
LOLTMNT02_239376,LJL,15.06,169,163,129,5,103,1,1,90,34,36,162
11919-11919_game_1,LPL,15.06,100,46,40,95,104,1,128,163,114,4,150
LOLTMNT01_219521,VCS,15.05,131,129,82,95,170,1,57,90,150,58,18
11919-11919_game_2,LPL,15.06,169,122,23,36,2,1,5,141,146,176,118
LOLTMNT01_220371,VCS,15.05,175,176,1,46,34,1,28,118,187,84,25
11919-11919_game_3,LPL,15.06,181,131,71,103,32,1,83,125,82,186,58
LOLTMNT05_122377,LEC,15.06,141,150,36,118,56,0,163,113,14,4,43
LOLTMNT05_121383,LEC,15.06,169,13,60,62,104,0,122,90,27,180,129
LOLTMNT05_122381,LEC,15.06,163,146,83,4,43,1,141,181,122,36,8
LOLTMNT05_122391,LEC,15.06,13,178,150,62,103,1,10,131,5,2,124
LOLTMNT05_122399,LEC,15.06,57,95,52,49,34,1,113,171,118,140,44
LOLTMNT02_239612,LRS,15.06,46,178,2,62,118,1,90,181,10,5,40
LOLTMNT02_240631,LRS,15.06,141,14,82,142,0,1,36,175,20,146,43
LOLTMNT02_240645,LRS,15.06,27,60,13,122,83,1,163,125,147,131,4
LOLTMNT02_239645,LRS,15.06,100,163,5,14,122,1,57,178,36,40,82
LOLTMNT02_239650,LRS,15.06,131,125,181,95,118,1,52,155,43,188,4
LOLTMNT02_239654,LRS,15.06,169,1,60,20,27,0,10,141,0,13,124
LOLTMNT02_240695,LCKC,15.06,14,5,131,176,118,0,128,141,171,62,103
LOLTMNT02_239708,LCKC,15.06,57,125,83,155,4,1,111,36,60,82,170
LOLTMNT02_239723,LCKC,15.06,128,141,14,58,82,0,163,113,105,155,139
LOLTMNT02_240743,LCKC,15.06,57,62,122,181,131,1,5,95,4,83,44
LOLTMNT02_239735,LCKC,15.06,169,140,1,125,90,0,36,178,146,118,60
11920-11920_game_1,LPL,15.06,100,128,129,163,4,1,46,13,169,64,124
11920-11920_game_2,LPL,15.06,5,14,178,10,20,0,150,103,0,170,188
LOLTMNT02_240757,LCKC,15.06,57,90,36,13,4,1,128,131,181,10,20
11921-11921_game_1,LPL,15.06,169,128,150,122,163,1,129,178,46,103,27
11921-11921_game_2,LPL,15.06,141,14,5,36,20,1,40,170,23,4,95
11921-11921_game_3,LPL,15.06,175,64,104,1,60,0,125,62,82,146,110
LOLTMNT05_122430,LEC,15.06,90,122,163,60,150,0,36,141,4,111,43
LOLTMNT05_122431,LEC,15.06,27,169,46,1,15,0,105,57,56,118,176
LOLTMNT02_239885,NEXO,15.06,5,78,114,142,122,1,57,1,170,132,25
LOLTMNT05_121435,LEC,15.06,171,178,58,65,5,1,10,113,20,78,173
LOLTMNT02_239920,NEXO,15.06,169,5,27,118,150,1,90,155,126,122,177
LOLTMNT02_240939,NEXO,15.06,155,30,154,153,33,0,27,90,103,147,178
LOLTMNT05_121441,LEC,15.06,128,131,57,27,103,1,181,100,40,163,4
LOLTMNT02_240951,NEXO,15.06,131,58,147,20,43,1,155,83,103,163,23
LOLTMNT05_121453,LEC,15.06,90,146,62,118,43,0,36,1,169,122,180
LOLTMNT02_239998,LRN,15.06,46,64,141,103,129,0,5,36,178,122,24
LOLTMNT02_241009,CD,15.06,131,62,181,5,90,0,141,27,13,4,125
LOLTMNT02_241029,LRN,15.06,128,27,82,114,171,1,40,163,4,80,14
LOLTMNT02_241033,CD,15.06,100,163,150,60,118,0,178,36,49,122,43
LOLTMNT02_242029,LRN,15.06,46,163,82,1,125,0,36,2,122,141,171
LOLTMNT02_241050,CD,15.06,46,1,169,187,86,1,2,95,114,56,133
LOLTMNT02_242042,LRN,15.06,155,173,40,0,13,0,128,169,10,103,150
LOLTMNT02_242047,CD,15.06,163,169,5,122,146,1,90,36,23,150,82
LOLTMNT02_241074,LRN,15.06,128,169,62,122,27,1,131,36,146,5,20
LOLTMNT02_241077,CD,15.06,100,27,171,4,0,0,10,13,107,115,125
LOLTMNT02_241079,LRN,15.06,163,66,155,152,0,0,95,191,82,180,56
LOLTMNT02_241146,LCKC,15.06,128,178,129,58,82,0,46,100,150,176,118
LOLTMNT02_241153,LCKC,15.06,105,163,65,139,1,1,125,36,83,27,122
LOLTMNT02_241157,LCKC,15.06,141,0,114,187,2,0,5,131,104,140,40
LOLTMNT02_242159,LCKC,15.06,128,90,27,59,4,0,14,141,5,22,20
LOLTMNT02_242181,LCKC,15.06,181,131,0,95,122,1,43,13,80,36,82
LOLTMNT02_241229,LCKC,15.06,103,62,60,178,111,1,100,1,125,187,118
LOLTMNT02_241247,HLL,15.06,90,122,128,58,27,1,163,191,139,103,147
LOLTMNT02_241265,HLL,15.06,163,4,127,180,83,1,27,122,112,36,52
LOLTMNT02_241282,HLL,15.06,163,114,14,4,139,1,27,169,1,103,25
LOLTMNT05_121483,PRM,15.06,46,83,163,142,122,1,100,5,14,27,82
LOLTMNT05_122466,PRM,15.06,1,169,36,20,43,1,54,27,146,103,88
LOLTMNT02_242306,HLL,15.06,163,191,180,103,60,0,95,90,122,111,23
LOLTMNT05_121487,PRM,15.06,181,90,36,37,88,1,57,191,60,58,4
LOLTMNT05_122467,PRM,15.06,34,62,117,114,4,1,155,131,5,14,86
LOLTMNT02_241351,ROL,15.06,36,54,188,112,104,0,128,58,181,169,15
LOLTMNT05_121491,PRM,15.06,103,178,62,43,1,0,150,54,56,140,86
LOLTMNT05_122469,PRM,15.06,178,9,24,150,53,1,64,113,124,13,112
LOLTMNT02_241389,ROL,15.06,46,175,27,87,20,0,57,62,114,150,154
LOLTMNT02_242380,ROL,15.06,163,122,150,139,171,0,191,57,36,15,5
LOLTMNT05_122472,PRM,15.06,46,27,122,58,60,1,163,100,4,1,43
LOLTMNT02_242404,ROL,15.06,10,170,165,122,56,0,1,107,82,160,136
LOLTMNT02_241404,LRS,15.06,128,169,62,129,118,1,5,36,113,146,82
LOLTMNT02_242413,ROL,15.06,65,178,23,140,20,0,60,169,40,103,176
LOLTMNT05_121495,PRM,15.06,22,37,171,186,136,1,150,10,54,20,57
LOLTMNT02_241443,CD,15.06,163,178,128,1,103,1,36,150,5,122,28
LOLTMNT02_242448,LRS,15.06,14,163,54,0,115,0,52,27,187,125,103
LOLTMNT02_242452,ROL,15.06,90,58,188,25,148,1,155,99,181,112,86
LOLTMNT02_242454,CD,15.06,64,52,181,4,56,0,104,90,27,58,43
LOLTMNT02_242467,LRS,15.06,128,36,122,54,1,0,5,163,82,191,155
LOLTMNT02_242473,CD,15.06,100,150,57,36,82,1,178,163,60,147,6
LOLTMNT02_242475,LRS,15.06,57,83,142,176,118,0,181,131,23,62,40
LOLTMNT02_241474,CD,15.06,128,131,181,27,122,0,1,169,5,58,4
LOLTMNT02_242547,LCK,15.06,100,5,36,13,4,0,57,95,169,1,118
LOLTMNT02_241560,LCK,15.06,141,10,20,171,0,0,27,178,14,103,43
LOLTMNT02_242586,LCK,15.06,46,131,27,95,122,1,36,141,128,13,4
LOLTMNT02_241605,LCK,15.06,163,178,40,0,124,0,169,150,5,10,20
LOLTMNT02_241674,HC,15.06,90,83,181,58,65,1,14,131,10,133,110
LOLTMNT05_122495,PRM,15.06,163,113,150,103,44,1,27,131,155,15,25
LOLTMNT02_242688,HC,15.06,147,170,122,62,41,0,54,36,128,124,172
LOLTMNT05_121516,NLC,15.06,113,163,166,57,122,0,14,30,58,44,4
LOLTMNT05_121523,PRM,15.06,107,13,171,140,23,0,111,36,169,115,129
LOLTMNT02_241720,HC,15.06,163,6,65,43,145,1,58,122,110,44,13
LOLTMNT05_121524,NLC,15.06,25,170,27,20,139,0,10,128,114,155,124
LOLTMNT05_121530,PRM,15.06,100,36,57,147,4,0,141,14,5,122,155
LOLTMNT05_122510,NLC,15.06,163,128,113,103,13,1,90,58,57,82,155
LOLTMNT02_241731,HC,15.06,191,155,57,99,4,1,36,90,82,113,49
LOLTMNT05_121538,PRM,15.06,128,175,95,13,40,0,27,178,43,118,172
LOLTMNT05_122515,NLC,15.06,14,58,113,118,139,1,181,90,95,82,43
LOLTMNT05_122517,PRM,15.06,90,62,1,18,125,1,54,187,171,115,0
LOLTMNT05_121540,NLC,15.06,163,90,128,27,103,1,13,58,169,75,152
LOLTMNT02_242751,CD,15.06,128,163,150,113,122,0,46,100,1,95,4
LOLTMNT02_242759,CD,15.06,178,36,82,49,5,1,14,141,103,62,173
LOLTMNT02_241787,NACL,15.06,128,141,27,1,103,0,100,46,49,58,4
LOLTMNT02_241797,CD,15.06,57,114,150,62,82,1,169,5,36,13,20
LOLTMNT02_242767,NACL,15.06,178,62,118,5,13,1,14,36,82,113,125
LOLTMNT02_242768,CD,15.06,163,122,191,112,27,1,178,58,4,60,49
LOLTMNT02_241801,NACL,15.06,57,111,52,36,103,0,155,90,88,95,20
LOLTMNT02_242775,CD,15.06,128,141,1,176,118,0,95,0,103,30,146
LOLTMNT02_241807,NACL,15.06,163,83,122,186,125,1,133,131,181,10,56
LOLTMNT02_242782,NACL,15.06,128,175,27,14,124,1,40,178,118,187,129
LOLTMNT02_241881,LCKC,15.06,100,36,139,129,82,0,128,114,14,27,4
LOLTMNT02_241884,LCKC,15.06,128,141,181,95,122,0,40,14,178,10,4
LOLTMNT02_241883,LCKC,15.06,46,131,171,59,122,1,128,14,141,58,4
LOLTMNT02_241899,LCKC,15.06,27,90,36,0,103,0,163,111,100,5,113
LOLTMNT02_241902,LCKC,15.06,27,83,43,62,103,1,125,191,181,95,20
LOLTMNT02_242853,LCKC,15.06,169,176,118,146,110,1,113,1,5,155,170
LOLTMNT02_241923,LCKC,15.06,169,150,0,176,118,0,5,64,124,175,40
LOLTMNT02_242868,LCKC,15.06,46,58,65,178,8,1,10,20,44,90,157
LOLTMNT02_241948,LCK,15.06,46,131,181,36,34,1,57,169,13,95,118
LOLTMNT02_241955,LCK,15.06,163,100,78,4,56,0,111,107,62,103,41
LOLTMNT02_241987,LCK,15.06,46,90,181,95,122,0,128,36,27,52,82
LOLTMNT02_243004,LCK,15.06,64,178,124,56,1,1,141,43,25,132,150
LOLTMNT02_242946,LCK,15.06,100,0,13,62,44,1,60,169,14,10,20
LOLTMNT05_121595,TCL,15.06,5,169,95,118,1,0,131,0,27,122,14
LOLTMNT02_243051,HC,15.06,46,27,57,103,129,0,65,181,74,58,44
LOLTMNT05_121601,TCL,15.06,57,163,83,114,103,1,169,5,62,1,82
LOLTMNT05_122577,LIT,15.06,36,145,4,44,30,0,10,122,147,113,181
LOLTMNT05_122576,NLC,15.06,57,169,95,122,49,1,36,90,128,113,13
LOLTMNT02_243077,HC,15.06,100,142,122,150,112,1,140,178,14,4,110
LOLTMNT05_122578,TCL,15.06,169,40,163,122,171,1,128,178,36,13,103
LOLTMNT02_243093,ROL,15.06,171,122,125,176,141,0,5,169,4,163,1
LOLTMNT05_122581,LIT,15.06,100,140,103,129,125,0,163,114,122,1,43
LOLTMNT02_243094,HC,15.06,90,36,82,2,43,1,59,171,20,169,114
LOLTMNT05_121610,NLC,15.06,163,169,1,103,56,1,100,58,146,122,60
LOLTMNT05_122585,TCL,15.06,100,46,95,40,82,1,163,113,2,122,51
LOLTMNT05_121617,LIT,15.06,181,83,82,95,0,1,163,191,122,186,44
LOLTMNT05_121619,NLC,15.06,36,122,141,150,43,1,62,169,14,20,23
LOLTMNT02_244030,ROL,15.06,36,40,175,20,129,1,128,131,181,62,82
LOLTMNT02_243114,ROL,15.06,32,185,49,122,56,1,163,191,103,1,162
LOLTMNT02_244025,HC,15.06,46,113,10,147,114,1,163,122,151,150,23
LOLTMNT02_243120,HC,15.06,90,155,111,115,43,1,36,52,171,82,181
LOLTMNT02_244034,ROL,15.06,46,155,118,172,43,0,100,111,103,27,139
LOLTMNT02_244035,ROL,15.06,141,176,118,60,14,1,27,131,18,171,42
LOLTMNT05_121622,NLC,15.06,128,54,95,111,82,1,57,27,141,122,49
LOLTMNT02_244046,ROL,15.06,90,59,181,94,134,1,30,140,82,13,54
LOLTMNT05_122598,NLC,15.06,46,131,181,4,36,0,163,141,13,38,118
LOLTMNT02_243128,NACL,15.06,128,169,129,85,94,1,57,141,36,7,65
LOLTMNT02_243132,NACL,15.06,46,131,163,34,11,0,5,114,14,27,118
LOLTMNT02_244068,NACL,15.06,128,141,111,9,86,1,13,169,181,85,94
LOLTMNT02_244070,NACL,15.06,5,131,95,25,104,0,57,90,1,59,175
LOLTMNT02_244099,LCKC,15.06,181,131,128,176,4,0,46,2,175,62,44
LOLTMNT02_244100,LCKC,15.06,128,131,181,27,122,0,5,100,1,118,176
LOLTMNT02_244108,LCKC,15.06,141,14,0,95,20,1,178,36,146,71,104
LOLTMNT02_244109,LCKC,15.06,14,60,170,58,122,0,125,27,83,82,10
LOLTMNT02_243195,LCKC,15.06,169,56,13,58,4,1,163,175,124,129,139
LOLTMNT03_212501,LJL,15.07,16,40,60,59,118,0,128,141,157,20,155
LOLTMNT02_243218,LCK,15.06,57,150,178,62,118,1,128,14,141,36,4
LOLTMNT03_212512,LJL,15.07,46,163,175,122,150,1,113,36,57,82,93
LOLTMNT02_243219,LCK,15.06,46,10,104,105,155,1,64,124,146,175,5
LOLTMNT03_211507,LJL,15.07,100,36,1,0,82,1,163,150,70,44,20
LOLTMNT02_244146,LCK,15.06,163,131,56,113,129,1,95,100,60,82,111
LOLTMNT03_211515,LJL,15.07,100,62,1,122,5,1,36,107,129,4,114
LOLTMNT02_244166,LCK,15.06,100,57,13,27,122,0,128,14,178,58,4
LOLTMNT03_212564,LJL,15.07,163,57,178,122,128,1,5,155,83,20,2
LOLTMNT02_243267,LCK,15.06,169,0,1,10,20,0,5,95,146,80,118
LOLTMNT03_211582,LJL,15.07,128,169,163,82,14,1,5,191,155,122,58
LOLTMNT02_243277,HLL,15.06,128,169,62,155,122,0,36,14,0,113,4
LOLTMNT02_244187,HLL,15.06,46,58,122,111,5,1,173,163,4,2,107
LOLTMNT05_122606,TCL,15.06,128,113,150,27,122,1,40,95,107,147,4
LOLTMNT02_243290,HLL,15.06,113,147,103,58,43,0,27,191,20,181,57
LOLTMNT05_122610,TCL,15.06,131,163,60,129,20,0,181,128,105,10,4
LOLTMNT05_121640,LIT,15.06,113,36,122,40,169,1,178,27,185,171,5
LOLTMNT06_110035,PRMP,15.07,46,155,122,114,27,1,49,169,5,82,147
LOLTMNT06_111029,PRMP,15.07,100,58,65,43,191,0,56,163,15,14,54
LOLTMNT06_110036,PRMP,15.07,90,155,128,58,118,1,83,181,122,60,62
LOLTMNT03_211667,PRMP,15.07,163,11,173,124,162,1,27,14,54,122,71
LOLTMNT02_243295,HLL,15.06,57,90,36,122,171,0,10,139,103,178,1
LOLTMNT05_121641,TCL,15.06,57,27,178,15,14,0,95,128,170,118,181
LOLTMNT06_110044,PRMP,15.07,163,118,170,84,43,0,188,115,151,136,78
LOLTMNT06_111031,PRMP,15.07,36,182,65,147,56,1,178,22,115,44,2
LOLTMNT05_122622,LIT,15.06,10,110,189,134,122,0,5,169,128,163,53
LOLTMNT06_110045,PRMP,15.07,10,25,6,94,176,0,36,90,146,122,125
LOLTMNT03_211704,PRMP,15.07,115,52,106,152,56,0,155,113,191,36,25
LOLTMNT05_121650,TCL,15.06,163,28,181,4,191,1,36,46,131,122,27
LOLTMNT05_121652,LIT,15.06,5,169,150,10,20,0,163,90,46,103,155
LOLTMNT06_111034,PRMP,15.07,60,85,101,83,155,0,27,144,118,30,150
LOLTMNT03_211727,PRMP,15.07,150,140,141,65,43,1,58,15,7,137,88
LOLTMNT06_111039,PRMP,15.07,46,5,122,60,155,0,169,14,57,4,140
LOLTMNT06_111040,PRMP,15.07,100,93,182,30,82,0,163,57,150,169,118
LOLTMNT06_110052,PRMP,15.07,163,171,90,5,18,0,65,178,111,58,23
LOLTMNT06_111041,PRMP,15.07,52,126,58,114,112,1,90,155,122,93,56
LOLTMNT06_110054,PRMP,15.07,141,56,62,150,90,1,0,105,95,118,67
LOLTMNT06_111044,PRMP,15.07,64,25,131,103,5,0,10,1,43,173,104
LOLTMNT06_110055,PRMP,15.07,155,86,113,129,44,1,169,62,122,168,60
LOLTMNT06_110056,PRMP,15.07,163,169,13,136,118,0,32,54,115,147,65
LOLTMNT02_244235,NACL,15.06,163,141,13,146,103,1,128,169,58,1,82
LOLTMNT02_244243,NACL,15.06,57,90,95,171,131,1,27,122,178,14,139
LOLTMNT02_243340,NACL,15.06,10,83,60,155,20,1,125,191,181,22,94
LOLTMNT02_244255,NACL,15.06,57,83,49,4,36,1,5,141,129,118,62
LOLTMNT02_244258,NACL,15.06,100,14,58,15,44,1,95,90,122,147,60
LOLTMNT02_244259,NACL,15.06,169,150,125,85,94,0,191,27,82,42,40
LOLTMNT02_243419,LAS,15.06,64,124,100,60,14,0,163,57,178,82,150
LOLTMNT02_243413,LAS,15.06,163,60,146,175,118,0,128,14,36,104,113
LOLTMNT02_243417,LAS,15.06,10,60,13,175,118,1,128,14,36,178,82
LOLTMNT02_244330,LAS,15.06,169,163,128,181,122,1,46,170,36,82,2
LOLTMNT02_244350,LAS,15.06,131,181,5,62,118,1,10,141,56,13,133
LOLTMNT02_244351,LAS,15.06,57,146,27,178,103,0,10,14,20,131,139
LOLTMNT02_243438,LAS,15.06,163,113,5,1,4,1,111,107,125,140,114
LOLTMNT02_243439,LAS,15.06,100,129,95,0,122,1,178,1,5,27,82
LOLTMNT02_244356,LCK,15.06,169,125,150,27,122,1,100,5,36,146,34
LOLTMNT02_244363,LAS,15.06,27,129,54,44,133,0,169,150,0,122,62
LOLTMNT02_243459,LCK,15.06,128,129,175,176,4,1,1,178,57,118,187
LOLTMNT02_243457,LAS,15.06,169,13,43,187,133,1,191,181,56,176,103
11965-11965_game_1,LPL,15.07,128,178,1,176,103,1,169,150,5,62,82
LOLTMNT02_243477,LAS,15.06,46,113,14,95,122,1,131,163,171,91,114
LOLTMNT02_244373,LAS,15.06,57,163,82,146,80,1,60,10,20,169,150
LOLTMNT02_244383,LCK,15.06,46,52,155,10,103,0,14,141,82,62,38
LOLTMNT03_211905,LJL,15.07,181,36,170,23,118,0,169,1,5,10,82
LOLTMNT02_244382,LAS,15.06,46,10,124,141,146,0,5,64,104,1,175
LOLTMNT02_244384,LAS,15.06,163,14,60,178,104,0,128,100,181,36,118
LOLTMNT02_243488,LAS,15.06,100,10,103,125,1,0,178,36,5,82,150
11965-11965_game_2,LPL,15.07,163,105,122,13,80,1,43,104,95,113,2
LOLTMNT02_244387,LAS,15.06,128,131,14,187,4,0,40,62,103,181,83
LOLTMNT02_244393,LAS,15.06,14,62,103,139,170,0,36,65,191,27,112
LOLTMNT02_243505,LAS,15.06,13,125,95,170,103,1,5,10,1,131,122
LOLTMNT02_243506,LCK,15.06,169,57,150,27,118,0,128,14,100,62,82
LOLTMNT03_211924,LJL,15.07,163,175,23,146,122,1,169,128,36,40,20
11965-11965_game_3,LPL,15.07,131,71,155,10,20,0,125,181,83,58,118
LOLTMNT03_212931,LJL,15.07,163,178,93,4,60,1,36,49,16,82,43
LOLTMNT02_243511,LAS,15.06,46,169,129,187,86,1,57,27,105,176,8
LOLTMNT02_244407,LCK,15.06,36,178,1,0,122,0,141,187,40,103,43
11966-11966_game_1,LPL,15.07,163,178,40,4,1,0,128,169,95,150,122
LOLTMNT03_212953,LJL,15.07,95,83,82,60,129,0,191,85,184,5,51
11966-11966_game_2,LPL,15.07,181,131,5,10,124,0,57,83,82,155,36
LOLTMNT03_211992,LJL,15.07,100,83,56,176,118,1,60,80,122,1,155
LOLTMNT06_111070,LEC,15.07,128,131,181,36,82,1,163,113,1,122,2
LOLTMNT03_214016,LJL,15.07,128,155,58,141,4,1,163,1,40,122,5
11967-11967_game_1,LPL,15.07,100,27,129,139,113,1,64,104,141,13,98
LOLTMNT06_111072,LEC,15.07,27,90,171,118,57,1,64,49,30,4,180
11967-11967_game_2,LPL,15.07,95,125,155,4,90,1,181,131,62,43,103
LOLTMNT06_110083,LEC,15.07,191,10,43,82,85,0,90,64,5,150,20
11967-11967_game_3,LPL,15.07,46,173,1,58,20,0,169,71,14,36,65
LOLTMNT06_111090,LEC,15.07,128,169,181,4,62,1,171,178,60,122,140
LOLTMNT06_111097,LEC,15.07,163,30,43,122,2,1,191,27,36,23,4
LOLTMNT03_214145,LTA S,15.07,46,141,14,58,82,0,27,95,128,90,4
LOLTMNT06_110120,LEC,15.07,141,171,95,5,115,0,52,10,49,82,125
LOLTMNT03_213170,LTA S,15.07,163,83,27,173,20,0,181,131,5,4,10
LOLTMNT03_214199,LTA S,15.07,163,169,1,0,82,1,95,178,150,5,4
LOLTMNT03_214223,LTA S,15.07,169,36,129,118,114,0,5,163,122,100,150
LOLTMNT03_213249,LTA N,15.07,46,64,124,54,1,0,163,178,104,129,172
LOLTMNT03_214267,LTA N,15.07,100,36,13,5,82,1,163,150,169,128,122
LOLTMNT03_213276,LTA N,15.07,46,36,129,4,80,0,163,169,14,127,124
LOLTMNT03_214309,LTA N,15.07,46,163,141,171,118,0,56,131,181,104,62
LOLTMNT02_244605,LAS,15.06,46,131,163,155,122,0,128,169,14,187,86
LOLTMNT02_243712,LAS,15.06,100,40,146,187,118,0,128,14,178,36,20
LOLTMNT02_243710,LAS,15.06,163,60,1,175,65,0,128,181,131,187,103
LOLTMNT02_243711,LAS,15.06,163,60,14,82,170,1,128,169,13,10,122
LOLTMNT02_243722,LAS,15.06,10,60,82,107,111,0,113,95,43,4,13
LOLTMNT02_244618,LAS,15.06,5,114,62,82,129,0,100,1,176,0,20
LOLTMNT02_243723,LAS,15.06,191,95,27,122,0,1,36,82,105,5,14
LOLTMNT02_243727,LAS,15.06,104,36,1,0,175,1,131,95,146,43,103
LOLTMNT02_244630,LCK,15.06,46,178,13,58,122,0,57,131,36,129,114
LOLTMNT02_244633,LAS,15.06,46,178,62,114,150,1,57,58,4,100,40
LOLTMNT02_244646,LAS,15.06,169,1,62,103,129,1,128,163,178,40,124
LOLTMNT02_243751,LCK,15.06,169,150,118,155,43,0,1,100,0,62,103
11968-11968_game_1,LPL,15.07,141,150,57,64,124,1,178,40,62,60,104
LOLTMNT02_244657,LAS,15.06,163,100,60,14,82,1,5,169,95,122,1
LOLTMNT02_244664,LAS,15.06,57,131,181,187,118,1,128,14,113,27,103
LOLTMNT02_243764,LAS,15.06,100,36,14,38,20,0,46,95,27,107,118
LOLTMNT02_243769,LAS,15.06,57,105,58,13,122,1,46,10,131,51,115
LOLTMNT03_214374,LJL,15.07,57,170,49,27,122,0,5,178,36,103,150
LOLTMNT02_243781,LAS,15.06,46,90,181,134,58,0,131,10,91,13,118
LOLTMNT02_244680,LAS,15.06,163,170,124,13,40,1,178,62,5,122,155
11968-11968_game_2,LPL,15.07,100,114,27,4,84,0,5,169,1,95,103
LOLTMNT02_243783,LCK,15.06,46,178,1,58,4,1,14,141,128,95,118
LOLTMNT02_243782,LAS,15.06,163,40,170,4,1,1,128,169,58,122,146
LOLTMNT02_244681,LAS,15.06,14,141,95,0,4,1,111,36,43,118,175
LOLTMNT03_214387,LJL,15.07,57,170,36,122,78,1,60,178,15,58,1
LOLTMNT02_244682,LAS,15.06,10,20,43,80,2,1,95,1,146,15,175
LOLTMNT02_244684,LCK,15.06,100,43,36,40,103,1,5,27,107,129,114
11969-11969_game_1,LPL,15.07,95,178,129,44,103,1,1,169,57,62,4
LOLTMNT03_213397,LJL,15.07,140,98,51,114,78,0,57,141,14,86,59
LOLTMNT02_243791,LCK,15.06,131,22,56,15,150,0,171,83,60,176,18
11969-11969_game_2,LPL,15.07,181,131,71,58,122,1,13,141,5,27,82
LOLTMNT03_214425,LJL,15.07,46,175,163,122,1,0,60,83,58,118,172
11969-11969_game_3,LPL,15.07,150,114,139,59,86,1,43,170,40,10,124
LOLTMNT03_214455,LJL,15.07,128,58,65,70,40,1,36,43,13,141,103
LOLTMNT03_213495,LJL,15.07,100,128,27,129,103,1,5,141,184,85,11
11970-11970_game_1,LPL,15.07,169,5,150,4,36,1,178,95,125,1,118
11970-11970_game_2,LPL,15.07,57,188,82,113,13,0,163,83,139,27,103
LOLTMNT06_110153,LEC,15.07,141,122,14,58,43,1,163,57,83,82,181
LOLTMNT06_111152,LEC,15.07,90,46,95,4,150,1,27,131,2,103,49
LOLTMNT03_213606,LTA S,15.07,95,141,23,4,13,1,5,131,1,62,118
LOLTMNT03_213634,LTA S,15.07,46,131,181,62,118,1,13,169,36,2,4
LOLTMNT06_111156,LEC,15.07,57,36,150,4,100,1,163,14,5,175,118
LOLTMNT03_213678,LTA S,15.07,57,131,150,64,104,1,128,10,107,13,65
LOLTMNT06_110166,LEC,15.07,191,122,95,171,43,1,10,27,20,19,0
LOLTMNT06_110171,LEC,15.07,90,103,176,1,60,0,128,62,82,113,155
LOLTMNT03_213710,LTA S,15.07,128,95,141,14,4,0,46,27,52,36,20
LOLTMNT03_213755,LRN,15.07,46,95,141,103,150,1,128,10,178,122,1
LOLTMNT03_214777,LTA N,15.07,100,36,13,5,82,0,163,150,169,43,4
LOLTMNT03_213781,LRN,15.07,163,43,14,131,4,0,36,125,169,49,65
LOLTMNT03_213794,LTA N,15.07,163,178,57,14,114,1,100,95,129,4,0
LOLTMNT03_214834,LTA N,15.07,169,14,36,114,57,0,150,27,178,122,182
LOLTMNT03_214851,LRN,15.07,13,178,36,122,5,1,64,141,104,171,56
LOLTMNT03_213808,LRN,15.07,131,95,118,125,165,0,163,129,156,15,41
LOLTMNT03_214856,LTA N,15.07,163,100,129,4,175,1,46,36,178,155,65
LOLTMNT03_214905,LCKC,15.07,169,146,0,95,104,1,5,14,178,64,124
LOLTMNT03_213865,LCKC,15.07,100,43,62,122,40,0,175,1,56,118,59
LOLTMNT03_213891,LCKC,15.07,57,27,36,114,90,1,1,178,139,187,86
LOLTMNT03_213911,LCKC,15.07,128,169,62,4,111,0,40,163,74,13,34
LOLTMNT03_214984,PCS,15.07,46,100,13,58,4,1,128,169,10,129,20
11971-11971_game_1,LPL,15.07,128,178,1,58,103,1,129,100,5,95,122
LOLTMNT03_214997,LCKC,15.07,128,178,1,176,118,1,57,14,141,62,103
LOLTMNT03_213951,PCS,15.07,65,178,23,62,103,0,36,5,56,40,122
11971-11971_game_2,LPL,15.07,14,141,23,64,124,1,27,43,82,169,49
LOLTMNT03_215018,LCKC,15.07,46,36,107,171,4,0,163,175,5,150,124
LOLTMNT03_213972,PCS,15.07,155,82,83,60,22,0,90,95,118,125,150
11971-11971_game_3,LPL,15.07,163,170,171,114,44,1,60,36,146,113,65
LOLTMNT03_215067,PCS,15.07,90,57,14,36,82,1,163,178,5,150,4
LOLTMNT03_216042,PCS,15.07,46,181,58,141,122,0,169,1,62,51,114
11972-11972_game_1,LPL,15.07,46,169,1,62,114,1,100,43,129,4,58
11972-11972_game_2,LPL,15.07,139,150,36,82,83,1,95,14,141,122,57
11972-11972_game_3,LPL,15.07,125,131,171,103,32,1,27,56,178,111,20
LOLTMNT03_215191,NEXO,15.07,163,135,84,18,110,1,169,5,58,171,103
LOLTMNT06_110205,LEC,15.07,141,46,27,104,111,1,90,163,57,150,65
LOLTMNT03_216153,NEXO,15.07,46,5,62,90,131,0,100,36,114,43,89
LOLTMNT06_110211,LEC,15.07,171,36,54,122,110,0,131,49,62,0,114
LOLTMNT03_216187,NEXO,15.07,90,58,1,100,122,1,128,163,169,111,114
LOLTMNT06_111217,LEC,15.07,163,128,181,131,118,1,27,191,5,82,155
LOLTMNT03_215275,NEXO,15.07,100,146,112,95,122,1,57,1,178,59,20
LOLTMNT06_110226,LEC,15.07,141,171,122,60,32,0,169,13,4,62,150
LOLTMNT03_216289,CD,15.07,1,175,163,5,4,1,131,181,58,56,118
LOLTMNT03_215340,LRN,15.07,57,90,27,1,122,0,169,128,36,13,4
LOLTMNT03_216302,CD,15.07,46,103,27,113,62,0,95,122,150,178,44
LOLTMNT03_215363,LRN,15.07,46,95,118,113,111,1,10,178,5,103,129
LOLTMNT03_215362,CD,15.07,57,163,128,113,103,0,178,36,65,112,20
LOLTMNT03_216330,LRN,15.07,46,27,178,171,103,0,128,100,36,146,122
LOLTMNT03_216334,CD,15.07,46,27,82,175,1,0,2,169,4,10,150
LOLTMNT03_215376,LRN,15.07,95,83,23,181,20,1,32,5,54,118,1
LOLTMNT03_216351,LRN,15.07,5,95,122,178,14,1,125,155,52,103,150
LOLTMNT03_215383,LRN,15.07,163,82,128,113,49,0,36,65,40,175,13
LOLTMNT03_215478,LCKC,15.07,46,100,1,27,122,0,5,178,129,36,4
LOLTMNT03_216460,LCKC,15.07,181,131,0,62,118,0,43,114,163,171,103
LOLTMNT03_216462,PCS,15.07,46,178,1,95,122,0,169,163,128,129,20
11973-11973_game_1,LPL,15.07,141,5,1,95,103,0,163,57,14,113,20
LOLTMNT03_215505,PCS,15.07,5,175,13,36,118,0,100,27,131,0,34
11973-11973_game_2,LPL,15.07,181,83,139,27,122,0,155,36,105,112,4
LOLTMNT03_216493,LCKC,15.07,57,131,64,103,1,0,169,104,139,150,62
LOLTMNT03_215530,PCS,15.07,128,178,14,10,82,0,169,57,36,11,122
LOLTMNT03_215537,LCKC,15.07,163,111,170,180,4,1,105,155,43,32,82
11974-11974_game_1,LPL,15.07,163,83,155,114,5,1,181,131,57,4,36
LOLTMNT03_216542,PCS,15.07,46,95,114,27,90,1,5,113,62,40,104
LOLTMNT03_216551,LCKC,15.07,128,141,14,176,118,1,0,95,171,122,90
11974-11974_game_2,LPL,15.07,169,95,171,25,103,0,139,150,178,62,122
LOLTMNT03_216581,PCS,15.07,170,32,60,171,103,1,56,131,22,34,147
LOLTMNT03_216593,HLL,15.07,163,191,43,20,181,1,62,100,139,82,1
LOLTMNT03_216625,HLL,15.07,128,113,36,147,82,1,163,131,5,13,118
LOLTMNT03_215656,HM,15.07,46,131,181,176,118,1,62,113,56,122,14
LOLTMNT03_216673,HLL,15.07,27,113,82,60,150,1,36,178,4,129,139
LOLTMNT03_216659,RL,15.07,54,122,111,62,43,1,163,131,171,4,5
LOLTMNT03_215695,HM,15.07,27,128,178,104,2,1,111,107,59,51,82
LOLTMNT06_110237,PRM,15.07,100,171,112,95,65,1,90,27,43,36,122
LOLTMNT03_215713,LVP SL,15.07,1,140,112,103,107,0,128,163,4,171,170
LOLTMNT06_111240,PRM,15.07,46,57,60,93,103,0,163,181,83,13,82
LOLTMNT03_215727,HLL,15.07,46,27,103,36,0,1,90,43,122,58,147
LOLTMNT03_215724,RL,15.07,90,188,125,64,124,1,95,147,82,0,156
LOLTMNT03_215728,HM,15.07,163,150,100,128,82,1,113,27,171,122,56
LOLTMNT06_110244,PRM,15.07,122,62,5,90,155,1,4,36,150,139,30
LOLTMNT03_215746,LVP SL,15.07,14,178,36,4,44,1,5,141,150,62,103
LOLTMNT03_216735,ROL,15.07,57,90,163,104,2,0,181,131,44,36,65
LOLTMNT06_111248,PRM,15.07,57,129,178,62,82,0,58,150,30,5,4
LOLTMNT03_216757,RL,15.07,155,86,178,1,139,1,169,150,22,104,23
LOLTMNT03_215783,HM,15.07,36,5,1,4,175,0,57,155,103,62,90
LOLTMNT06_110253,PRM,15.07,27,54,171,103,46,0,34,181,62,118,38
LOLTMNT03_215793,LVP SL,15.07,163,122,100,2,60,1,169,95,4,147,43
LOLTMNT03_216783,ROL,15.07,169,60,27,14,82,1,1,178,5,176,20
LOLTMNT03_215805,ROL,15.07,181,131,163,56,103,0,90,27,122,147,28
LOLTMNT06_110260,PRM,15.07,1,100,64,104,139,1,163,14,113,122,182
LOLTMNT03_215837,LVP SL,15.07,14,90,95,60,4,1,163,13,122,113,5
LOLTMNT03_215832,RL,15.07,90,14,62,4,38,1,170,60,2,140,114
LOLTMNT03_215836,ROL,15.07,155,173,150,110,86,1,113,171,103,140,100
LOLTMNT03_215842,LRS,15.07,57,178,1,62,118,1,131,181,128,10,103
LOLTMNT03_216827,ROL,15.07,120,93,32,114,173,0,175,14,20,155,134
LOLTMNT03_215866,LVP SL,15.07,46,27,90,95,82,1,128,141,147,58,118
LOLTMNT03_216856,RL,15.07,169,150,5,155,118,1,1,113,176,43,103
LOLTMNT03_216861,LRS,15.07,64,124,113,171,43,1,27,169,14,104,0
LOLTMNT03_215870,CD,15.07,163,131,181,20,5,1,1,178,36,82,60
LOLTMNT03_215872,ROL,15.07,171,54,36,112,118,1,113,49,62,18,98
LOLTMNT03_216878,RL,15.07,100,36,122,49,112,1,57,83,163,154,161
LOLTMNT03_216885,LRS,15.07,5,175,111,22,34,1,13,36,141,146,122
LOLTMNT03_215891,CD,15.07,14,114,58,118,0,0,100,150,103,10,38
LOLTMNT06_111271,CD,15.07,128,95,141,122,1,1,40,100,36,118,0
LOLTMNT03_216917,LRS,15.07,163,113,5,4,129,0,169,62,125,82,146
LOLTMNT06_111273,CD,15.07,46,64,124,14,175,0,56,131,10,20,2
LOLTMNT03_216924,LRS,15.07,57,103,10,13,178,1,36,122,141,43,172
LOLTMNT03_218043,LCK,15.07,46,100,1,27,118,0,14,178,57,62,114
LOLTMNT03_218051,LCK,15.07,5,131,150,155,103,1,36,105,129,43,122
LOLTMNT03_217059,PCS,15.07,90,60,62,155,18,1,169,36,1,56,82
11975-11975_game_1,LPL,15.07,100,46,129,103,36,0,178,13,43,58,122
LOLTMNT03_217072,PCS,15.07,27,83,163,103,98,0,64,131,171,23,122
LOLTMNT03_217087,LCK,15.07,169,13,4,187,2,1,128,95,111,175,152
11975-11975_game_2,LPL,15.07,169,14,5,22,104,1,139,114,1,27,34
LOLTMNT03_217107,PCS,15.07,46,131,181,36,4,0,57,163,170,150,103
LOLTMNT03_218101,LCK,15.07,128,36,100,4,1,1,13,141,181,62,34
11975-11975_game_3,LPL,15.07,163,180,90,118,125,0,83,155,4,95,161
LOLTMNT03_218122,PCS,15.07,169,13,5,27,122,1,1,178,125,145,82
LOLTMNT03_218134,LCK,15.07,14,114,5,27,122,0,150,178,125,95,90
LOLTMNT03_217173,PCS,15.07,90,95,155,34,139,0,64,104,175,78,0
11976-11976_game_1,LPL,15.07,169,1,71,95,4,1,128,46,27,58,103
LOLTMNT03_218175,HLL,15.07,163,191,5,122,111,0,36,113,82,23,2
11976-11976_game_2,LPL,15.07,100,62,13,5,82,0,36,57,178,122,171
LOLTMNT03_217226,HLL,15.07,113,95,122,60,14,0,163,114,82,43,150
LOLTMNT03_217227,HM,15.07,128,131,58,122,180,1,163,90,181,112,20
LOLTMNT03_218243,HLL,15.07,128,169,36,118,13,0,163,112,113,122,146
LOLTMNT06_111312,LFL,15.07,128,131,181,58,118,1,13,169,180,10,124
LOLTMNT03_217253,RL,15.07,163,90,2,175,122,0,131,14,57,95,4
LOLTMNT03_217270,HM,15.07,100,111,82,95,125,0,57,178,4,140,14
LOLTMNT03_218275,HLL,15.07,113,1,27,139,118,0,128,90,155,82,187
LOLTMNT06_110324,PRM,15.07,46,54,1,36,37,1,181,163,131,78,115
LOLTMNT03_218273,LVP SL,15.07,57,178,150,95,122,1,27,139,87,107,53
LOLTMNT05_121664,NLC,15.06,155,90,25,62,4,0,14,169,40,58,20
LOLTMNT03_217281,RL,15.07,27,191,82,176,125,1,62,169,103,0,13
LOLTMNT06_111349,LIT,15.07,46,163,82,14,170,1,70,27,99,181,56
LOLTMNT06_111336,LFL,15.07,14,54,122,140,56,1,95,83,27,82,136
LOLTMNT06_110335,AL,15.07,163,131,14,5,20,0,54,140,128,181,118
LOLTMNT03_217298,HM,15.07,57,36,90,122,171,1,46,163,5,118,40
LOLTMNT05_121667,NLC,15.06,100,5,171,62,118,1,90,155,43,36,124
LOLTMNT03_217316,LVP SL,15.07,169,163,82,2,112,0,178,27,4,171,5
LOLTMNT06_111359,PRM,15.07,14,178,44,155,103,1,150,90,5,58,4
LOLTMNT06_111356,EBL,15.07,163,90,155,114,56,0,131,36,5,146,20
LOLTMNT03_217327,LIT,15.07,46,0,131,58,122,1,128,169,10,40,82
LOLTMNT06_110339,LFL,15.07,90,14,36,122,139,1,141,163,2,118,0
LOLTMNT03_218345,RL,15.07,163,122,100,171,60,0,36,82,47,49,174
LOLTMNT03_218358,HM,15.07,100,150,60,27,82,0,111,178,41,95,4
LOLTMNT05_122643,NLC,15.06,27,111,113,112,154,0,147,22,114,169,20
LOLTMNT06_111377,EBL,15.07,141,10,13,124,51,0,27,169,103,150,60
LOLTMNT03_217357,LVP SL,15.07,128,169,62,4,1,0,60,36,118,74,40
LOLTMNT06_111374,AL,15.07,163,181,83,103,139,1,128,27,122,58,0
LOLTMNT06_110362,LIT,15.07,90,155,122,58,56,1,9,46,4,129,88
LOLTMNT06_110355,LFL,15.07,163,131,146,43,65,1,14,90,64,122,0
LOLTMNT06_111385,PRM,15.07,141,27,129,18,10,0,83,122,22,171,30
LOLTMNT03_217372,RL,15.07,5,191,58,146,118,1,52,10,103,43,111
LOLTMNT03_217385,LVP SL,15.07,57,27,105,176,82,1,163,107,103,14,88
LOLTMNT06_111388,EBL,15.07,169,57,36,13,82,1,163,113,1,139,122
LOLTMNT05_121670,NLC,15.06,46,169,58,118,129,1,5,178,140,122,8
LOLTMNT06_110372,PRM,15.07,163,90,0,20,27,0,128,131,155,122,142
LOLTMNT06_110371,AL,15.07,38,163,131,13,122,0,57,36,141,150,4
LOLTMNT06_111391,LFL,15.07,90,36,57,0,82,0,128,14,95,54,4
LOLTMNT06_111403,EBL,15.07,27,54,147,101,56,0,58,178,78,15,60
LOLTMNT05_121671,NLC,15.06,128,36,114,122,181,1,60,100,111,140,86
LOLTMNT03_217411,LVP SL,15.07,46,14,114,27,4,0,181,131,2,163,20
LOLTMNT06_110384,PRM,15.07,14,141,5,140,86,0,36,150,125,178,4
LOLTMNT03_218455,NACL,15.07,163,178,5,40,103,0,128,169,150,58,4
LOLTMNT03_218467,NACL,15.07,27,83,122,10,56,0,13,95,170,118,136
LOLTMNT03_217474,NACL,15.07,57,131,62,1,18,0,155,90,129,139,20
LOLTMNT03_218496,NACL,15.07,163,141,14,5,15,1,58,90,171,4,43
LOLTMNT03_218502,NACL,15.07,57,175,150,9,122,0,155,178,139,84,20
LOLTMNT03_219068,LCKC,15.07,14,32,114,188,4,1,57,163,82,178,171
LOLTMNT03_218565,LCKC,15.07,169,0,150,95,104,1,14,5,178,64,124
LOLTMNT03_219072,LCKC,15.07,163,57,14,175,122,1,128,178,146,58,82
LOLTMNT03_219086,LCKC,15.07,1,5,100,62,103,1,95,141,0,129,4
LOLTMNT03_219088,LCKC,15.07,181,131,36,103,125,0,176,118,13,170,139
LOLTMNT03_219090,LCKC,15.07,57,83,43,155,4,1,60,1,107,36,103
LOLTMNT03_219112,LCKC,15.07,36,83,155,60,90,1,107,139,13,118,176
LOLTMNT03_218624,LCK,15.07,100,150,57,176,118,1,14,178,139,62,113
LOLTMNT03_218633,LCK,15.07,27,95,5,122,191,0,36,1,125,170,82
11977-11977_game_1,LPL,15.07,163,178,129,103,0,0,1,169,5,4,140
11977-11977_game_2,LPL,15.07,100,40,43,122,155,0,141,150,57,62,82
LOLTMNT03_219187,LCK,15.07,169,62,1,40,44,1,128,36,178,4,27
LOLTMNT03_218683,LCK,15.07,10,125,150,170,82,0,5,95,171,107,118
11978-11978_game_1,LPL,15.07,141,5,1,4,155,0,150,57,178,62,103
11978-11978_game_2,LPL,15.07,83,181,125,58,122,1,104,27,90,95,182
11978-11978_game_3,LPL,15.07,100,36,65,171,131,1,64,139,124,129,170
LOLTMNT06_111447,TCL,15.07,141,5,36,129,82,0,175,1,125,27,118
LOLTMNT03_219383,HM,15.07,163,178,14,124,0,1,27,131,122,150,51
LOLTMNT06_110421,LFL,15.07,46,131,27,62,103,0,5,169,1,36,20
LOLTMNT06_111472,TCL,15.07,163,169,128,122,13,0,14,131,5,27,4
LOLTMNT06_110450,LIT,15.07,163,122,90,139,27,1,58,169,82,43,146
LOLTMNT03_218894,HM,15.07,10,66,155,112,18,0,58,90,49,104,43
LOLTMNT03_219406,LVP SL,15.07,163,40,4,171,141,1,128,122,58,150,113
LOLTMNT05_123001,NLC,15.06,169,36,1,82,162,0,163,178,40,125,86
LOLTMNT06_110446,AL,15.07,27,2,34,107,60,0,163,1,169,82,125
LOLTMNT06_111490,LFL,15.07,128,131,181,176,122,0,5,169,1,62,4
LOLTMNT03_219448,LVP SL,15.07,27,105,82,58,128,1,14,163,178,122,112
LOLTMNT06_111510,EBL,15.07,100,150,36,82,23,0,163,178,5,171,20
LOLTMNT06_110474,LIT,15.07,57,131,146,176,122,1,1,169,118,27,2
LOLTMNT06_110470,TCL,15.07,57,191,125,176,118,1,5,169,62,27,82
LOLTMNT03_218948,HM,15.07,169,62,111,5,118,1,36,30,23,1,65
LOLTMNT03_218925,ROL,15.07,57,62,128,20,107,1,182,36,169,1,15
LOLTMNT05_123004,NLC,15.06,128,122,178,36,1,1,0,95,82,14,173
LOLTMNT06_111514,LFL,15.07,128,155,131,140,34,0,27,90,181,60,65
LOLTMNT06_111519,AL,15.07,57,58,90,2,122,1,36,52,51,44,4
LOLTMNT06_111534,LIT,15.07,122,9,110,44,129,1,113,82,59,1,181
LOLTMNT03_218981,LVP SL,15.07,128,163,169,155,20,0,14,60,140,4,80
LOLTMNT03_218983,ROL,15.07,58,170,147,30,82,1,27,191,180,60,118
LOLTMNT05_123006,NLC,15.06,141,122,32,43,1,1,46,10,20,110,129
LOLTMNT06_110497,EBL,15.07,64,43,124,1,54,0,27,103,56,191,181
LOLTMNT03_218988,HM,15.07,57,122,191,95,171,1,100,5,82,155,2
LOLTMNT06_111538,TCL,15.07,57,191,36,125,4,0,163,169,5,111,118
LOLTMNT03_218987,ROL,15.07,169,1,62,4,139,0,36,178,150,5,152
LOLTMNT03_218992,NEXO,15.07,36,156,171,178,0,0,62,131,5,166,118
LOLTMNT06_111542,AL,15.07,46,27,82,170,1,0,163,5,122,83,2
LOLTMNT06_111543,LFL,15.07,141,36,171,112,124,0,178,111,62,103,173
LOLTMNT03_219000,LVP SL,15.07,131,125,36,118,150,0,90,5,62,4,171
LOLTMNT06_111558,EBL,15.07,163,125,105,155,4,1,5,122,36,191,181
LOLTMNT03_220009,ROL,15.07,163,15,113,145,49,1,122,58,185,129,157
LOLTMNT03_219535,HM,15.07,181,188,141,118,43,1,131,58,46,186,15
LOLTMNT05_123008,NLC,15.06,169,14,27,60,103,0,141,122,150,36,5
LOLTMNT03_219543,NEXO,15.07,46,58,131,103,171,1,56,27,113,82,111
LOLTMNT06_111562,LFL,15.07,57,178,62,103,171,0,90,36,5,4,14
LOLTMNT06_111563,AL,15.07,163,131,57,122,171,1,90,128,155,58,4
LOLTMNT06_110525,EBL,15.07,10,60,83,114,85,0,27,56,103,34,129
LOLTMNT03_219573,LVP SL,15.07,14,141,95,82,5,0,178,163,171,122,28
LOLTMNT05_123012,NLC,15.06,46,10,169,118,14,0,57,36,90,4,150
LOLTMNT03_220066,NACL,15.07,128,176,118,175,150,0,129,85,94,113,27
LOLTMNT03_220086,NACL,15.07,163,178,56,13,103,0,46,95,114,171,4
LOLTMNT03_219621,NACL,15.07,128,175,14,176,118,1,181,169,13,27,103
LOLTMNT03_219632,NACL,15.07,46,178,36,150,82,1,163,113,56,171,124
LOLTMNT03_219640,NACL,15.07,188,10,20,43,54,1,95,1,139,132,80
LOLTMNT03_219719,LCKC,15.07,46,141,171,27,113,1,14,100,128,118,62
LOLTMNT03_220186,LCKC,15.07,14,107,62,82,60,1,163,178,150,0,20
LOLTMNT03_219741,LCKC,15.07,150,64,124,60,170,0,36,169,65,125,8
LOLTMNT03_220211,LCKC,15.07,169,5,36,129,118,1,1,100,125,187,103
LOLTMNT03_219754,LCKC,15.07,46,27,90,155,122,1,131,181,128,4,140
LOLTMNT03_220261,LCK,15.07,64,124,178,5,13,0,14,141,128,22,65
LOLTMNT03_220258,LJL,15.07,57,83,40,36,82,0,5,141,155,122,27
LOLTMNT03_219798,LCK,15.07,163,175,150,125,4,1,100,1,27,0,122
LOLTMNT03_220280,LJL,15.07,163,52,20,60,3,1,170,36,122,40,38
11979-11979_game_1,LPL,15.07,178,182,14,59,20,0,150,139,113,62,104
LOLTMNT03_220286,LCK,15.07,131,62,171,103,182,0,36,113,146,114,38
LOLTMNT03_220289,LJL,15.07,57,178,150,10,4,0,163,128,170,129,103
11979-11979_game_2,LPL,15.07,163,114,2,4,141,1,131,188,103,5,155
LOLTMNT03_219847,LCK,15.07,46,178,14,20,95,1,100,1,62,103,29
LOLTMNT03_219846,LJL,15.07,5,36,2,0,118,0,169,163,60,150,103
11979-11979_game_3,LPL,15.07,100,43,129,58,82,0,169,36,40,65,13
LOLTMNT03_220342,LCK,15.07,57,13,187,175,118,0,36,141,171,4,139
LOLTMNT03_220346,LJL,15.07,100,150,139,176,118,1,5,169,111,82,62
11980-11980_game_1,LPL,15.07,169,95,14,139,20,1,150,178,36,82,0
LOLTMNT03_220413,LJL,15.07,169,128,13,176,118,1,131,5,146,20,36
11980-11980_game_2,LPL,15.07,100,176,118,129,57,1,62,113,1,114,112
LOLTMNT03_219952,HM,15.07,46,27,122,147,113,0,5,163,150,118,178
LOLTMNT06_111603,TCL,15.07,163,90,5,122,155,0,46,36,28,181,103
11980-11980_game_3,LPL,15.07,141,105,111,59,4,1,171,125,131,58,103
LOLTMNT03_220000,HM,15.07,155,62,90,56,83,1,14,36,4,141,125
LOLTMNT06_110571,TCL,15.07,5,114,36,181,82,1,1,169,0,27,20
LOLTMNT06_110581,PRMP,15.07,181,90,128,10,20,1,83,27,40,103,142
LOLTMNT06_111634,PRMP,15.07,181,83,27,103,43,1,131,155,36,118,128
LOLTMNT06_111631,AL,15.07,5,140,54,146,103,1,163,131,125,13,20
LOLTMNT05_122669,NLC,15.06,46,114,27,118,150,1,141,38,111,62,4
LOLTMNT06_111632,PRMP,15.07,46,163,147,118,100,1,36,28,13,25,65
LOLTMNT03_221067,HM,15.07,128,20,10,181,114,1,57,82,59,175,98
LOLTMNT03_220531,PRMP,15.07,46,122,27,134,36,1,155,113,128,118,49
LOLTMNT03_221075,LIT,15.07,181,114,58,70,128,1,163,122,2,141,105
LOLTMNT06_111648,TCL,15.07,64,124,125,113,150,1,169,5,27,104,147
LOLTMNT06_111659,PRMP,15.07,1,54,56,62,118,0,170,122,129,36,25
LOLTMNT06_110608,PRMP,15.07,57,170,14,122,62,0,187,178,5,78,4
LOLTMNT06_110605,EBL,15.07,163,103,5,150,173,0,169,36,13,122,134
LOLTMNT06_111669,LIT,15.07,57,52,82,155,128,1,100,1,122,58,181
LOLTMNT03_220564,PRMP,15.07,181,64,114,173,112,1,163,1,43,83,101
LOLTMNT03_220558,HM,15.07,57,191,36,14,82,1,163,90,171,44,103
LOLTMNT05_123021,NLC,15.06,169,150,82,9,125,0,113,122,165,140,110
LOLTMNT06_111666,AL,15.07,181,52,9,20,161,0,36,155,90,112,65
LOLTMNT06_110613,PRMP,15.07,191,27,60,164,86,0,62,178,82,112,171
LOLTMNT06_111678,PRMP,15.07,14,178,64,104,30,1,2,58,114,37,112
LOLTMNT06_110614,TCL,15.07,57,36,82,113,150,1,128,163,122,178,27
LOLTMNT06_111682,EBL,15.07,27,170,56,114,111,0,64,178,44,1,34
LOLTMNT06_111685,PRMP,15.07,58,147,141,112,144,1,176,113,82,40,88
LOLTMNT06_111688,LIT,15.07,100,5,103,19,189,0,131,163,125,82,171
LOLTMNT03_220616,HM,15.07,5,52,155,114,71,0,62,141,23,4,129
LOLTMNT06_111694,PRMP,15.07,22,169,1,87,139,0,95,111,122,99,5
LOLTMNT05_122671,NLC,15.06,141,122,150,36,5,1,169,62,82,147,125
LOLTMNT06_110625,EBL,15.07,169,5,1,62,4,1,131,57,150,140,20
LOLTMNT06_110627,AL,15.07,113,58,122,141,145,1,36,169,1,118,60
LOLTMNT03_221187,HM,15.07,131,38,59,111,94,0,95,83,125,1,15
LOLTMNT06_111716,PRMP,15.07,163,169,128,171,118,1,36,65,178,111,122
LOLTMNT06_111706,PRMP,15.07,27,169,1,139,104,0,155,34,114,64,145
LOLTMNT06_110635,EBL,15.07,46,178,58,111,118,0,56,64,122,52,2
LOLTMNT06_110636,PRMP,15.07,5,169,13,163,103,1,168,175,1,36,152
LOLTMNT03_221213,PRMP,15.07,188,72,23,36,4,0,163,5,28,122,146
LOLTMNT06_111724,PRMP,15.07,171,174,22,5,48,0,178,111,58,65,110
LOLTMNT06_110637,PRMP,15.07,25,105,58,41,103,0,27,54,146,15,139
LOLTMNT06_111726,PRMP,15.07,181,62,122,54,128,1,49,58,37,113,50
LOLTMNT03_221234,PRMP,15.07,27,83,103,58,139,1,142,173,118,7,30
LOLTMNT06_110643,PRMP,15.07,163,20,100,49,60,0,107,10,150,118,43
LOLTMNT03_220735,NACL,15.07,155,90,58,60,103,0,169,150,5,27,118
LOLTMNT03_220752,NACL,15.07,57,4,36,113,24,1,112,95,122,1,170
LOLTMNT03_220778,NACL,15.07,56,27,83,4,129,1,5,141,1,58,90
LOLTMNT03_220808,NACL,15.07,57,150,36,175,122,0,155,14,139,118,131
LOLTMNT03_221475,LAS,15.07,163,5,146,118,178,0,1,107,125,104,36
LOLTMNT03_220919,LAS,15.07,163,178,150,0,122,1,128,14,141,58,4
LOLTMNT03_221493,LAS,15.07,163,128,178,1,103,1,46,100,181,58,82
LOLTMNT03_221511,LAS,15.07,100,129,62,5,115,1,36,1,170,82,13
LOLTMNT03_220946,LAS,15.07,14,139,95,175,82,0,57,90,27,171,114
LOLTMNT03_221513,LCK,15.07,181,131,57,95,122,1,128,100,1,27,113
LOLTMNT03_221525,LAS,15.07,5,107,95,122,171,0,27,125,170,13,114
LOLTMNT03_221529,LAS,15.07,57,191,27,113,40,0,95,181,103,90,139
LOLTMNT03_221558,LCK,15.07,64,10,5,171,54,0,124,178,56,22,146
11981-11981_game_1,LPL,15.07,169,128,62,122,14,1,46,1,95,113,4
LOLTMNT03_220982,LAS,15.07,169,104,36,134,14,0,46,10,131,13,132
LOLTMNT03_220993,LAS,15.07,57,178,14,36,82,0,169,95,5,146,4
LOLTMNT03_220989,LAS,15.07,163,128,14,4,170,1,46,100,1,62,103
LOLTMNT03_221573,LAS,15.07,163,14,178,104,60,1,57,1,141,187,86
LOLTMNT03_220995,LJL,15.07,57,100,118,27,150,0,60,122,175,155,190
LOLTMNT03_221593,LAS,15.07,5,107,1,155,122,0,27,191,173,62,4
11981-11981_game_2,LPL,15.07,150,5,178,9,103,0,139,83,27,59,154
LOLTMNT03_221598,LAS,15.07,46,1,100,27,103,0,181,131,128,62,122
LOLTMNT03_222019,LCK,15.07,64,104,57,146,105,1,150,178,139,118,176
LOLTMNT03_222022,LAS,15.07,36,107,13,60,82,1,10,178,129,0,133
LOLTMNT03_221600,LAS,15.07,46,107,146,62,103,0,181,90,71,36,114
LOLTMNT03_222033,LJL,15.07,163,5,150,100,4,0,36,178,111,56,65
LOLTMNT03_222038,LAS,15.07,141,187,184,60,150,1,107,85,101,30,166
LOLTMNT03_221610,LCK,15.07,14,36,82,191,60,1,163,171,4,170,43
LOLTMNT03_221613,LAS,15.07,27,5,83,44,90,1,95,122,125,80,146
11982-11982_game_1,LPL,15.07,139,14,178,176,4,1,150,5,62,141,103
LOLTMNT03_222053,LJL,15.07,46,131,181,62,103,1,128,107,60,36,82
LOLTMNT06_111735,LFL2,15.07,57,131,36,122,150,0,128,90,181,64,20
LOLTMNT03_221634,LCK,15.07,1,10,113,0,34,1,95,83,122,5,40
11982-11982_game_2,LPL,15.07,83,128,181,36,82,1,46,27,90,64,124
LOLTMNT03_221645,LJL,15.07,14,178,122,36,56,0,169,150,5,118,62
LOLTMNT06_110653,LFL2,15.07,128,131,181,27,82,1,13,169,36,122,186
11982-11982_game_3,LPL,15.07,163,105,146,122,54,1,131,171,182,58,65
LOLTMNT03_221666,LJL,15.07,100,1,62,172,122,1,56,58,118,170,24
LOLTMNT06_110666,LFL2,15.07,169,5,1,40,155,0,128,90,181,122,176
LOLTMNT06_111761,LEC,15.07,163,131,14,5,124,1,141,27,150,122,46
LOLTMNT03_221704,LJL,15.07,169,23,40,62,103,0,175,5,122,146,85
LOLTMNT06_110674,LFL2,15.07,46,155,60,176,118,0,181,122,128,70,76
11983-11983_game_1,LPL,15.07,163,178,14,122,125,0,95,169,4,146,112
LOLTMNT06_110675,LEC,15.07,128,178,171,140,4,1,13,113,181,103,133
11983-11983_game_2,LPL,15.07,83,27,139,22,34,0,64,104,100,182,49
LOLTMNT06_111766,LEC,15.07,100,43,10,118,1,1,95,83,82,139,129
LOLTMNT06_111775,LEC,15.07,14,131,36,103,13,0,150,113,62,118,40
LOLTMNT06_111817,LEC,15.07,163,90,4,56,2,1,27,178,146,122,42
LOLTMNT03_221794,LTA S,15.07,178,150,125,10,4,0,95,131,14,56,20
LOLTMNT06_110736,LEC,15.07,64,131,181,82,5,1,150,27,83,139,4
LOLTMNT03_221824,LTA S,15.07,128,169,1,62,118,0,181,131,13,176,114
LOLTMNT06_111842,LEC,15.07,14,178,58,172,113,0,95,169,2,43,37
LOLTMNT03_221850,LTA S,15.07,131,95,13,27,4,0,163,181,90,118,146
LOLTMNT03_221870,LTA S,15.07,128,141,10,133,1,1,57,90,27,118,146
LOLTMNT03_221929,LTA N,15.07,46,27,114,146,118,1,14,131,43,95,15
LOLTMNT03_222385,LTA N,15.07,64,124,178,1,43,0,131,104,181,22,0
LOLTMNT03_222414,LTA N,15.07,150,57,178,4,140,0,163,141,139,188,65
LOLTMNT03_222431,LTA N,15.07,181,90,128,176,122,1,14,131,5,118,62
LOLTMNT03_222579,LAS,15.07,46,131,181,187,103,1,14,178,128,36,82
LOLTMNT03_222581,LAS,15.07,163,178,40,82,27,0,128,100,1,36,20
LOLTMNT03_223100,LAS,15.07,163,14,128,170,4,1,1,169,46,58,34
LOLTMNT03_223098,LAS,15.07,163,178,13,103,40,1,5,107,1,58,118
LOLTMNT03_223127,LAS,15.07,128,90,181,62,122,0,150,113,0,36,4
LOLTMNT03_222605,LAS,15.07,169,5,146,62,118,1,181,95,83,0,122
LOLTMNT03_223133,LAS,15.07,43,27,104,90,171,1,0,95,13,141,118
LOLTMNT03_222610,LCK,15.07,57,129,141,176,118,1,178,1,139,4,36
LOLTMNT03_223132,LAS,15.07,124,163,150,60,175,1,64,1,115,80,30
LOLTMNT03_223143,LAS,15.07,57,111,114,22,74,0,60,178,150,59,86
LOLTMNT03_223145,LAS,15.07,57,187,86,90,49,0,85,141,101,112,129
LOLTMNT03_222628,LCK,15.07,46,83,27,58,82,1,131,95,5,114,25
LOLTMNT03_222634,LAS,15.07,95,107,171,20,172,1,59,170,146,122,5
11984-11984_game_1,LPL,15.07,46,169,146,58,122,1,141,14,56,27,114
LOLTMNT03_222656,LAS,15.07,169,5,1,62,20,0,178,14,125,95,122
LOLTMNT03_222659,LCK,15.07,100,163,104,168,60,0,64,124,146,186,23
LOLTMNT03_223182,LAS,15.07,169,95,5,118,129,1,128,36,113,20,40
LOLTMNT03_222671,LAS,15.07,14,60,191,85,101,1,57,178,78,58,103
LOLTMNT03_222669,LAS,15.07,163,131,128,146,122,0,57,169,1,58,82
LOLTMNT03_223188,LJL,15.07,57,131,181,95,113,0,128,178,62,125,20
11984-11984_game_2,LPL,15.07,150,163,4,175,0,0,139,178,36,82,171
LOLTMNT03_222677,LAS,15.07,128,90,181,176,118,0,36,46,2,60,103
LOLTMNT03_222678,LAS,15.07,163,131,104,111,43,0,64,141,146,150,0
LOLTMNT03_223206,LAS,15.07,46,83,163,134,122,0,131,181,36,104,2
LOLTMNT03_222692,LAS,15.07,191,187,139,114,111,0,178,27,181,115,171
LOLTMNT03_223222,LJL,15.07,169,13,122,186,36,1,5,178,150,27,118
LOLTMNT03_223223,LCK,15.07,46,114,13,10,124,1,14,178,5,118,95
11985-11985_game_1,LPL,15.07,128,163,4,56,2,1,178,150,46,95,118
LOLTMNT06_110796,LFL2,15.07,128,169,1,187,122,0,90,181,40,163,103
LOLTMNT03_222719,LCK,15.07,100,171,163,20,125,1,64,141,181,103,60
LOLTMNT03_223249,LJL,15.07,60,175,111,155,20,0,128,169,1,36,114
LOLTMNT02_246013,HC,15.06,163,131,181,128,122,0,90,83,20,36,155
11985-11985_game_2,LPL,15.07,181,105,125,64,124,1,131,27,112,82,36
LOLTMNT03_223254,LCK,15.07,57,107,111,187,4,1,83,27,128,62,122
LOLTMNT06_110829,LFL2,15.07,52,51,122,95,1,1,191,181,4,10,125
LOLTMNT03_222748,LJL,15.07,169,122,36,71,84,1,103,62,180,112,116
LOLTMNT02_246014,HC,15.06,5,169,62,171,82,1,113,58,99,103,129
11986-11986_game_1,LPL,15.07,57,114,150,59,20,1,62,5,103,131,14
LOLTMNT06_111954,LFL2,15.07,128,163,122,155,131,1,65,178,150,140,20
LOLTMNT02_246015,HC,15.06,100,27,118,190,44,1,111,141,114,59,125
LOLTMNT03_222789,LJL,15.07,5,105,58,4,0,1,52,10,60,122,84
11986-11986_game_2,LPL,15.07,128,181,95,52,4,0,36,178,2,13,122
LOLTMNT06_110900,LFL2,15.07,163,191,57,42,114,1,181,139,140,122,19
LOLTMNT03_223332,LJL,15.07,128,186,122,176,14,0,191,27,40,103,59
LOLTMNT02_246017,HC,15.06,100,58,14,90,82,1,163,178,147,112,20
LOLTMNT02_246019,HC,15.06,57,62,141,181,122,1,139,36,171,120,118
LOLTMNT06_112003,LEC,15.07,90,171,43,140,4,0,163,141,46,11,124
LOLTMNT06_110936,LEC,15.07,181,114,122,27,44,1,1,100,82,36,125
LOLTMNT03_223440,LTA S,15.07,169,46,1,58,122,0,128,14,36,178,20
LOLTMNT06_110946,LEC,15.07,128,141,150,103,10,0,163,14,52,36,4
LOLTMNT03_223477,LTA S,15.07,46,178,14,62,118,1,27,128,141,2,103
LOLTMNT06_112050,LEC,15.07,46,122,95,178,13,1,191,43,58,20,171
LOLTMNT03_223496,LTA S,15.07,131,5,2,62,118,0,95,181,83,23,4
LOLTMNT03_223521,LTA S,15.07,46,10,20,131,181,0,95,141,118,38,2
LOLTMNT03_224074,LRN,15.07,169,62,125,150,103,0,5,36,114,1,122
LOLTMNT03_223562,LTA N,15.07,163,43,146,65,54,1,131,104,5,129,58
LOLTMNT03_224096,LTA N,15.07,178,150,36,82,43,0,131,14,95,103,139
LOLTMNT03_223600,LRN,15.07,163,54,40,90,14,1,95,128,13,82,0
LOLTMNT03_223606,LTA N,15.07,128,100,150,4,62,1,178,13,129,27,15
LOLTMNT03_223619,LRN,15.07,178,40,36,14,4,1,128,100,122,155,146
LOLTMNT03_223620,LTA N,15.07,169,13,43,62,118,1,181,131,36,129,4
LOLTMNT03_224137,LRN,15.07,163,113,82,129,125,0,95,83,27,114,60
LOLTMNT03_224141,LRN,15.07,131,20,142,11,23,0,30,10,86,49,56
LOLTMNT03_223639,LRN,15.07,5,100,13,58,122,0,125,163,178,129,4
LOLTMNT03_223641,LRN,15.07,36,30,60,171,65,0,27,191,42,118,181
LOLTMNT03_224181,LCKC,15.07,14,139,170,155,4,1,57,178,150,27,103
LOLTMNT03_223688,LCKC,15.07,64,104,100,0,129,0,176,118,107,5,40
LOLTMNT03_223712,LCKC,15.07,128,178,1,58,65,0,169,104,146,163,40
LOLTMNT03_223721,LCKC,15.07,14,118,175,9,60,1,64,124,139,129,100
LOLTMNT03_223729,LCKC,15.07,107,150,62,182,122,0,170,111,176,4,56
LOLTMNT03_224227,PCS,15.07,169,13,27,181,115,0,150,128,178,58,103
11987-11987_game_1,LPL,15.07,178,128,40,95,122,0,46,56,1,4,58
LOLTMNT03_223744,LCKC,15.07,169,5,13,113,27,0,57,1,36,100,82
LOLTMNT03_224253,PCS,15.07,14,95,139,80,4,1,57,90,5,64,104
11987-11987_game_2,LPL,15.07,163,139,103,129,80,1,104,36,5,170,111
LOLTMNT03_224270,LCKC,15.07,14,58,114,23,131,0,163,178,0,150,124
LOLTMNT03_224273,PCS,15.07,36,83,155,114,43,0,62,113,0,118,180
11987-11987_game_3,LPL,15.07,175,57,13,9,118,0,150,141,182,176,124
LOLTMNT03_223812,LCKC,15.07,171,74,40,187,122,0,128,107,111,22,20
LOLTMNT03_223813,PCS,15.07,46,131,27,95,103,0,128,178,62,1,4
LOLTMNT03_224320,PCS,15.07,57,105,82,10,13,1,5,36,20,83,181
11988-11988_game_1,LPL,15.07,100,57,129,27,122,0,150,178,139,124,64
LOLTMNT03_224357,PCS,15.07,150,113,32,115,56,1,176,118,129,186,0
11988-11988_game_2,LPL,15.07,83,181,103,114,59,1,14,113,4,62,43
11988-11988_game_3,LPL,15.07,169,95,104,67,60,1,131,125,58,171,118
LOLTMNT03_223893,NEXO,15.07,46,155,178,147,122,0,191,27,42,163,20
LOLTMNT06_110999,LEC,15.07,128,169,95,14,4,0,163,131,27,122,146
LOLTMNT06_112069,LEC,15.07,36,113,82,1,43,0,181,62,118,107,172
LOLTMNT03_224402,NEXO,15.07,36,14,114,182,20,0,62,169,13,174,189
LOLTMNT03_223939,NEXO,15.07,90,178,58,1,118,0,163,52,38,181,82
LOLTMNT06_112073,LEC,15.07,150,100,36,118,43,1,169,95,14,122,5
LOLTMNT03_224461,NEXO,15.07,52,2,36,156,125,1,163,181,103,6,117
LOLTMNT06_112088,LEC,15.07,128,178,171,62,4,1,13,27,25,54,44
LOLTMNT03_224489,NEXO,15.07,181,131,155,122,128,0,141,36,2,82,125
LOLTMNT06_113014,LEC,15.07,131,0,132,145,146,0,10,83,155,125,86
LOLTMNT03_224525,CD,15.07,163,175,5,129,118,1,128,169,36,44,14
LOLTMNT03_225058,LRN,15.07,163,178,60,150,103,1,169,36,14,43,20
LOLTMNT03_224540,CD,15.07,95,170,150,122,125,0,27,178,13,103,112
LOLTMNT03_225071,LRN,15.07,131,181,56,86,187,0,90,125,2,27,104
LOLTMNT03_225087,CD,15.07,46,163,141,1,122,1,27,169,128,95,4
LOLTMNT03_225090,LRN,15.07,57,178,36,13,82,0,169,163,139,122,49
LOLTMNT03_225092,CD,15.07,57,178,150,140,103,0,5,36,173,82,2
LOLTMNT03_225096,LRN,15.07,46,150,175,10,90,0,128,113,103,27,95
LOLTMNT03_225100,LRN,15.07,118,176,112,2,141,0,155,86,14,41,109
LOLTMNT03_224576,LRN,15.07,131,62,122,42,171,0,36,178,4,60,129
LOLTMNT03_224581,LRN,15.07,163,90,128,114,155,1,58,175,5,103,49
LOLTMNT03_224640,LCKC,15.07,14,5,131,58,118,0,178,128,36,146,103
LOLTMNT03_224656,LCKC,15.07,43,1,107,187,4,0,100,0,129,176,122
LOLTMNT03_224657,PCS,15.07,46,131,181,10,20,1,14,95,114,43,178
11989-11989_game_1,LPL,15.07,181,131,40,10,133,0,46,100,2,104,27
LOLTMNT03_224672,PCS,15.07,169,150,103,62,139,1,5,36,107,118,129
LOLTMNT03_224681,LCKC,15.07,14,114,36,60,82,0,163,169,1,5,152
11989-11989_game_2,LPL,15.07,57,95,4,19,150,0,163,114,146,141,13
LOLTMNT03_224695,PCS,15.07,171,64,113,44,4,1,27,122,180,56,90
LOLTMNT03_225232,LCKC,15.07,125,107,111,22,65,0,83,27,176,118,139
LOLTMNT03_224737,PCS,15.07,57,169,36,122,129,1,128,1,178,27,124
11990-11990_game_1,LPL,15.07,57,178,150,163,103,1,5,100,40,36,82
LOLTMNT03_224780,PCS,15.07,105,181,56,155,4,0,5,131,2,62,118
11990-11990_game_2,LPL,15.07,83,27,139,122,13,1,95,141,111,125,114
LOLTMNT03_224800,HLL,15.07,14,178,36,82,125,0,163,169,150,118,112
11990-11990_game_3,LPL,15.07,131,14,105,176,118,0,182,90,146,58,65
LOLTMNT03_225357,HLL,15.07,128,95,54,122,78,0,163,191,181,112,20
LOLTMNT03_225351,HM,15.07,46,36,122,139,180,1,171,170,27,20,0
LOLTMNT03_225387,HM,15.07,14,52,82,60,95,1,155,141,103,129,43
LOLTMNT03_224875,HLL,15.07,163,178,82,147,5,1,10,113,20,13,51
LOLTMNT03_224864,RL,15.07,90,155,57,147,103,1,62,30,1,5,82
LOLTMNT06_112118,PRM,15.07,163,83,181,5,118,1,95,54,2,122,125
LOLTMNT03_224898,LVP SL,15.07,163,100,1,112,65,1,140,90,57,171,118
LOLTMNT06_113051,PRM,15.07,181,131,46,95,4,1,34,62,38,150,20
LOLTMNT06_112120,LFL,15.07,169,5,1,95,122,0,128,178,36,146,82
LOLTMNT03_225429,HM,15.07,128,169,150,155,103,1,71,122,113,14,140
LOLTMNT03_225430,HLL,15.07,27,90,82,188,60,0,113,150,4,176,182
LOLTMNT03_224908,RL,15.07,14,122,60,36,52,1,49,95,4,169,110
LOLTMNT06_112131,PRM,15.07,1,169,163,118,5,0,171,54,64,24,144
LOLTMNT06_112132,PRM,15.07,36,147,57,18,131,1,27,171,139,15,30
LOLTMNT03_224946,LVP SL,15.07,163,113,150,23,4,1,178,27,171,60,118
LOLTMNT03_225477,HM,15.07,57,90,82,163,0,1,5,27,4,191,62
LOLTMNT03_225478,ROL,15.07,90,36,56,114,57,0,178,163,122,1,88
LOLTMNT06_112133,LFL,15.07,128,181,83,36,122,0,90,27,60,155,86
LOLTMNT03_225510,RL,15.07,128,95,82,27,131,0,46,163,178,103,65
LOLTMNT03_225517,LVP SL,15.07,46,54,10,129,4,1,90,95,181,56,100
LOLTMNT06_112137,PRM,15.07,155,128,52,122,142,1,150,173,36,43,4
LOLTMNT06_113058,PRM,15.07,155,191,122,25,176,0,178,106,129,86,56
LOLTMNT03_225526,ROL,15.07,128,113,150,140,118,1,141,14,40,27,101
LOLTMNT03_226003,HM,15.07,100,111,15,176,28,0,118,107,2,95,43
LOLTMNT03_225528,ROL,15.07,57,163,114,4,129,0,5,178,150,140,65
LOLTMNT06_112140,LFL,15.07,46,131,57,122,64,0,5,163,169,147,4
LOLTMNT06_113060,PRM,15.07,163,100,112,171,15,1,57,95,54,118,146
LOLTMNT03_226019,RL,15.07,57,113,171,36,90,1,129,170,5,18,62
LOLTMNT03_225547,LVP SL,15.07,57,105,27,58,82,0,107,163,1,118,139
LOLTMNT03_225560,LRS,15.07,131,5,14,22,104,1,125,100,150,64,124
LOLTMNT06_113061,LFL,15.07,141,64,124,150,5,0,178,1,163,122,41
LOLTMNT03_226039,ROL,15.07,46,20,155,60,14,0,36,122,147,107,43
LOLTMNT06_113063,PRM,15.07,14,169,62,71,104,1,11,125,114,59,34
LOLTMNT03_225568,LVP SL,15.07,57,178,95,122,111,0,14,163,139,54,4
LOLTMNT03_226047,RL,15.07,155,2,20,56,74,1,147,141,118,142,60
LOLTMNT03_226059,ROL,15.07,62,15,1,131,56,1,82,32,69,173,44
LOLTMNT06_113066,LFL,15.07,90,36,82,171,56,1,131,95,5,103,2
LOLTMNT03_225576,CD,15.07,90,57,187,14,122,0,128,95,103,52,155
LOLTMNT03_226063,LRS,15.07,181,128,36,175,103,0,178,95,40,65,20
LOLTMNT03_226067,CD,15.07,178,171,43,176,118,1,80,129,36,139,115
LOLTMNT03_225589,LRS,15.07,131,5,129,58,65,1,163,128,178,104,67
LOLTMNT03_226076,CD,15.07,169,10,20,111,5,0,1,100,58,4,23
LOLTMNT03_226077,LRS,15.07,46,182,95,122,40,0,57,100,10,13,20
LOLTMNT03_226081,CD,15.07,163,90,5,150,4,1,128,169,1,58,118
LOLTMNT03_226083,CD,15.07,131,62,181,104,0,1,141,36,14,122,23
LOLTMNT03_225609,CD,15.07,100,13,10,82,172,0,27,95,191,139,103
LOLTMNT03_230058,LCK,15.07,46,141,150,187,86,1,57,14,114,4,163
LOLTMNT03_230055,LJL,15.07,100,128,10,146,122,1,5,178,150,58,118
LOLTMNT03_229082,LCK,15.07,178,10,146,40,34,1,131,43,129,95,104
LOLTMNT03_230076,LJL,15.07,191,5,27,4,58,1,57,83,36,103,49
LOLTMNT03_230077,PCS,15.07,90,1,56,155,18,1,150,169,5,27,103
11991-11991_game_1,LPL,15.07,46,146,141,95,122,1,178,14,128,27,118
LOLTMNT03_230081,PCS,15.07,163,141,171,139,144,0,36,178,114,111,182
LOLTMNT03_229092,LCK,15.07,171,139,170,59,148,1,62,1,107,118,41
LOLTMNT03_230085,LJL,15.07,163,14,170,103,60,0,169,58,93,82,5
11991-11991_game_2,LPL,15.07,163,103,171,139,170,0,64,104,5,129,110
LOLTMNT03_230106,PCS,15.07,46,178,14,36,4,1,128,141,27,122,62
LOLTMNT03_229121,LCK,15.07,163,100,150,103,56,1,14,95,131,43,20
LOLTMNT03_229118,LJL,15.07,100,0,27,4,14,1,95,139,82,66,111
LOLTMNT03_230143,PCS,15.07,163,56,150,175,152,1,170,58,1,103,25
11992-11992_game_1,LPL,15.07,128,181,83,27,4,0,141,14,40,36,104
LOLTMNT03_229164,LCK,15.07,178,171,5,10,124,1,176,118,125,170,146
LOLTMNT03_229169,LJL,15.07,128,141,36,14,122,0,40,170,27,1,4
LOLTMNT03_229170,PCS,15.07,64,104,181,66,139,1,10,5,118,83,38
11992-11992_game_2,LPL,15.07,57,95,129,122,80,1,178,163,5,171,103
LOLTMNT03_229200,LCK,15.07,27,191,60,187,86,0,105,58,4,114,129
LOLTMNT03_230196,HLL,15.07,113,150,122,23,36,0,163,131,111,5,20
LOLTMNT03_230199,LJL,15.07,5,36,191,103,80,1,163,129,154,6,155
11992-11992_game_3,LPL,15.07,100,114,150,188,0,0,169,1,43,10,20
LOLTMNT03_230262,HLL,15.07,178,36,65,147,175,1,163,141,103,171,125
LOLTMNT06_114043,HLL,15.07,163,43,178,103,14,1,58,113,56,82,2
LOLTMNT03_230290,LVP SL,15.07,150,178,36,118,112,1,163,111,54,82,43
LOLTMNT06_115044,LIT,15.07,131,27,82,56,171,0,155,178,122,28,147
LOLTMNT06_114040,NLC,15.07,46,181,58,25,118,1,169,95,13,125,143
LOLTMNT06_115035,LFL,15.07,128,131,181,22,144,1,27,60,83,86,140
LOLTMNT06_114031,PRM,15.07,46,170,1,62,103,0,14,114,36,100,2
LOLTMNT06_114050,AL,15.07,163,128,122,60,146,1,90,58,103,1,28
LOLTMNT06_115072,LIT,15.07,10,170,103,11,38,1,141,58,4,111,43
LOLTMNT06_114056,NLC,15.07,90,155,114,122,62,1,131,36,110,111,53
LOLTMNT06_115075,HLL,15.07,36,30,2,4,5,1,191,181,27,82,112
LOLTMNT06_114055,EBL,15.07,46,155,122,52,22,0,14,178,4,36,56
LOLTMNT06_114057,LFL,15.07,128,95,122,111,54,1,163,14,57,141,4
LOLTMNT06_114059,PRM,15.07,122,171,22,173,136,1,95,90,4,155,44
LOLTMNT03_229347,LVP SL,15.07,163,178,1,82,139,1,111,107,43,188,113
LOLTMNT03_230343,RL,15.07,163,4,128,111,178,0,36,122,146,60,47
LOLTMNT06_114063,AL,15.07,27,191,82,0,95,0,155,122,90,113,58
LOLTMNT06_114069,EBL,15.07,141,60,9,15,2,0,27,191,57,10,34
LOLTMNT06_114067,NLC,15.07,163,141,177,122,182,1,58,171,169,44,4
LOLTMNT06_114071,PRM,15.07,163,178,129,4,139,1,90,181,95,122,0
LOLTMNT06_114081,LIT,15.07,131,128,181,95,152,0,46,163,122,141,2
LOLTMNT03_229357,LVP SL,15.07,181,131,62,4,60,0,36,100,82,1,164
LOLTMNT06_115094,LFL,15.07,169,150,62,43,103,0,113,1,176,118,0
LOLTMNT06_114086,EBL,15.07,163,23,131,150,114,1,128,169,155,36,82
LOLTMNT03_229363,RL,15.07,27,147,20,38,131,1,118,155,2,0,156
LOLTMNT06_115102,NLC,15.07,100,36,2,82,56,0,111,107,62,103,71
LOLTMNT06_114087,PRM,15.07,128,64,124,1,170,0,150,131,5,36,15
LOLTMNT06_115103,AL,15.07,64,128,90,5,122,1,22,57,178,190,4
LOLTMNT03_229372,LVP SL,15.07,36,169,46,155,118,1,62,1,170,157,103
LOLTMNT06_115107,LFL,15.07,14,141,64,20,56,0,131,181,5,122,133
LOLTMNT06_114095,LIT,15.07,57,80,129,82,36,1,27,99,103,43,188
LOLTMNT06_115110,EBL,15.07,46,10,103,56,1,0,43,95,20,178,146
LOLTMNT03_229377,RL,15.07,5,169,62,37,44,1,171,9,124,90,43
LOLTMNT03_229379,LVP SL,15.07,169,62,128,1,103,1,90,36,4,5,40
LOLTMNT06_115115,LFL,15.07,46,90,57,27,122,1,163,169,5,111,4
LOLTMNT06_115113,AL,15.07,163,169,5,118,111,0,95,1,178,44,103
LOLTMNT03_230377,NACL,15.07,169,5,150,86,187,0,85,46,94,131,181
LOLTMNT03_230378,NACL,15.07,57,191,155,60,122,0,163,128,178,2,4
LOLTMNT03_229399,NACL,15.07,46,150,178,58,118,0,5,163,171,113,4
LOLTMNT03_230383,NACL,15.07,100,64,124,129,125,1,83,95,103,62,28
LOLTMNT03_230428,LCKC,15.07,169,40,36,145,4,1,128,1,27,113,175
LOLTMNT03_229442,LCKC,15.07,100,57,1,36,82,1,46,14,141,4,27
LOLTMNT03_229443,LCKC,15.07,163,124,150,131,5,1,64,100,115,13,0
LOLTMNT03_229459,LCKC,15.07,14,100,125,64,124,1,163,178,171,112,104
LOLTMNT03_230440,LCKC,15.07,171,40,95,175,122,1,128,129,80,187,118
LOLTMNT03_229461,LCKC,15.07,83,43,181,176,118,0,36,178,56,171,103
LOLTMNT03_230451,LCKC,15.07,65,22,112,129,113,0,128,27,90,62,18
LOLTMNT03_229469,LCKC,15.07,181,125,105,58,103,0,155,90,60,85,20
LOLTMNT03_230454,LCKC,15.07,5,111,170,176,118,0,0,8,80,58,103
LOLTMNT03_230482,LJL,15.07,128,163,40,122,170,0,5,131,58,103,49
LOLTMNT03_230485,LCK,15.07,57,100,150,176,103,0,128,178,1,4,62
LOLTMNT03_229500,LCK,15.07,141,36,171,139,20,0,14,163,90,105,18
LOLTMNT03_229504,LJL,15.07,169,1,36,118,125,1,163,5,40,104,56
11993-11993_game_1,LPL,15.07,128,141,36,155,122,0,46,131,181,10,4
LOLTMNT03_230518,LCK,15.07,14,131,5,176,118,0,128,181,83,95,4
11993-11993_game_2,LPL,15.07,169,95,150,82,182,0,139,62,178,103,129
LOLTMNT03_230526,LJL,15.07,169,57,1,58,104,0,36,178,171,60,103
11993-11993_game_3,LPL,15.07,100,40,58,146,112,1,163,125,83,1,20
LOLTMNT03_229541,LCK,15.07,163,175,1,122,182,1,36,150,191,82,0
LOLTMNT03_230538,LJL,15.07,46,178,62,118,171,0,60,36,83,20,172
LOLTMNT03_230548,LCK,15.07,57,178,62,34,40,0,100,139,146,114,32
11994-11994_game_1,LPL,15.07,139,83,163,103,150,1,100,62,145,118,85
LOLTMNT03_230555,LJL,15.07,163,131,4,60,129,0,36,178,146,20,110
11994-11994_game_2,LPL,15.07,178,95,98,82,171,1,182,36,90,122,13
LOLTMNT03_230587,LJL,15.07,131,5,146,86,59,0,141,14,125,118,155
11994-11994_game_3,LPL,15.07,128,141,1,187,86,1,131,5,111,59,4
LOLTMNT06_115137,TCL,15.07,131,0,171,176,118,0,163,128,100,2,82
LOLTMNT03_230611,RL,15.07,100,82,155,125,1,0,83,95,122,171,43
LOLTMNT01_223192,HC,15.08,46,122,155,0,176,0,65,181,62,44,74
LOLTMNT06_115153,AL,15.07,5,13,58,100,103,1,122,27,0,78,113
LOLTMNT06_114127,LFL,15.07,131,57,146,187,86,0,100,1,139,95,103
LOLTMNT03_230617,LVP SL,15.07,14,131,43,62,118,1,178,147,57,82,176
LOLTMNT06_114134,LIT,15.07,181,114,125,163,70,1,2,5,30,15,36
LOLTMNT01_224216,HC,15.08,27,178,40,154,60,1,95,169,147,118,5
LOLTMNT06_115162,NLC,15.07,36,57,178,82,171,1,62,90,25,103,181
LOLTMNT06_115166,TCL,15.07,169,40,150,27,4,0,163,128,178,171,124
LOLTMNT03_229627,RL,15.07,27,191,103,62,60,0,52,5,4,36,150
LOLTMNT06_115168,LFL,15.07,95,131,5,122,14,1,178,36,1,174,4
LOLTMNT03_230637,LVP SL,15.07,128,64,122,1,141,1,5,27,4,178,24
LOLTMNT06_114143,LIT,15.07,122,113,155,38,165,0,178,176,4,14,88
LOLTMNT06_114140,EBL,15.07,163,90,57,122,2,1,155,178,46,146,118
LOLTMNT03_229638,ROL,15.07,90,58,171,139,103,0,131,36,181,0,115
LOLTMNT06_114145,NLC,15.07,27,170,114,188,122,0,1,169,32,128,53
LOLTMNT01_224230,HC,15.08,163,131,56,65,145,0,46,122,155,141,14
LOLTMNT06_115172,AL,15.07,46,62,13,100,122,1,36,178,5,111,20
LOLTMNT03_230645,RL,15.07,90,147,15,59,0,1,113,118,40,10,110
LOLTMNT06_114146,TCL,15.07,46,163,14,103,107,0,128,64,113,150,4
LOLTMNT06_114148,LIT,15.07,100,27,56,150,6,0,129,58,118,175,44
LOLTMNT06_115178,EBL,15.07,169,40,62,104,181,0,128,36,175,18,13
LOLTMNT03_230659,LVP SL,15.07,131,5,14,58,103,1,95,83,181,4,0
LOLTMNT06_115177,LFL,15.07,90,95,150,118,5,1,181,131,43,82,27
LOLTMNT03_230661,LPLOL,15.07,100,163,82,168,60,1,178,118,27,78,140
LOLTMNT01_224253,HC,15.08,90,128,58,111,175,0,52,10,82,98,54
LOLTMNT03_229660,ROL,15.07,163,191,60,27,20,1,36,170,82,44,14
LOLTMNT06_114158,AL,15.07,57,169,150,62,118,1,5,52,82,27,176
LOLTMNT03_229662,ROL,15.07,163,175,111,82,60,0,107,122,78,95,5
LOLTMNT06_114152,NLC,15.07,57,178,1,27,122,0,169,150,139,103,62
LOLTMNT06_115186,EBL,15.07,163,125,131,111,82,0,5,155,191,58,122
LOLTMNT06_115185,TCL,15.07,163,150,103,2,186,1,46,14,20,58,80
LOLTMNT06_114165,LIT,15.07,10,20,0,169,49,1,95,82,83,134,40
LOLTMNT03_230670,RL,15.07,100,5,103,40,36,0,83,95,20,125,1
LOLTMNT06_115188,LFL,15.07,46,178,95,2,103,1,128,169,122,14,62
LOLTMNT03_230671,LVP SL,15.07,36,146,100,51,103,1,62,1,83,182,118
LOLTMNT03_229678,LPLOL,15.07,27,141,125,118,84,0,169,10,150,60,94
LOLTMNT01_223266,HC,15.08,5,59,20,178,133,0,57,4,142,83,171
LOLTMNT06_114166,NLC,15.07,36,52,82,129,56,1,141,95,4,104,41
LOLTMNT03_229679,ROL,15.07,122,28,125,133,111,1,5,113,103,59,93
LOLTMNT03_229680,ROL,15.07,56,2,155,54,101,1,14,112,100,140,114
LOLTMNT06_114167,EBL,15.07,14,141,56,27,4,0,128,181,52,62,103
LOLTMNT06_115192,AL,15.07,163,139,103,83,155,0,95,43,122,181,105
LOLTMNT03_230678,LVP SL,15.07,27,43,4,80,145,1,60,163,82,1,114
LOLTMNT06_115193,LFL,15.07,90,57,36,114,13,0,178,27,5,118,1
LOLTMNT03_229686,RL,15.07,57,169,176,18,171,1,0,62,52,122,2
LOLTMNT03_230680,LPLOL,15.07,122,163,49,186,139,1,171,36,178,4,38
LOLTMNT06_115194,NLC,15.07,163,13,54,15,0,1,14,131,58,118,44
LOLTMNT03_229696,LPLOL,15.07,100,36,128,103,146,1,163,178,2,65,150
LOLTMNT03_229694,RL,15.07,155,178,65,60,4,0,32,90,49,181,154
LOLTMNT06_114181,NACL,15.07,169,1,5,155,118,1,150,36,125,113,82
LOLTMNT06_115210,NACL,15.07,141,14,103,58,43,0,83,27,4,186,146
LOLTMNT06_114184,NACL,15.07,129,178,36,128,115,1,169,163,65,49,40
LOLTMNT06_114189,NACL,15.07,27,109,103,13,56,0,85,94,131,2,41
LOLTMNT03_229760,LCKC,15.07,128,175,150,140,4,1,36,178,1,118,60
LOLTMNT03_230752,LCKC,15.07,128,141,14,176,122,0,178,5,146,95,104
LOLTMNT03_229772,LCKC,15.07,64,1,100,60,82,0,36,105,65,139,150
LOLTMNT03_229773,LCKC,15.07,169,58,171,103,56,0,163,14,139,100,20
LOLTMNT03_229809,LCK,15.07,163,100,150,56,114,0,14,178,36,118,44
LOLTMNT03_229800,LJL,15.07,46,36,181,82,56,1,5,131,62,20,49
LOLTMNT03_230801,LJL,15.07,150,139,170,122,155,1,131,57,36,93,4
LOLTMNT03_229822,LCK,15.07,57,141,129,95,122,1,131,46,27,10,124
11995-11995_game_1,LPL,15.07,139,178,150,155,86,0,169,36,146,112,104
LOLTMNT03_229830,LJL,15.07,100,5,95,171,82,1,178,60,150,10,20
LOLTMNT03_230810,LCK,15.07,171,182,80,59,86,0,139,170,1,4,187
11995-11995_game_2,LPL,15.07,131,181,163,5,4,1,100,95,182,171,20
LOLTMNT03_230821,LJL,15.07,57,175,27,14,191,0,5,169,62,118,78
11995-11995_game_3,LPL,15.07,128,113,62,27,82,0,46,141,1,103,59
LOLTMNT03_230842,LCK,15.07,163,5,150,170,122,0,178,46,1,4,58
LOLTMNT03_229867,LJL,15.07,46,27,137,4,129,0,56,36,74,118,67
LOLTMNT03_230854,LCK,15.07,141,60,14,22,34,0,128,57,95,52,82
11996-11996_game_1,LPL,15.07,57,83,163,122,129,1,182,131,95,171,103
LOLTMNT03_230879,LJL,15.07,46,178,62,103,1,1,36,5,20,131,67
11996-11996_game_2,LPL,15.07,100,146,46,10,104,1,14,113,128,114,27
LOLTMNT01_223571,HM,15.08,57,107,27,122,1,0,163,46,178,118,181
11996-11996_game_3,LPL,15.07,1,62,4,56,125,1,178,40,118,187,112
LOLTMNT06_115244,TCL,15.07,57,191,36,174,82,0,46,163,170,13,122
LOLTMNT01_223606,HM,15.08,128,114,155,140,86,1,169,95,49,0,15
LOLTMNT06_115249,TCL,15.07,163,191,181,41,4,1,64,178,5,78,122
LOLTMNT06_114229,PRM,15.07,178,14,163,30,122,0,128,155,52,36,20
LOLTMNT06_114230,LIT,15.07,163,122,131,171,56,0,64,90,14,103,0
LOLTMNT06_115252,LFL,15.07,128,169,62,122,5,0,46,131,181,27,65
LOLTMNT06_115255,AL,15.07,57,140,141,86,98,1,139,163,52,122,49
LOLTMNT06_115261,TCL,15.07,163,5,14,178,103,0,128,58,181,52,4
LOLTMNT06_115265,PRM,15.07,131,5,2,176,118,1,57,1,62,141,103
LOLTMNT01_223639,HM,15.08,57,100,36,171,82,0,163,90,139,161,27
LOLTMNT06_114236,LFL,15.07,128,141,27,4,111,1,46,178,118,140,146
LOLTMNT06_115266,AL,15.07,128,131,181,62,103,1,40,100,2,58,82
LOLTMNT06_115268,LIT,15.07,169,27,118,13,43,0,36,100,150,15,23
LOLTMNT06_114244,PRM,15.07,43,95,4,170,129,0,181,83,88,37,22
LOLTMNT01_223661,HM,15.08,150,10,109,4,0,0,181,52,58,122,43
LOLTMNT06_115274,LFL,15.07,178,95,122,150,5,1,169,147,103,62,125
LOLTMNT06_115275,LIT,15.07,1,113,125,62,82,0,178,5,104,187,4
LOLTMNT03_229943,LPLOL,15.07,27,5,169,15,1,1,100,163,125,118,14
LOLTMNT06_114248,TCL,15.07,163,128,181,4,141,0,5,36,178,158,65
LOLTMNT06_114249,AL,15.07,128,57,62,82,107,1,181,36,43,191,4
LOLTMNT06_115278,LFL,15.07,128,131,181,36,122,1,14,173,95,100,82
LOLTMNT06_115286,PRM,15.07,14,163,54,20,57,0,181,52,155,82,139
LOLTMNT01_223691,HM,15.08,14,95,141,125,65,1,178,111,118,140,88
LOLTMNT03_229946,LPLOL,15.07,122,74,95,49,75,0,30,82,14,58,23
LOLTMNT06_114256,AL,15.07,163,1,178,5,4,1,128,122,181,58,125
LOLTMNT06_115292,LFL,15.07,128,178,150,27,103,1,1,169,5,118,58
LOLTMNT06_114263,PRM,15.07,178,150,95,0,103,1,171,30,122,58,43
LOLTMNT03_229954,LPLOL,15.07,46,5,62,181,113,1,186,139,132,87,2
LOLTMNT03_230958,NACL,15.07,100,129,4,110,163,1,95,83,23,114,171
LOLTMNT03_229963,LPLOL,15.07,163,169,1,110,118,1,52,36,5,150,103
LOLTMNT03_229964,NACL,15.07,169,85,94,146,56,0,64,124,178,13,60
LOLTMNT03_230961,NACL,15.07,155,171,169,44,86,1,27,14,178,118,43
LOLTMNT03_229965,NACL,15.07,100,181,62,84,103,1,139,95,114,150,124
LOLTMNT03_232020,LAS,15.07,100,46,1,58,4,0,14,178,57,36,20
LOLTMNT03_232017,LAS,15.07,181,71,90,58,104,1,46,131,27,22,132
LOLTMNT03_232016,LAS,15.07,14,170,60,32,34,1,128,178,150,187,4
LOLTMNT03_231030,LAS,15.07,169,36,104,60,129,0,100,128,95,122,14
LOLTMNT03_231041,LAS,15.07,5,131,13,62,103,1,181,95,83,43,82
LOLTMNT03_231045,LAS,15.07,46,131,27,155,82,1,163,5,83,142,20
LOLTMNT03_231043,LCK,15.07,169,13,1,58,118,1,128,175,150,4,187
LOLTMNT03_232032,LAS,15.07,5,107,62,103,13,0,125,10,20,105,171
LOLTMNT03_232033,LAS,15.07,191,14,36,43,82,1,169,111,187,118,100
LOLTMNT03_231048,LAS,15.07,163,170,171,122,172,1,10,141,146,104,0
LOLTMNT03_231052,LAS,15.07,171,95,74,0,90,1,141,43,36,122,49
LOLTMNT03_232041,LCK,15.07,10,83,181,139,122,0,178,95,171,0,103
LOLTMNT03_232051,LAS,15.07,57,181,191,27,114,0,46,178,95,146,82
LOLTMNT03_231068,LAS,15.07,169,128,14,176,118,1,131,104,5,36,171
LOLTMNT03_232059,LAS,15.07,46,178,14,95,82,0,163,2,150,103,72
LOLTMNT03_231079,LAS,15.07,14,128,178,187,4,0,13,169,40,36,20
LOLTMNT03_231086,LCK,15.07,57,64,34,146,100,0,14,178,128,118,32
LOLTMNT03_231089,LAS,15.07,57,90,129,58,65,0,100,1,0,95,115
LOLTMNT03_232067,LAS,15.07,163,104,171,60,80,1,64,1,0,115,107
LOLTMNT03_231091,LAS,15.07,171,95,5,175,103,1,129,10,173,80,122
LOLTMNT03_232068,LCK,15.07,181,10,90,7,18,0,13,141,56,58,82
LOLTMNT03_232069,LAS,15.07,169,62,1,118,0,1,36,170,146,114,125
LOLTMNT01_223875,HC,15.08,155,178,172,114,82,0,169,150,5,10,20
11997-11997_game_1,LPL,15.08,178,14,25,27,103,1,139,113,150,122,59
LOLTMNT03_232071,LAS,15.07,169,62,14,112,118,1,129,170,128,58,122
LOLTMNT01_224891,LCP,15.08,178,95,1,4,60,0,100,150,139,27,103
LOLTMNT03_231097,LAS,15.07,46,139,27,85,101,1,57,1,170,62,118
LOLTMNT03_231099,LAS,15.07,60,83,171,59,4,1,141,129,43,86,76
LOLTMNT01_223889,HC,15.08,27,90,14,162,103,1,36,83,181,43,4
LOLTMNT06_114273,LFL2,15.07,95,38,131,14,20,1,128,10,122,27,83
11997-11997_game_2,LPL,15.08,100,129,43,187,86,0,169,163,5,4,171
LOLTMNT01_224904,LCP,15.08,163,141,14,56,118,0,107,36,49,182,115
LOLTMNT01_224908,HC,15.08,46,100,147,176,118,1,65,181,107,44,58
LOLTMNT06_114276,LFL2,15.07,57,131,14,64,124,1,90,82,36,171,139
11998-11998_game_1,LPL,15.08,169,62,104,136,171,1,178,36,139,122,146
LOLTMNT01_224957,LCP,15.08,150,100,46,155,4,0,139,141,171,36,20
LOLTMNT01_224952,HC,15.08,169,5,177,9,20,1,140,173,40,114,124
LOLTMNT06_114277,LFL2,15.07,163,114,14,112,103,1,129,100,57,62,122
11998-11998_game_2,LPL,15.08,128,83,27,5,4,1,57,141,129,58,34
LOLTMNT06_114278,LFL2,15.07,52,155,82,59,43,1,46,181,20,140,139
LOLTMNT01_225024,LCP,15.08,169,62,129,5,104,1,82,105,27,95,0
11998-11998_game_3,LPL,15.08,100,82,188,13,182,1,131,95,181,118,43
LOLTMNT01_225086,LCP,15.08,178,56,146,59,154,1,1,182,80,103,188
LOLTMNT04_107072,LEC,15.08,64,113,139,122,111,1,163,57,90,171,4
LOLTMNT04_107075,LEC,15.08,14,52,82,58,125,0,150,95,191,118,56
LOLTMNT01_226050,LTA S,15.08,46,169,150,10,20,0,14,95,131,186,122
LOLTMNT04_106064,LEC,15.08,128,150,178,36,118,1,163,13,141,49,104
LOLTMNT01_225299,LTA S,15.08,57,178,14,36,118,0,169,95,128,177,122
LOLTMNT04_106078,LEC,15.08,14,114,176,4,56,1,62,169,1,43,82
LOLTMNT01_226100,LTA S,15.08,46,178,95,122,2,1,14,163,38,175,20
LOLTMNT04_107091,LEC,15.08,90,171,125,76,20,1,27,131,0,2,15
LOLTMNT01_226124,LTA S,15.08,46,146,178,10,20,0,14,131,56,27,122
LOLTMNT01_225600,LTA N,15.08,163,128,4,24,141,1,14,178,40,176,118
LOLTMNT01_226186,LTA N,15.08,169,14,36,5,15,1,150,64,124,178,139
LOLTMNT01_226196,LTA N,15.08,163,139,100,171,103,0,57,131,146,36,20
LOLTMNT01_225761,LTA N,15.08,178,129,40,95,118,0,128,14,54,36,4
LOLTMNT03_231253,LAS,15.07,14,139,95,56,103,1,57,178,46,187,82
LOLTMNT03_231255,LAS,15.07,128,178,181,187,118,0,60,14,36,56,104
LOLTMNT03_232222,LAS,15.07,169,95,14,118,0,1,5,36,65,107,146
LOLTMNT03_231243,LAS,15.07,57,100,187,171,4,0,46,131,27,85,101
LOLTMNT03_231266,LAS,15.07,57,90,58,49,103,1,95,171,139,74,82
LOLTMNT03_232240,LAS,15.07,60,178,14,36,82,0,43,10,133,13,175
LOLTMNT03_232241,LAS,15.07,128,170,62,90,129,1,36,141,60,118,49
LOLTMNT03_231269,LAS,15.07,27,90,103,128,181,0,191,85,60,101,129
LOLTMNT03_231270,LCK,15.07,57,1,141,62,104,0,128,36,100,13,122
LOLTMNT03_231271,LAS,15.07,171,107,27,43,114,0,131,150,155,122,0
LOLTMNT03_231272,LAS,15.07,5,170,150,9,148,1,10,1,107,4,0
LOLTMNT03_232248,LCK,15.07,178,125,150,95,82,1,131,5,171,58,34
11999-11999_game_1,LPL,15.08,83,46,27,36,20,1,128,80,129,4,62
LOLTMNT03_232252,LAS,15.07,57,178,150,187,86,0,163,14,139,175,103
LOLTMNT03_231276,LAS,15.07,46,178,14,176,118,0,40,27,169,13,122
LOLTMNT03_231277,LAS,15.07,57,178,146,106,118,0,100,14,5,62,122
LOLTMNT03_232255,LAS,15.07,163,181,128,103,56,1,95,14,178,40,122
LOLTMNT03_232256,LCK,15.07,163,90,181,20,139,0,114,14,56,113,187
11999-11999_game_2,LPL,15.08,178,95,146,122,5,0,163,141,57,13,124
LOLTMNT03_232257,LAS,15.07,10,107,13,82,60,0,171,95,141,103,110
LOLTMNT03_231280,LAS,15.07,128,170,129,58,82,1,57,10,133,175,112
LOLTMNT03_232258,LAS,15.07,171,64,104,141,43,1,131,95,115,129,5
LOLTMNT03_232259,LAS,15.07,46,131,27,187,86,0,36,57,83,4,32
LOLTMNT01_225909,HC,15.08,163,119,128,95,122,1,58,100,65,40,1
LOLTMNT03_231299,LCK,15.07,64,104,40,178,1,1,128,141,150,118,176
12000-12000_game_1,LPL,15.08,169,5,62,146,104,1,178,57,14,176,118
LOLTMNT03_232287,LAS,15.07,36,128,100,118,145,1,62,1,107,60,114
LOLTMNT03_231300,LAS,15.07,5,141,150,9,86,1,131,1,152,187,184
LOLTMNT01_225920,LCP,15.08,128,175,129,62,103,0,178,1,95,13,122
LOLTMNT06_114289,LFL2,15.07,181,105,36,103,5,0,131,128,155,62,122
LOLTMNT01_225925,HC,15.08,191,62,103,76,57,0,46,36,82,171,139
12000-12000_game_2,LPL,15.08,163,141,13,122,125,1,131,95,181,103,43
LOLTMNT03_231301,LCK,15.07,100,129,5,58,82,0,57,36,13,114,37
LOLTMNT01_225935,LCP,15.08,150,139,100,155,82,1,57,90,181,36,20
LOLTMNT06_114292,LFL2,15.07,46,178,1,10,20,0,181,128,70,95,82
12000-12000_game_3,LPL,15.08,36,4,56,170,8,0,58,113,114,129,44
LOLTMNT01_226311,HC,15.08,90,176,146,43,143,1,27,131,24,60,15
LOLTMNT01_226316,LCP,15.08,163,83,4,5,111,1,58,141,146,15,105
LOLTMNT06_115326,LFL2,15.07,178,150,5,122,36,0,163,181,83,139,82
LOLTMNT01_226328,HC,15.08,100,111,163,30,118,0,90,57,36,103,14
12001-12001_game_1,LPL,15.08,169,62,104,23,1,1,5,131,181,103,36
LOLTMNT01_225978,LCP,15.08,64,104,40,129,100,1,128,1,178,27,113
LOLTMNT06_115327,LFL2,15.07,90,181,187,5,154,0,95,141,146,46,103
LOLTMNT01_226359,HC,15.08,46,82,58,49,178,0,150,95,4,91,56
12001-12001_game_2,LPL,15.08,83,95,139,122,146,0,113,150,182,163,114
LOLTMNT01_225993,LCP,15.08,57,105,36,20,146,1,95,131,182,82,2
LOLTMNT01_226376,HC,15.08,10,114,145,170,24,1,169,1,5,133,15
LOLTMNT01_227011,LCP,15.08,46,90,155,10,124,1,5,171,170,176,115
LOLTMNT04_107126,LEC,15.08,163,131,150,5,118,1,36,169,1,4,56
LOLTMNT04_107128,LEC,15.08,181,141,20,7,27,0,128,95,124,175,13
LOLTMNT01_227057,LTA S,15.08,181,46,141,176,118,1,131,128,27,62,103
LOLTMNT01_227081,LTA S,15.08,46,40,100,64,104,0,1,169,56,10,133
LOLTMNT04_106127,LEC,15.08,90,155,43,82,188,1,150,30,180,103,62
LOLTMNT01_227117,LTA S,15.08,163,83,5,27,4,1,181,131,23,187,118
LOLTMNT04_107139,LEC,15.08,36,49,4,169,125,0,171,178,118,187,112
LOLTMNT01_227142,LTA S,15.08,169,1,5,36,20,0,95,131,23,146,104
LOLTMNT01_226543,LTA N,15.08,163,178,14,103,60,0,57,36,150,100,122
LOLTMNT01_226541,LRN,15.08,57,114,27,188,82,0,36,169,128,49,103
LOLTMNT01_227186,LTA N,15.08,169,36,14,5,4,1,128,163,52,85,103
LOLTMNT01_226607,LRN,15.08,113,187,122,56,129,1,62,175,104,171,43
LOLTMNT01_227215,LTA N,15.08,14,40,100,62,104,1,128,57,114,10,4
LOLTMNT01_226645,LRN,15.08,14,30,60,176,118,0,131,95,181,13,4
LOLTMNT01_226667,LTA N,15.08,169,36,1,118,57,1,150,163,100,103,182
LOLTMNT01_227233,LRN,15.08,163,131,5,171,124,0,128,178,64,181,104
LOLTMNT01_226703,LRN,15.08,169,62,150,103,51,1,36,100,129,43,4
LOLTMNT01_226717,LRN,15.08,57,175,36,129,82,1,163,178,128,103,49
LOLTMNT01_227238,LRN,15.08,90,125,14,187,86,0,5,141,150,62,104
LOLTMNT01_227270,LCKC,15.08,169,40,181,36,4,0,131,128,27,62,103
LOLTMNT01_227273,LCKC,15.08,163,141,171,5,122,1,178,58,146,118,105
LOLTMNT01_227280,LCKC,15.08,95,82,114,190,139,1,100,1,10,104,60
LOLTMNT01_226779,LCKC,15.08,14,178,128,114,176,1,100,1,40,118,187
LOLTMNT01_227324,PCS,15.08,57,150,113,62,118,1,1,178,128,4,27
LOLTMNT01_226785,LCKC,15.08,171,141,57,140,34,0,36,111,107,60,4
12002-12002_game_1,LPL,15.08,46,178,1,36,4,0,100,150,43,62,104
LOLTMNT01_226788,PCS,15.08,163,141,13,182,103,0,131,181,5,58,82
LOLTMNT01_227337,LCKC,15.08,14,175,139,176,118,0,163,178,150,0,122
12002-12002_game_2,LPL,15.08,83,163,181,139,122,1,64,124,141,111,5
LOLTMNT01_227341,PCS,15.08,169,57,36,13,104,1,46,163,178,150,65
LOLTMNT01_227365,LCKC,15.08,125,83,36,13,4,1,100,112,1,187,86
LOLTMNT01_227368,PCS,15.08,128,27,141,171,114,0,129,95,90,4,105
12002-12002_game_3,LPL,15.08,129,182,113,176,118,1,103,57,49,175,59
12003-12003_game_1,LPL,15.08,169,62,1,5,103,0,178,150,46,4,163
12003-12003_game_2,LPL,15.08,83,95,181,118,182,1,14,36,141,20,125
LOLTMNT03_231323,NEXO,15.07,163,191,171,154,60,1,36,57,54,82,177
LOLTMNT04_106164,LEC,15.08,128,36,169,122,27,1,64,178,40,111,118
LOLTMNT03_232346,NEXO,15.07,27,46,122,133,110,1,57,141,4,142,2
LOLTMNT04_106166,LEC,15.08,163,113,150,5,4,1,181,90,95,82,162
LOLTMNT01_227508,LTA S,15.08,128,131,27,176,118,1,1,169,5,95,37
LOLTMNT03_231331,NEXO,15.07,27,150,171,181,20,1,64,114,190,43,18
LOLTMNT01_227538,LTA S,15.08,95,139,52,188,82,1,57,178,150,122,187
LOLTMNT04_106169,LEC,15.08,171,103,54,56,140,0,62,131,20,155,0
LOLTMNT04_106173,LEC,15.08,128,113,171,62,114,1,178,150,46,122,58
LOLTMNT01_227580,LTA S,15.08,128,169,1,58,103,1,10,131,0,150,4
LOLTMNT04_107177,LEC,15.08,163,141,1,4,43,0,100,95,129,118,146
LOLTMNT01_228056,LTA S,15.08,169,32,104,5,40,0,64,178,103,44,125
LOLTMNT01_227642,LTA N,15.08,169,64,124,146,139,1,14,131,65,10,0
LOLTMNT01_228092,LRN,15.08,169,128,14,62,122,1,57,178,49,82,176
LOLTMNT01_228101,LTA N,15.08,128,141,62,122,57,0,27,131,46,155,20
LOLTMNT01_227669,LRN,15.08,163,141,103,0,129,1,27,175,4,139,171
LOLTMNT01_227664,LTA N,15.08,163,131,181,0,104,1,36,100,24,125,122
LOLTMNT01_228130,LRN,15.08,90,58,2,125,15,1,181,95,19,114,60
LOLTMNT01_228131,LTA N,15.08,14,100,95,118,43,1,150,178,36,82,88
LOLTMNT01_228142,LRN,15.08,178,139,95,2,103,0,57,36,14,109,20
LOLTMNT01_227690,LRN,15.08,113,64,124,127,146,1,90,128,10,133,150
LOLTMNT01_227696,LRN,15.08,128,163,100,4,129,1,5,178,36,82,146
LOLTMNT01_228153,LRN,15.08,14,43,27,118,175,0,60,150,187,122,170
LOLTMNT01_227703,LRN,15.08,169,62,125,1,104,1,74,58,103,44,84
LOLTMNT01_228219,LCKC,15.08,57,36,171,90,103,1,14,178,139,62,122
LOLTMNT01_227780,LCKC,15.08,128,131,181,176,124,0,1,107,5,82,85
12004-12004_game_1,LPL,15.08,83,139,181,36,114,0,14,178,5,4,140
LOLTMNT01_227790,PCS,15.08,128,100,36,122,111,1,13,178,62,103,2
12004-12004_game_2,LPL,15.08,182,80,8,95,103,0,100,129,56,64,124
LOLTMNT01_228256,PCS,15.08,46,80,1,27,82,1,43,95,141,49,114
LOLTMNT01_227817,LCKC,15.08,178,14,43,36,118,1,100,104,56,146,62
LOLTMNT01_227851,PCS,15.08,169,150,60,10,4,1,100,14,36,0,20
LOLTMNT01_228289,LCKC,15.08,128,170,95,150,103,0,57,131,58,111,4
12005-12005_game_1,LPL,15.08,128,178,150,62,118,0,14,141,40,36,82
LOLTMNT01_227881,PCS,15.08,128,58,113,34,171,1,129,95,141,82,181
12005-12005_game_2,LPL,15.08,131,125,171,58,15,0,163,104,112,111,54
LOLTMNT01_228342,PCS,15.08,178,1,103,176,172,0,56,27,111,114,98
LOLTMNT01_227933,HLL,15.08,27,131,122,8,43,1,95,178,4,150,0
LOLTMNT01_227970,HLL,15.08,46,57,122,140,155,1,128,163,4,169,1
LOLTMNT01_227976,HM,15.08,57,90,58,122,146,1,128,169,181,95,118
LOLTMNT01_228435,HLL,15.08,163,83,57,150,122,1,95,131,181,60,103
LOLTMNT01_228438,HM,15.08,163,107,104,13,125,0,140,178,82,1,43
LOLTMNT01_228424,RL,15.08,57,163,131,49,154,1,122,155,5,185,146
LOLTMNT01_228468,HLL,15.08,163,169,147,125,118,1,178,36,171,122,38
LOLTMNT01_229037,HM,15.08,59,83,139,20,155,1,27,131,4,51,171
LOLTMNT04_107196,PRM,15.08,27,178,49,114,24,1,155,100,93,122,13
LOLTMNT04_106193,PRM,15.08,181,131,128,95,82,1,113,150,129,27,20
LOLTMNT01_228464,LVP SL,15.08,163,113,150,4,0,1,100,58,111,103,42
LOLTMNT01_228473,RL,15.08,46,1,95,37,100,1,27,118,90,2,56
LOLTMNT01_229060,LVP SL,15.08,128,178,95,2,4,0,46,100,1,163,20
LOLTMNT04_107206,PRM,15.08,163,178,1,115,139,1,100,36,171,122,56
LOLTMNT04_106197,PRM,15.08,171,54,58,118,43,1,163,186,111,115,88
LOLTMNT01_229065,HM,15.08,100,36,150,4,43,0,14,114,187,118,56
LOLTMNT01_228519,RL,15.08,57,36,122,137,146,0,95,82,139,90,171
LOLTMNT01_228533,LVP SL,15.08,46,155,118,150,169,1,14,43,36,122,52
LOLTMNT04_107215,PRM,15.08,103,59,13,16,40,1,62,111,118,30,88
LOLTMNT04_106202,PRM,15.08,14,36,122,182,88,0,150,163,178,4,128
LOLTMNT01_229097,HM,15.08,57,95,141,103,171,0,5,163,169,122,111
LOLTMNT01_228536,ROL,15.08,111,20,95,175,43,1,122,171,120,76,42
LOLTMNT01_229099,ROL,15.08,90,36,57,173,54,0,122,171,139,95,169
LOLTMNT01_228546,RL,15.08,163,93,103,141,43,0,1,187,20,169,51
LOLTMNT01_228549,LVP SL,15.08,14,40,36,100,103,1,90,128,27,32,4
LOLTMNT04_106204,PRM,15.08,171,90,5,18,58,1,1,170,134,118,93
LOLTMNT01_228560,LRS,15.08,131,56,14,58,104,1,125,83,181,62,82
LOLTMNT01_229121,ROL,15.08,163,100,111,82,60,1,58,178,103,188,5
LOLTMNT01_228570,LVP SL,15.08,169,46,150,27,4,1,95,107,2,171,118
LOLTMNT01_229142,LRS,15.08,57,113,1,64,124,0,46,100,27,36,65
LOLTMNT01_229139,RL,15.08,60,150,113,62,118,1,25,64,156,71,6
LOLTMNT01_228589,CD,15.08,46,131,181,62,103,1,128,100,1,95,4
LOLTMNT01_228599,ROL,15.08,131,40,155,86,14,0,175,128,176,129,101
LOLTMNT01_229168,LRS,15.08,178,65,10,20,0,1,169,36,128,122,49
LOLTMNT01_228611,CD,15.08,150,176,118,43,141,1,169,5,177,85,101
LOLTMNT01_229180,CD,15.08,57,10,20,30,2,0,107,104,182,58,171
LOLTMNT01_229179,LRS,15.08,57,113,150,187,118,1,139,95,175,13,34
LOLTMNT01_228634,LRS,15.08,163,103,14,5,170,0,82,191,58,142,60
LOLTMNT01_229188,CD,15.08,1,178,95,82,125,1,163,169,171,103,0
LOLTMNT01_228635,CD,15.08,131,5,129,27,114,1,100,13,23,118,176
LOLTMNT01_228752,LCK,15.08,57,100,1,176,118,0,128,178,129,95,114
LOLTMNT01_228763,PCS,15.08,64,57,104,107,103,1,100,36,65,56,150
LOLTMNT01_229352,LCK,15.08,141,36,13,5,15,0,163,150,83,122,0
12006-12006_game_1,LPL,15.08,182,178,14,58,122,0,100,150,56,95,103
LOLTMNT01_228775,PCS,15.08,128,178,1,180,4,0,13,169,62,171,118
12006-12006_game_2,LPL,15.08,83,27,125,176,118,0,64,104,169,57,129
LOLTMNT01_228803,LCK,15.08,178,46,129,187,4,1,163,128,141,181,124
LOLTMNT01_229407,PCS,15.08,113,128,129,36,118,1,163,150,169,112,132
LOLTMNT01_228821,LCK,15.08,100,150,36,122,139,0,14,114,62,82,105
12007-12007_game_1,LPL,15.08,163,57,83,4,27,1,46,141,150,95,103
LOLTMNT01_229428,PCS,15.08,46,171,170,58,34,0,178,172,1,95,103
12007-12007_game_2,LPL,15.08,139,175,40,85,101,1,62,178,14,104,0
12007-12007_game_3,LPL,15.08,113,125,1,10,20,1,170,13,112,82,188
LOLTMNT01_228886,HLL,15.08,14,10,125,82,178,0,57,95,122,131,128
LOLTMNT01_228927,HLL,15.08,27,100,150,13,122,0,32,169,5,171,103
LOLTMNT01_228938,RL,15.08,169,56,62,1,4,1,5,163,150,83,103
LOLTMNT01_228958,LVP SL,15.08,163,100,129,139,82,1,128,95,113,111,20
LOLTMNT04_107292,PRM,15.08,131,2,5,163,118,1,54,49,24,64,4
LOLTMNT06_114296,AL,15.07,163,60,128,122,180,1,113,58,150,178,4
LOLTMNT01_229558,HLL,15.08,128,175,36,150,4,1,27,178,0,103,171
LOLTMNT04_107293,NLC,15.08,14,27,60,175,122,0,169,150,43,59,4
LOLTMNT04_107304,LIT,15.08,46,58,141,40,82,1,57,178,49,191,53
LOLTMNT04_106246,LFL,15.08,90,27,46,106,132,1,128,64,178,82,171
LOLTMNT01_228978,RL,15.08,95,113,60,82,49,0,178,27,111,28,20
LOLTMNT01_229595,LVP SL,15.08,131,5,14,95,118,1,178,150,57,59,4
LOLTMNT04_106261,LIT,15.08,113,111,10,133,28,1,150,131,5,36,18
LOLTMNT04_107311,NLC,15.08,111,178,20,76,125,1,146,95,107,124,114
LOLTMNT04_107309,EBL,15.08,27,191,82,49,125,0,178,36,20,1,0
LOLTMNT04_106262,LFL,15.08,131,128,27,22,15,1,46,124,64,113,146
LOLTMNT06_114301,AL,15.07,1,178,57,62,122,1,78,100,44,58,118
LOLTMNT04_107319,PRM,15.08,178,93,27,114,103,1,113,150,36,82,110
LOLTMNT04_106271,LIT,15.08,163,80,14,154,114,0,140,54,146,86,182
LOLTMNT04_107324,NLC,15.08,5,62,103,90,129,1,181,131,36,154,173
LOLTMNT01_229634,LVP SL,15.08,163,57,80,147,103,0,36,105,139,14,37
LOLTMNT01_229639,RL,15.08,181,122,83,56,187,1,51,131,103,95,71
LOLTMNT04_107328,EBL,15.08,163,90,122,5,11,1,131,58,103,14,43
LOLTMNT04_106274,PRM,15.08,181,90,122,62,43,0,13,58,30,20,38
LOLTMNT04_107326,LFL,15.08,178,163,1,82,114,1,95,181,131,5,20
LOLTMNT06_114303,AL,15.07,128,90,155,4,36,1,5,131,122,10,171
LOLTMNT04_107333,EBL,15.08,128,175,95,118,111,1,57,141,62,4,129
LOLTMNT01_229663,RL,15.08,46,86,27,111,100,1,90,125,32,154,1
LOLTMNT01_229670,LVP SL,15.08,178,176,118,168,60,0,128,169,1,95,122
LOLTMNT04_106277,PRM,15.08,122,155,191,163,182,1,14,52,4,36,60
LOLTMNT04_107336,LFL,15.08,128,169,1,27,122,1,5,95,178,14,103
LOLTMNT04_106281,EBL,15.08,155,60,169,104,111,0,128,163,122,56,171
LOLTMNT01_229694,LVP SL,15.08,14,80,5,95,4,0,169,163,150,57,20
LOLTMNT04_106282,PRM,15.08,150,100,43,62,20,1,57,103,83,112,27
LOLTMNT01_229699,CD,15.08,163,178,40,13,103,1,128,169,181,36,118
LOLTMNT04_107341,LFL,15.08,128,178,36,171,122,1,131,95,46,150,118
LOLTMNT04_107343,EBL,15.08,57,125,191,59,4,0,36,5,147,82,29
LOLTMNT01_230146,CD,15.08,131,95,125,1,4,1,27,122,43,141,146
LOLTMNT01_229739,NACL,15.08,169,5,2,95,37,0,14,118,176,139,90
LOLTMNT01_230178,CD,15.08,128,90,181,122,58,1,36,178,65,43,1
LOLTMNT01_230179,NACL,15.08,163,44,54,171,15,1,57,191,181,27,82
LOLTMNT01_230192,CD,15.08,14,176,118,139,113,0,169,95,104,188,25
LOLTMNT01_229763,NACL,15.08,169,57,14,85,94,1,128,90,155,62,118
LOLTMNT01_229773,NACL,15.08,95,139,173,133,181,0,27,105,0,4,171
LOLTMNT01_230288,LCKC,15.08,128,131,181,95,4,1,14,178,40,163,82
LOLTMNT01_229839,LCKC,15.08,14,36,114,82,60,0,178,150,62,118,43
LOLTMNT01_230286,LCKC,15.08,57,36,171,103,90,0,14,178,139,62,122
LOLTMNT01_229860,LCKC,15.08,100,13,139,140,103,1,125,83,36,27,122
LOLTMNT01_229864,LCKC,15.08,46,1,170,20,85,1,128,100,146,82,27
LOLTMNT01_230317,LCKC,15.08,128,175,1,10,122,1,100,129,171,95,103
LOLTMNT01_229876,LCKC,15.08,46,175,111,187,86,1,5,141,171,118,176
LOLTMNT01_229881,LCKC,15.08,163,111,170,112,20,1,125,58,4,80,2
LOLTMNT01_230343,LCKC,15.08,83,181,95,118,112,0,125,191,10,93,114
LOLTMNT01_230375,LCK,15.08,46,100,150,58,103,1,14,131,5,36,20
LOLTMNT01_229915,LCK,15.08,178,57,1,187,86,0,128,113,146,176,18
12008-12008_game_1,LPL,15.08,100,182,176,103,1,0,62,104,139,129,113
LOLTMNT01_229932,LCK,15.08,14,114,57,176,118,1,128,100,1,58,103
12008-12008_game_2,LPL,15.08,128,131,181,187,118,1,14,141,36,60,114
LOLTMNT01_230468,LCK,15.08,178,2,56,85,20,0,125,181,105,62,104
12008-12008_game_3,LPL,15.08,150,58,82,0,170,1,163,178,20,5,13
12009-12009_game_1,LPL,15.08,163,178,65,40,57,0,100,104,58,129,112
LOLTMNT01_230556,HLL,15.08,128,191,155,27,82,0,169,40,1,58,4
12009-12009_game_2,LPL,15.08,62,114,14,105,4,0,139,176,103,181,90
LOLTMNT01_231065,HLL,15.08,178,10,82,139,147,0,27,113,4,105,188
LOLTMNT01_230607,HM,15.08,128,155,122,181,173,0,62,90,4,111,51
LOLTMNT01_231097,HLL,15.08,163,131,181,82,44,1,14,58,178,103,110
LOLTMNT01_230639,HM,15.08,169,59,171,20,139,1,150,27,178,82,23
LOLTMNT01_230642,RL,15.08,163,52,14,103,125,1,95,122,169,11,112
LOLTMNT01_230686,HM,15.08,95,103,49,83,5,1,176,14,38,124,6
LOLTMNT01_230676,LVP SL,15.08,128,90,181,36,4,1,13,163,131,68,20
LOLTMNT04_106392,LIT,15.08,46,95,182,103,40,1,71,163,113,82,27
LOLTMNT01_230688,HLL,15.08,163,57,122,171,16,1,10,107,23,82,1
LOLTMNT01_230690,RL,15.08,90,5,93,58,65,0,171,131,23,10,18
LOLTMNT04_108019,LFL,15.08,128,95,122,113,146,0,178,163,82,5,129
LOLTMNT04_108022,NLC,15.08,163,90,171,114,103,1,36,169,1,118,0
LOLTMNT01_230717,LVP SL,15.08,128,113,150,122,58,0,178,139,49,95,82
LOLTMNT01_231165,HM,15.08,57,36,122,14,156,1,95,139,20,109,150
LOLTMNT04_108033,LIT,15.08,141,4,36,49,56,0,122,170,62,14,134
LOLTMNT04_106397,EBL,15.08,90,54,27,132,58,0,191,155,122,19,51
LOLTMNT04_106398,LFL,15.08,46,141,163,14,103,1,5,131,122,95,171
LOLTMNT01_231166,ROL,15.08,27,100,182,4,13,1,128,122,181,178,62
LOLTMNT04_106400,NLC,15.08,14,141,82,57,62,1,147,170,41,122,64
LOLTMNT01_230748,RL,15.08,57,36,90,4,171,0,82,113,62,2,60
LOLTMNT01_231202,LVP SL,15.08,100,1,36,37,43,0,14,178,27,118,88
LOLTMNT04_108036,EBL,15.08,78,47,85,28,40,1,170,36,168,118,164
LOLTMNT01_231209,HM,15.08,111,178,5,27,90,0,128,169,2,187,4
LOLTMNT04_108037,NLC,15.08,10,86,54,181,153,1,178,59,111,18,44
LOLTMNT04_108038,LIT,15.08,57,58,19,28,90,1,10,131,5,133,1
LOLTMNT04_106407,LFL,15.08,178,125,1,58,82,0,163,5,100,14,4
LOLTMNT01_230779,ROL,15.08,111,60,175,58,104,1,147,113,114,140,15
LOLTMNT01_231214,ROL,15.08,163,178,60,165,122,1,36,90,56,181,103
LOLTMNT01_230783,RL,15.08,181,114,27,54,128,1,131,122,95,49,170
LOLTMNT01_231228,LPLOL,15.08,150,90,36,5,70,0,169,1,82,62,0
LOLTMNT04_108040,EBL,15.08,128,178,95,150,118,1,5,36,122,175,111
LOLTMNT01_231232,LVP SL,15.08,131,150,122,62,139,1,163,169,1,118,5
LOLTMNT01_230813,ROL,15.08,113,65,110,32,105,1,171,173,44,9,154
LOLTMNT04_106410,LIT,15.08,191,9,118,125,147,1,186,59,86,25,2
LOLTMNT04_108041,LFL,15.08,128,176,118,107,111,0,5,169,65,22,40
LOLTMNT04_106411,NLC,15.08,27,190,131,15,56,1,13,175,112,22,65
LOLTMNT04_106413,EBL,15.08,46,113,10,18,93,0,57,90,59,49,4
LOLTMNT01_230831,LVP SL,15.08,169,95,1,82,56,1,150,74,155,4,88
LOLTMNT01_230836,LVP SL,15.08,178,36,150,4,43,1,139,27,191,155,20
LOLTMNT04_106425,LIT,15.08,171,173,140,65,172,1,178,165,32,144,181
LOLTMNT01_231261,LPLOL,15.08,163,54,4,49,57,1,13,58,114,118,14
LOLTMNT04_106426,LFL,15.08,128,131,27,155,20,0,5,141,95,171,118
LOLTMNT01_230858,LVP SL,15.08,163,100,129,5,114,0,64,169,1,43,124
LOLTMNT01_231287,LPLOL,15.08,187,122,146,186,43,1,163,14,20,52,23
LOLTMNT04_108063,NLC,15.08,4,58,107,88,188,1,20,100,129,85,30
LOLTMNT01_230875,NACL,15.08,46,178,14,36,90,1,169,150,5,118,155
LOLTMNT01_231300,LVP SL,15.08,90,57,27,176,118,0,14,163,128,30,103
LOLTMNT01_230895,NACL,15.08,128,131,27,85,94,0,100,136,62,111,103
LOLTMNT01_231322,NACL,15.08,57,93,4,59,170,0,64,49,139,144,175
LOLTMNT01_231338,NACL,15.08,128,131,181,36,103,1,5,169,14,4,155
LOLTMNT01_230926,NACL,15.08,100,95,13,56,37,1,163,178,20,125,1
LOLTMNT01_231358,NACL,15.08,150,43,30,176,118,1,90,27,146,82,59
LOLTMNT01_231428,LCKC,15.08,14,32,114,188,4,0,163,178,150,0,15
LOLTMNT01_231424,LCKC,15.08,178,57,150,103,62,0,14,46,131,36,82
LOLTMNT01_230999,LCKC,15.08,27,5,83,59,148,0,111,100,125,10,20
LOLTMNT01_232002,LCKC,15.08,100,40,181,140,118,0,128,36,141,155,105
LOLTMNT01_231505,LCK,15.08,64,104,128,83,27,0,131,34,181,36,7
LOLTMNT01_232064,LJL,15.08,169,43,36,170,20,0,46,178,62,150,118
LOLTMNT01_232089,LCK,15.08,57,1,113,118,62,0,178,150,10,82,105
LOLTMNT01_231548,LJL,15.08,175,41,27,146,4,0,5,141,187,122,2
12010-12010_game_1,LPL,15.08,139,62,113,146,103,1,178,150,112,163,124
LOLTMNT01_232112,LJL,15.08,14,114,139,85,104,1,107,129,105,9,154
LOLTMNT01_232113,LCK,15.08,14,100,58,112,104,1,128,163,150,141,82
12010-12010_game_2,LPL,15.08,104,131,46,32,181,1,129,58,57,82,186
12010-12010_game_3,LPL,15.08,100,1,5,10,122,1,60,27,83,95,118
LOLTMNT01_231671,LJL,15.08,57,163,128,141,104,1,36,118,51,131,129
LOLTMNT01_231666,LCK,15.08,46,95,1,170,122,1,57,181,131,118,176
LOLTMNT01_231710,LCK,15.08,171,83,125,85,20,1,146,114,0,10,113
LOLTMNT01_232160,LJL,15.08,150,20,59,98,157,0,10,170,122,125,13
12011-12011_game_1,LPL,15.08,139,62,113,146,122,0,178,150,182,176,114
12011-12011_game_2,LPL,15.08,128,141,13,85,101,0,57,100,1,104,64
LOLTMNT01_231858,HM,15.08,14,163,128,82,169,1,90,62,51,4,40
LOLTMNT01_232251,HM,15.08,118,27,111,125,6,0,150,95,103,178,43
LOLTMNT01_231996,HM,15.08,169,128,58,146,122,0,163,178,118,0,40
LOLTMNT04_106670,PRM,15.08,150,178,0,95,4,1,128,155,90,27,115
LOLTMNT04_108261,LFL,15.08,163,5,100,190,18,1,169,64,125,124,129
LOLTMNT04_108264,PRM,15.08,169,58,82,139,146,1,163,171,114,4,182
LOLTMNT04_108268,LIT,15.08,128,36,82,178,14,0,163,122,5,131,146
LOLTMNT04_106674,AL,15.08,163,178,13,5,82,1,128,122,58,181,23
LOLTMNT04_108278,LFL,15.08,100,128,1,103,58,1,163,46,141,150,122
LOLTMNT04_106697,PRM,15.08,122,62,44,100,129,0,27,103,49,54,5
LOLTMNT01_233075,HM,15.08,27,14,54,112,124,0,59,90,2,125,86
LOLTMNT04_106690,EBL,15.08,191,27,95,60,114,1,163,100,147,122,23
LOLTMNT04_108280,LIT,15.08,113,10,118,40,43,0,27,100,103,1,56
LOLTMNT04_106699,PRM,15.08,163,169,49,103,57,1,58,171,54,43,113
LOLTMNT04_108282,AL,15.08,100,14,57,155,34,0,59,103,60,19,186
LOLTMNT04_106710,EBL,15.08,169,139,150,36,118,1,57,131,1,62,113
LOLTMNT01_233127,HM,15.08,95,131,186,103,13,1,150,32,175,4,30
LOLTMNT04_108290,LIT,15.08,95,90,181,0,104,0,62,60,107,49,4
LOLTMNT04_108288,PRM,15.08,46,14,113,4,36,1,169,1,5,118,62
LOLTMNT04_108291,PRM,15.08,111,178,10,34,0,0,118,40,36,113,38
LOLTMNT04_106705,LFL,15.08,163,100,5,172,37,0,95,46,1,114,122
LOLTMNT01_233150,LPLOL,15.08,176,178,75,146,103,0,57,62,191,112,113
LOLTMNT04_106741,LIT,15.08,171,141,140,65,28,0,150,169,59,15,44
LOLTMNT04_106740,PRM,15.08,178,59,111,60,20,1,128,141,155,95,15
LOLTMNT04_108302,AL,15.08,22,131,38,171,115,1,188,27,161,169,118
LOLTMNT04_106742,LFL,15.08,178,36,1,118,56,1,131,163,5,146,4
LOLTMNT01_233182,LPLOL,15.08,163,178,147,51,86,1,155,90,5,93,82
LOLTMNT04_106744,LIT,15.08,170,139,129,18,58,1,125,83,111,142,154
LOLTMNT04_106745,PRM,15.08,139,58,100,82,13,0,10,43,150,122,170
LOLTMNT04_108308,LFL,15.08,46,113,1,58,103,1,5,141,14,163,124
LOLTMNT01_232442,LPLOL,15.08,49,178,82,62,114,0,30,122,1,23,142
LOLTMNT04_108309,AL,15.08,1,178,95,25,4,1,5,58,114,145,169
LOLTMNT01_233249,LPLOL,15.08,163,60,170,14,103,0,58,80,122,25,2
LOLTMNT01_233264,NACL,15.08,57,131,14,95,114,1,5,169,150,58,90
LOLTMNT04_108311,AL,15.08,57,140,90,98,15,0,139,34,155,122,51
LOLTMNT01_233282,NACL,15.08,46,178,111,122,27,0,129,155,113,4,36
LOLTMNT01_233311,NACL,15.08,169,171,118,142,57,0,100,150,5,114,62
LOLTMNT01_233317,NACL,15.08,178,111,139,76,86,0,170,49,136,59,103
LOLTMNT01_233438,LAS,15.08,14,178,139,95,103,1,57,36,171,114,170
LOLTMNT01_232624,LAS,15.08,100,57,36,13,82,0,46,169,150,62,118
LOLTMNT01_232629,LAS,15.08,169,46,1,58,103,0,128,178,129,10,133
LOLTMNT01_233434,LAS,15.08,100,95,122,146,128,1,14,178,36,82,60
LOLTMNT01_233469,LAS,15.08,100,171,36,0,4,0,107,111,43,187,118
LOLTMNT01_233480,LAS,15.08,46,141,171,58,4,1,131,104,56,67,27
LOLTMNT01_232659,LAS,15.08,60,14,58,178,104,0,182,163,181,4,191
LOLTMNT01_232664,LAS,15.08,163,100,129,115,43,0,64,104,113,111,0
LOLTMNT01_232663,LCK,15.08,178,150,5,62,104,1,57,14,36,114,65
LOLTMNT01_233504,LAS,15.08,107,118,5,62,181,0,10,57,129,170,103
LOLTMNT01_233515,LCK,15.08,64,10,129,83,125,1,124,141,32,1,60
LOLTMNT01_233529,LAS,15.08,14,128,131,62,4,0,150,141,60,95,118
LOLTMNT01_232705,LAS,15.08,46,95,141,103,150,1,113,131,129,85,101
LOLTMNT01_233532,LAS,15.08,14,95,139,100,122,0,36,128,181,178,20
LOLTMNT01_233533,LAS,15.08,150,107,128,176,113,1,100,95,111,82,60
LOLTMNT01_233535,LCK,15.08,100,95,111,44,118,0,171,113,56,4,85
LOLTMNT01_233537,LAS,15.08,178,5,1,187,122,0,129,36,170,0,103
LOLTMNT01_232718,LAS,15.08,191,181,36,182,82,1,178,171,139,58,122
LOLTMNT01_233543,LAS,15.08,57,129,141,32,124,1,5,104,150,58,46
LOLTMNT01_232725,LAS,15.08,163,57,141,20,49,0,14,178,139,62,104
LOLTMNT01_233584,LAS,15.08,27,83,125,176,118,0,107,10,30,82,166
LOLTMNT01_233579,LCK,15.08,14,141,57,36,82,0,100,128,1,58,114
12012-12012_game_1,LPL,15.08,100,139,150,36,20,1,178,95,25,4,49
LOLTMNT01_232778,RL,15.08,111,178,86,155,139,1,27,100,122,171,28
LOLTMNT01_232819,LCP,15.08,100,1,163,125,4,0,113,171,58,182,114
LOLTMNT04_106756,LFL2,15.08,178,58,14,154,60,0,163,113,13,103,114
LOLTMNT01_232817,LCK,15.08,163,83,129,182,20,0,125,105,95,4,40
LOLTMNT01_233634,HC,15.08,122,150,36,42,151,1,46,4,95,177,131
12012-12012_game_2,LPL,15.08,141,46,58,103,171,1,128,163,122,131,146
LOLTMNT01_233646,RL,15.08,118,62,5,147,113,0,46,163,103,43,14
LOLTMNT01_232868,LCP,15.08,178,49,95,82,112,0,129,141,62,104,0
LOLTMNT04_106758,LFL2,15.08,163,169,2,88,4,1,181,131,5,140,103
12012-12012_game_3,LPL,15.08,57,113,129,114,188,1,27,82,1,5,107
LOLTMNT01_233686,HC,15.08,57,54,176,114,145,0,5,62,52,104,93
LOLTMNT01_232903,RL,15.08,150,82,125,83,58,0,95,49,20,41,169
LOLTMNT01_232949,LCP,15.08,57,83,95,146,122,1,100,163,182,4,150
LOLTMNT01_232958,LFL2,15.08,27,132,24,127,131,1,95,122,181,128,100
12013-12013_game_1,LPL,15.08,163,131,181,4,172,0,150,100,139,62,118
LOLTMNT01_233743,HC,15.08,191,58,99,90,112,1,10,82,107,171,69
LOLTMNT01_232979,LCP,15.08,46,131,181,58,82,0,13,27,118,178,1
LOLTMNT04_108352,LFL2,15.08,64,46,14,113,103,0,128,57,114,106,82
12013-12013_game_2,LPL,15.08,178,1,182,59,103,1,113,14,136,36,82
LOLTMNT04_108350,LEC,15.08,181,131,95,104,56,1,13,178,36,4,88
LOLTMNT04_108355,LFL,15.08,178,128,150,114,95,1,1,56,82,46,58
12013-12013_game_3,LPL,15.08,128,95,122,54,49,1,57,83,40,22,20
LOLTMNT04_106786,LEC,15.08,122,113,150,58,139,0,90,20,49,22,0
LOLTMNT04_108360,LFL,15.08,178,46,14,27,82,1,1,100,5,163,118
LOLTMNT01_234104,LTA S,15.08,169,46,57,36,104,1,128,178,10,44,122
LOLTMNT04_108362,LEC,15.08,171,114,43,175,62,1,111,54,180,118,176
LOLTMNT04_108363,LFL,15.08,163,131,181,122,44,0,100,1,103,62,139
LOLTMNT01_234166,LTA S,15.08,131,58,1,42,103,0,150,95,141,56,4
LOLTMNT04_106797,LEC,15.08,128,100,1,27,122,0,150,113,62,174,4
LOLTMNT01_233879,LTA S,15.08,46,131,95,155,4,1,57,169,13,176,114
LOLTMNT01_234239,LTA S,15.08,178,146,5,187,122,0,113,1,62,0,103
LOLTMNT04_108377,LEC,15.08,181,36,131,5,118,1,14,178,95,103,175
LOLTMNT04_106812,LEC,15.08,46,141,104,155,146,1,57,169,171,176,124
LOLTMNT01_234319,LTA N,15.08,64,150,113,57,103,0,178,14,27,4,44
LOLTMNT01_234353,LTA N,15.08,100,129,95,15,43,0,171,131,125,118,176
LOLTMNT01_235002,LTA N,15.08,163,141,14,4,125,1,187,107,118,177,0
LOLTMNT01_235009,LTA N,15.08,128,131,27,85,94,0,40,113,24,64,103
LOLTMNT01_235097,LAS,15.08,14,141,46,176,118,1,181,36,5,178,20
LOLTMNT01_235092,LAS,15.08,171,58,128,100,118,1,169,163,14,60,103
LOLTMNT01_235088,LAS,15.08,100,46,139,85,20,0,107,111,40,36,133
LOLTMNT01_235094,LAS,15.08,57,95,150,56,4,1,178,14,139,27,122
LOLTMNT01_234517,LAS,15.08,128,1,175,32,103,1,57,150,90,4,62
LOLTMNT01_235123,LAS,15.08,5,169,150,59,86,0,90,27,114,129,34
LOLTMNT01_234524,LAS,15.08,129,178,57,187,20,0,150,36,139,107,132
LOLTMNT01_234522,LAS,15.08,169,118,1,62,5,0,36,65,146,170,0
LOLTMNT01_234523,LCK,15.08,128,131,181,58,118,1,171,141,163,13,114
LOLTMNT01_234546,LAS,15.08,170,129,10,154,139,0,27,125,122,58,66
LOLTMNT01_234551,LAS,15.08,163,169,139,118,1,1,57,10,14,20,113
LOLTMNT01_234559,LCK,15.08,46,113,146,176,34,1,1,100,5,36,122
LOLTMNT01_235180,LAS,15.08,169,46,1,10,20,0,36,171,60,178,104
LOLTMNT01_234581,LAS,15.08,124,64,107,112,78,0,32,178,104,13,5
LOLTMNT01_234585,LAS,15.08,169,46,150,36,114,1,100,95,5,111,20
LOLTMNT01_234586,LAS,15.08,46,14,36,60,65,0,113,131,13,187,184
12014-12014_game_1,LPL,15.08,100,139,1,95,122,0,128,113,62,146,82
LOLTMNT01_234587,LCK,15.08,150,175,95,182,103,1,170,139,40,4,85
LOLTMNT01_234604,LAS,15.08,57,90,27,146,118,0,163,178,1,4,139
LOLTMNT01_234608,LAS,15.08,181,187,184,83,139,0,85,101,90,155,0
LOLTMNT01_235198,LAS,15.08,171,74,40,58,90,0,128,107,49,10,4
12014-12014_game_2,LPL,15.08,83,5,187,20,80,0,46,27,178,114,14
LOLTMNT01_235231,LCK,15.08,14,114,5,122,36,1,128,100,1,163,103
LOLTMNT01_235250,RL,15.08,128,95,14,100,4,0,163,122,60,150,178
LOLTMNT01_234689,LCP,15.08,57,131,36,146,103,1,5,1,62,112,118
LOLTMNT04_106817,LFL2,15.08,163,178,65,122,2,1,128,131,27,36,4
LOLTMNT01_235270,LCK,15.08,64,131,181,56,44,1,105,125,27,113,20
LOLTMNT01_235280,HC,15.08,90,181,95,128,103,1,100,62,122,14,0
12015-12015_game_1,LPL,15.08,128,150,113,62,103,0,100,163,40,122,146
LOLTMNT01_234709,LCP,15.08,169,40,95,13,115,0,128,163,129,113,122
LOLTMNT01_235284,RL,15.08,113,82,25,187,125,0,114,171,10,154,56
LOLTMNT04_106823,LFL2,15.08,90,57,62,122,14,0,95,181,131,5,118
LOLTMNT01_235297,HC,15.08,57,131,82,51,187,0,155,52,20,140,88
LOLTMNT01_235289,LCK,15.08,95,170,82,171,139,0,4,150,43,58,175
12015-12015_game_2,LPL,15.08,14,178,139,10,20,1,131,181,36,4,182
LOLTMNT01_234763,RL,15.08,111,90,23,6,155,1,131,5,118,58,173
LOLTMNT01_234775,HC,15.08,171,141,27,104,139,1,178,150,59,118,30
LOLTMNT01_234794,LCP,15.08,169,128,14,10,4,1,178,150,60,58,115
LOLTMNT04_108401,LFL2,15.08,128,178,163,4,49,1,27,90,40,58,114
12015-12015_game_3,LPL,15.08,129,105,170,22,34,0,64,124,5,111,107
LOLTMNT01_234827,LCP,15.08,46,52,27,163,103,0,141,36,57,1,82
LOLTMNT04_106841,LFL2,15.08,46,60,4,36,14,0,5,131,62,114,147
LOLTMNT04_106845,LEC,15.08,163,90,4,56,57,1,36,169,150,20,60
12016-12016_game_1,LPL,15.08,169,124,32,112,2,0,64,100,10,139,84
LOLTMNT04_108428,LEC,15.08,14,100,46,58,104,1,49,178,122,62,40
12016-12016_game_2,LPL,15.08,46,131,181,27,103,1,150,56,83,58,4
LOLTMNT01_235480,LTA S,15.08,57,83,139,22,20,0,150,131,142,95,122
LOLTMNT04_106860,LEC,15.08,95,82,191,0,44,0,103,27,113,139,11
12016-12016_game_3,LPL,15.08,104,163,43,141,49,0,178,129,5,85,101
LOLTMNT01_234975,LTA S,15.08,169,1,10,56,124,0,181,90,58,103,25
LOLTMNT04_106881,LEC,15.08,169,1,62,128,122,1,150,113,176,46,4
LOLTMNT01_235540,LTA S,15.08,163,56,1,0,4,1,128,178,95,40,122
LOLTMNT04_108453,LEC,15.08,163,105,82,139,155,1,95,90,118,13,27
LOLTMNT01_235559,LTA S,15.08,64,103,129,107,125,1,104,141,58,49,5
LOLTMNT04_106898,LEC,15.08,5,178,104,22,11,1,171,131,125,187,18
LOLTMNT01_236052,LTA S,15.08,131,57,146,85,101,1,90,27,139,36,65
LOLTMNT01_235596,LTA N,15.08,46,131,27,58,4,1,14,141,172,95,118
LOLTMNT01_236077,LRN,15.08,163,128,103,155,114,1,36,113,40,4,129
LOLTMNT01_235618,LTA N,15.08,163,178,129,0,82,0,36,100,171,125,20
LOLTMNT01_236099,LRN,15.08,178,122,62,60,1,1,27,173,20,125,171
LOLTMNT01_235630,LTA N,15.08,14,178,128,58,122,0,100,150,129,95,103
LOLTMNT01_235640,LRN,15.08,57,2,178,62,103,1,131,181,5,188,20
LOLTMNT01_235647,LTA N,15.08,64,146,131,4,125,1,36,1,82,175,44
LOLTMNT01_236119,LRN,15.08,169,163,122,56,1,0,90,155,36,65,44
LOLTMNT01_236128,LTA N,15.08,181,188,83,113,139,0,5,163,90,18,0
LOLTMNT01_236160,LCKC,15.08,169,62,104,13,0,1,128,150,100,103,32
LOLTMNT01_236164,LCKC,15.08,14,178,36,34,44,1,181,83,139,95,113
LOLTMNT01_235728,LCKC,15.08,100,5,1,187,118,1,178,46,129,62,122
LOLTMNT01_236210,LCKC,15.08,57,131,181,58,114,0,14,182,141,4,155
LOLTMNT01_236217,PCS,15.08,46,131,27,181,4,0,178,64,38,1,103
12017-12017_game_1,LPL,15.08,128,150,169,95,103,1,40,100,2,4,58
LOLTMNT01_236223,LCKC,15.08,178,57,171,176,118,0,128,14,141,163,104
LOLTMNT01_235759,PCS,15.08,57,83,95,118,182,0,139,191,10,150,104
12017-12017_game_2,LPL,15.08,178,139,129,155,122,0,113,62,5,171,114
LOLTMNT01_236247,LCKC,15.08,27,83,125,58,122,1,95,1,82,175,136
LOLTMNT01_236249,PCS,15.08,128,141,13,32,103,0,181,131,57,62,122
12018-12018_game_1,LPL,15.08,128,155,141,58,103,0,181,131,46,95,122
LOLTMNT01_235790,LCKC,15.08,131,36,20,182,190,0,5,62,4,150,23
LOLTMNT01_235795,PCS,15.08,169,56,1,58,104,0,170,150,4,5,95
12018-12018_game_2,LPL,15.08,104,178,36,129,125,1,64,124,113,182,14
12018-12018_game_3,LPL,15.08,150,80,139,85,20,1,62,5,107,4,13
LOLTMNT04_108493,LEC,15.08,100,46,27,1,82,0,150,128,169,122,58
LOLTMNT04_106945,LEC,15.08,14,10,20,178,0,1,113,95,118,171,43
LOLTMNT04_108498,LEC,15.08,128,100,150,58,4,1,113,10,112,14,133
LOLTMNT04_106968,LEC,15.08,95,175,181,118,1,0,131,27,111,122,43
LOLTMNT04_106978,LEC,15.08,178,62,129,104,0,1,163,105,125,155,18
LOLTMNT01_235980,LRS,15.08,128,169,163,111,82,1,5,95,175,49,4
LOLTMNT01_236489,CD,15.08,163,5,175,104,129,0,128,169,58,1,118
LOLTMNT01_236492,LRS,15.08,13,141,106,0,118,1,64,178,104,24,112
LOLTMNT01_236504,CD,15.08,14,178,36,4,125,0,95,150,122,72,182
LOLTMNT01_236518,CD,15.08,163,28,100,8,122,1,46,169,58,27,4
LOLTMNT01_236527,LRS,15.08,57,56,129,58,65,1,128,178,171,95,103
LOLTMNT01_236537,CD,15.08,131,0,150,10,20,0,90,95,49,43,118
LOLTMNT01_237038,LRS,15.08,163,90,14,136,114,0,113,150,5,155,20
LOLTMNT01_237041,CD,15.08,104,175,1,176,125,0,178,103,40,62,60
LOLTMNT01_237114,LCKC,15.08,100,40,36,146,20,0,128,1,178,4,85
LOLTMNT01_236615,LJL,15.08,178,43,36,122,14,0,46,113,62,103,146
LOLTMNT01_236625,LCKC,15.08,83,58,103,150,60,0,163,170,82,139,129
LOLTMNT01_236626,PCS,15.08,46,113,150,62,4,1,14,178,57,27,114
LOLTMNT01_237124,LJL,15.08,5,170,1,104,176,1,90,60,51,20,155
12019-12019_game_1,LPL,15.08,128,141,14,22,65,0,139,178,150,85,101
LOLTMNT01_237131,LCKC,15.08,46,141,171,187,122,0,14,5,90,176,118
LOLTMNT01_237133,PCS,15.08,163,13,175,56,103,0,107,1,58,122,0
LOLTMNT01_237136,LJL,15.08,100,128,13,27,103,1,57,70,40,122,155
LOLTMNT01_237144,PCS,15.08,169,150,57,4,62,1,141,64,1,139,118
12019-12019_game_2,LPL,15.08,83,27,175,58,82,1,57,129,170,122,62
LOLTMNT01_237154,LJL,15.08,178,95,2,23,104,0,150,113,5,85,4
LOLTMNT01_236659,LCKC,15.08,57,100,150,64,124,1,178,14,139,36,65
LOLTMNT01_237174,PCS,15.08,178,60,36,20,171,1,13,163,107,122,27
12019-12019_game_3,LPL,15.08,100,125,171,36,20,1,5,169,1,4,140
LOLTMNT01_237188,LCKC,15.08,169,44,111,59,103,0,125,1,170,176,118
LOLTMNT01_236706,PCS,15.08,131,5,146,140,86,1,10,56,40,19,82
12021-12021_game_1,LPL,15.08,104,62,141,40,5,1,128,178,150,163,103
LOLTMNT01_236720,HLL,15.08,113,150,36,23,103,0,14,90,43,176,122
12021-12021_game_2,LPL,15.08,46,36,65,1,54,1,113,13,57,58,122
LOLTMNT01_236746,HM,15.08,46,36,122,27,125,1,163,178,4,150,105
LOLTMNT01_237231,HLL,15.08,95,175,82,23,171,0,36,178,20,128,11
12021-12021_game_3,LPL,15.08,83,111,95,60,4,1,125,107,67,59,114
LOLTMNT01_236775,HLL,15.08,163,57,178,2,118,0,128,122,107,111,140
LOLTMNT01_236779,HM,15.08,14,191,58,82,0,0,49,90,10,43,15
LOLTMNT01_236773,RL,15.08,181,40,131,62,4,0,113,150,122,105,164
LOLTMNT01_236811,HLL,15.08,163,169,57,4,171,1,95,178,139,82,49
LOLTMNT04_109101,PRM,15.08,169,5,1,95,103,1,163,150,114,168,122
LOLTMNT04_108674,PRM,15.08,169,57,163,2,4,1,46,131,171,27,103
LOLTMNT01_236809,RL,15.08,163,54,104,51,2,1,59,90,20,43,168
LOLTMNT01_237285,HM,15.08,155,169,1,144,60,0,95,113,13,20,139
LOLTMNT04_108676,PRM,15.08,14,52,82,155,56,0,181,131,4,62,71
LOLTMNT01_237301,ROL,15.08,100,83,36,56,82,0,107,111,62,182,20
LOLTMNT04_109105,PRM,15.08,150,58,118,0,170,0,95,82,49,139,113
LOLTMNT01_237313,HM,15.08,171,178,95,118,139,1,111,100,122,155,0
LOLTMNT01_236845,RL,15.08,90,14,4,95,43,0,82,52,27,36,2
LOLTMNT01_237339,HM,15.08,128,90,27,114,58,1,169,5,62,49,103
LOLTMNT01_236862,ROL,15.08,95,169,13,15,134,1,170,147,122,58,125
LOLTMNT01_237334,RL,15.08,57,6,122,7,187,1,60,141,146,15,155
LOLTMNT04_108681,PRM,15.08,181,90,60,155,103,1,5,131,62,57,20
LOLTMNT01_237330,ROL,15.08,163,178,1,122,5,1,36,90,14,103,125
LOLTMNT04_109111,PRM,15.08,100,36,14,43,118,0,150,10,16,139,37
LOLTMNT01_236892,ROL,15.08,27,175,82,112,177,1,155,113,148,49,43
LOLTMNT01_236903,LRS,15.08,163,131,5,171,4,0,128,58,169,118,146
LOLTMNT01_236917,CD,15.08,46,131,27,95,118,1,181,163,83,43,122
LOLTMNT01_236927,LRS,15.08,57,178,14,187,122,0,46,141,13,58,82
LOLTMNT01_236928,CD,15.08,1,178,10,5,103,1,128,14,58,113,4
LOLTMNT01_236934,LRS,15.08,169,62,5,171,15,1,10,100,125,20,146
LOLTMNT01_236940,CD,15.08,64,82,90,111,0,0,125,104,62,171,54
LOLTMNT01_236953,CD,15.08,90,57,14,95,122,0,100,46,150,103,10
LOLTMNT01_236955,CD,15.08,128,141,171,59,86,1,40,178,0,118,58
LOLTMNT01_237491,LCK,15.08,128,131,181,62,103,0,178,129,13,4,176
LOLTMNT01_238019,PCS,15.08,128,56,14,27,118,1,13,178,11,4,36
LOLTMNT01_237499,LCK,15.08,57,34,114,163,150,1,1,64,104,175,182
12022-12022_game_1,LPL,15.08,150,139,95,122,141,1,163,178,112,103,14
LOLTMNT01_238025,LCK,15.08,46,36,141,147,15,0,5,95,83,86,146
12022-12022_game_2,LPL,15.08,104,62,182,107,1,0,125,113,129,58,82
LOLTMNT01_238038,PCS,15.08,150,58,43,90,103,1,95,139,171,54,15
LOLTMNT01_237541,LCK,15.08,57,150,131,62,4,0,46,178,163,129,118
LOLTMNT01_237545,PCS,15.08,113,10,104,23,129,1,114,64,5,122,147
12023-12023_game_1,LPL,15.08,181,141,46,58,4,1,131,5,128,36,20
LOLTMNT01_237563,PCS,15.08,57,105,36,13,103,1,128,178,58,181,122
LOLTMNT01_238088,LCK,15.08,64,104,56,171,141,0,124,10,114,71,146
12023-12023_game_2,LPL,15.08,178,62,112,146,103,1,139,113,150,163,124
LOLTMNT01_238102,PCS,15.08,163,170,14,65,139,0,95,80,78,104,182
LOLTMNT01_237581,HLL,15.08,128,169,1,118,62,0,100,95,146,112,133
12023-12023_game_3,LPL,15.08,95,129,122,43,114,1,125,14,54,27,82
LOLTMNT01_237603,HLL,15.08,27,131,122,105,146,1,155,90,43,118,129
LOLTMNT04_109306,TCL,15.08,100,182,150,176,4,0,131,181,62,125,118
LOLTMNT01_238145,HLL,15.08,163,191,181,44,122,1,36,175,178,171,4
LOLTMNT01_237620,RL,15.08,128,83,27,36,20,1,155,181,131,118,13
LOLTMNT04_109318,TCL,15.08,163,131,14,4,125,1,105,58,103,27,112
LOLTMNT01_238168,HLL,15.08,163,122,56,66,186,1,58,178,5,150,103
LOLTMNT01_238171,LVP SL,15.08,163,131,150,0,4,1,58,14,105,125,37
LOLTMNT01_238169,RL,15.08,5,100,111,86,187,0,43,104,47,64,146
LOLTMNT04_109323,PRM,15.08,181,52,82,62,139,0,57,131,122,36,69
LOLTMNT01_237654,NEXO,15.08,163,90,139,20,171,1,5,36,178,82,146
LOLTMNT04_109330,NLC,15.08,163,114,171,122,178,1,58,169,111,118,40
LOLTMNT04_108898,LFL,15.08,1,46,100,20,36,1,5,178,150,82,62
LOLTMNT04_108909,AL,15.08,46,90,155,82,27,1,181,131,128,95,103
LOLTMNT04_108918,PRM,15.08,128,178,1,118,27,1,169,43,163,146,4
LOLTMNT01_238193,LVP SL,15.08,14,54,95,139,104,0,163,150,80,122,182
LOLTMNT04_109337,TCL,15.08,131,128,181,95,122,1,163,169,139,4,14
LOLTMNT01_237671,NEXO,15.08,163,191,5,122,14,0,155,131,112,129,114
LOLTMNT04_109345,NLC,15.08,113,14,25,155,53,0,100,147,36,4,156
LOLTMNT01_238198,RL,15.08,46,150,125,155,103,0,100,1,83,36,82
LOLTMNT04_108923,LFL,15.08,163,139,14,191,4,1,181,58,83,122,41
LOLTMNT04_109349,AL,15.08,169,150,62,0,37,1,113,1,176,5,18
LOLTMNT04_109352,PRM,15.08,46,54,111,176,105,0,56,113,14,155,86
LOLTMNT01_238210,LVP SL,15.08,163,178,1,114,4,0,36,169,150,43,118
LOLTMNT04_108937,LFL,15.08,131,27,118,0,171,0,141,95,104,125,11
LOLTMNT01_238213,RL,15.08,169,163,49,0,124,1,27,113,122,171,5
LOLTMNT04_108940,NLC,15.08,36,178,171,43,114,0,150,113,62,122,46
LOLTMNT04_109365,TCL,15.08,169,1,5,58,118,0,178,181,128,62,122
LOLTMNT04_108949,PRM,15.08,178,155,150,134,103,0,107,171,176,182,20
LOLTMNT04_109364,AL,15.08,163,103,56,2,54,1,122,178,140,111,112
LOLTMNT01_238224,LVP SL,15.08,169,1,60,59,118,0,150,27,114,43,103
LOLTMNT04_109367,LFL,15.08,178,128,14,140,86,1,46,113,150,36,4
LOLTMNT04_108951,NLC,15.08,64,90,124,145,125,0,95,169,1,104,0
LOLTMNT04_108952,PRM,15.08,64,49,124,175,43,0,114,163,1,100,139
LOLTMNT04_108953,LFL,15.08,95,43,122,11,29,0,163,139,100,171,124
LOLTMNT04_109371,AL,15.08,5,175,1,95,82,0,169,36,150,23,4
LOLTMNT01_237734,CD,15.08,163,178,139,171,118,1,90,58,14,43,4
LOLTMNT04_108954,PRM,15.08,122,22,112,146,170,0,4,62,24,181,30
LOLTMNT04_109376,LFL,15.08,27,60,103,111,30,1,44,141,13,82,62
LOLTMNT01_238268,NACL,15.08,46,131,181,22,20,1,5,27,83,122,36
LOLTMNT01_237752,CD,15.08,128,107,186,132,112,0,150,100,64,5,122
LOLTMNT01_237758,NACL,15.08,129,4,58,178,13,0,128,95,103,113,14
LOLTMNT01_238289,CD,15.08,128,107,27,58,82,1,150,100,139,95,4
LOLTMNT01_237766,NACL,15.08,163,178,57,146,118,1,5,169,10,14,114
LOLTMNT01_238304,CD,15.08,181,131,104,62,60,0,57,10,83,44,112
LOLTMNT01_238306,NACL,15.08,155,83,139,122,58,0,100,13,0,62,103
LOLTMNT01_238362,LCKC,15.08,100,1,5,62,104,1,178,150,46,118,176
LOLTMNT01_238366,LCKC,15.08,14,131,5,95,4,1,178,57,1,36,118
LOLTMNT01_237821,LCKC,15.08,14,100,36,4,112,0,128,178,1,62,103
LOLTMNT01_237833,LCKC,15.08,128,113,146,4,36,0,57,131,95,171,122
LOLTMNT01_238376,LCKC,15.08,163,105,125,171,122,1,170,58,103,129,139
LOLTMNT01_237832,LCKC,15.08,171,175,125,59,86,0,146,131,56,187,184
LOLTMNT01_237843,LCKC,15.08,111,114,107,0,59,1,100,82,176,43,13
LOLTMNT01_238405,LCK,15.08,57,178,150,176,118,1,14,100,139,58,114
LOLTMNT01_237861,LCK,15.08,128,83,181,36,122,0,171,141,129,10,20
12024-12024_game_1,LPL,15.08,128,141,155,58,4,1,181,131,46,95,103
LOLTMNT01_238430,LCK,15.08,178,128,14,58,103,0,64,150,13,4,107
12024-12024_game_2,LPL,15.08,150,113,5,76,86,0,178,1,125,187,184
LOLTMNT01_237894,LCK,15.08,163,175,1,139,20,1,125,83,95,122,129
12025-12025_game_1,LPL,15.08,178,146,46,58,122,0,113,150,13,163,20
LOLTMNT01_237909,LCK,15.08,171,114,57,34,22,1,5,131,111,118,59
12025-12025_game_2,LPL,15.08,169,57,1,95,103,0,100,14,131,36,4
LOLTMNT01_238495,HLL,15.08,163,131,43,103,171,1,58,178,122,56,146
LOLTMNT01_237968,HLL,15.08,100,139,1,27,103,1,57,66,181,82,59
LOLTMNT04_109469,TCL,15.08,163,83,181,122,125,1,100,36,49,103,0
LOLTMNT01_237985,NEXO,15.08,46,169,163,111,122,0,5,131,187,171,4
LOLTMNT01_237988,RL,15.08,163,169,1,118,125,1,95,178,171,122,43
LOLTMNT01_237997,HLL,15.08,163,54,65,23,146,0,90,95,103,1,125
LOLTMNT01_237990,HC,15.08,100,177,163,82,139,1,171,178,58,15,5
LOLTMNT04_110078,TCL,15.08,178,150,128,22,104,1,64,124,13,181,191
LOLTMNT01_239020,NEXO,15.08,131,5,58,111,37,1,163,175,139,129,82
LOLTMNT04_110091,AL,15.08,57,64,124,147,30,1,128,122,58,155,60
LOLTMNT01_239025,HLL,15.08,128,100,181,36,82,1,163,90,150,0,118
LOLTMNT04_109477,LFL,15.08,178,95,5,103,111,1,128,131,181,122,58
LOLTMNT01_238554,RL,15.08,113,23,146,103,58,1,52,5,82,49,27
LOLTMNT01_238567,HC,15.08,90,36,128,104,186,1,141,27,44,14,65
LOLTMNT04_109485,NLC,15.08,57,66,27,181,122,0,83,60,171,95,103
LOLTMNT04_110094,TCL,15.08,178,129,36,4,182,1,169,1,57,95,104
LOLTMNT04_109487,LFL,15.08,163,100,1,144,57,0,141,86,140,2,139
LOLTMNT01_239052,NEXO,15.08,131,5,58,103,147,1,139,27,66,118,181
LOLTMNT04_110096,AL,15.08,181,103,59,150,125,0,95,129,82,100,56
LOLTMNT01_238575,ROL,15.08,90,27,147,139,114,0,163,175,171,118,60
LOLTMNT01_238587,NEXO,15.08,163,5,190,54,4,1,32,169,93,41,103
LOLTMNT01_238600,HC,15.08,46,10,20,5,186,1,57,163,104,178,40
LOLTMNT04_109496,NLC,15.08,169,36,14,139,101,0,114,176,118,11,71
LOLTMNT04_110097,TCL,15.08,128,170,14,95,122,1,40,178,64,2,4
LOLTMNT04_110103,LFL,15.08,178,129,5,27,103,0,1,100,114,36,4
LOLTMNT01_238610,LPLOL,15.08,178,133,181,15,57,1,163,175,171,94,23
LOLTMNT01_238607,ROL,15.08,36,191,181,90,139,1,57,142,105,113,84
LOLTMNT01_239068,ROL,15.08,178,58,150,20,25,0,36,141,49,18,42
LOLTMNT01_239070,NEXO,15.08,100,122,49,36,43,0,150,169,118,176,23
LOLTMNT04_110104,AL,15.08,131,14,58,82,0,0,163,122,5,191,181
LOLTMNT01_239075,HC,15.08,169,118,43,181,62,1,128,100,176,111,124
LOLTMNT04_109509,NLC,15.08,150,85,94,131,43,1,141,111,58,104,88
LOLTMNT04_110105,LFL,15.08,122,83,181,10,41,1,14,131,125,95,104
LOLTMNT01_239087,ROL,15.08,178,150,122,155,60,0,14,27,4,141,38
LOLTMNT01_238630,LPLOL,15.08,163,178,122,129,5,0,58,169,104,146,174
LOLTMNT01_239089,ROL,15.08,185,95,30,84,134,0,131,85,101,129,156
LOLTMNT01_239093,HC,15.08,64,103,170,125,172,0,32,131,150,154,162
LOLTMNT04_109510,AL,15.08,95,19,27,90,182,1,178,85,103,171,173
LOLTMNT04_110106,NLC,15.08,10,44,154,142,90,1,125,54,82,9,93
LOLTMNT04_109511,LFL,15.08,113,176,82,13,56,1,54,118,139,187,171
LOLTMNT01_238641,LPLOL,15.08,57,187,114,186,129,1,128,122,176,83,181
LOLTMNT01_238656,LPLOL,15.08,90,59,20,49,5,1,27,122,83,139,181
LOLTMNT01_238657,NACL,15.08,163,5,178,49,124,1,95,131,125,146,4
LOLTMNT01_239121,NACL,15.08,150,100,136,176,118,0,147,113,105,103,140
LOLTMNT01_239135,NACL,15.08,100,163,14,57,103,1,83,27,5,95,82
LOLTMNT01_239140,NACL,15.08,169,36,1,122,139,0,150,178,62,118,110
LOLTMNT01_238678,NACL,15.08,155,171,46,113,65,1,49,170,4,142,161
LOLTMNT01_239169,LCKC,15.08,178,5,13,95,103,1,128,181,131,4,58
LOLTMNT01_239182,LCKC,15.08,100,36,146,122,125,0,163,1,175,82,60
LOLTMNT01_238751,LCK,15.08,14,178,128,176,118,1,46,100,111,4,155
LOLTMNT01_238758,LCK,15.08,163,129,170,122,56,0,171,58,113,82,43
12026-12026_game_1,LPL,15.08,178,163,1,0,122,1,100,150,139,4,62
LOLTMNT01_239267,LCK,15.08,57,131,150,163,113,1,46,141,129,34,22
12026-12026_game_2,LPL,15.08,182,170,129,176,118,1,27,83,56,103,155
LOLTMNT01_239278,LCK,15.08,178,1,4,187,5,0,105,181,90,176,118
12026-12026_game_3,LPL,15.08,169,95,5,20,11,1,40,46,113,82,58
12027-12027_game_1,LPL,15.08,178,128,150,95,4,0,46,113,62,1,118
12027-12027_game_2,LPL,15.08,141,36,65,171,125,1,64,124,139,114,14
12027-12027_game_3,LPL,15.08,181,90,163,56,122,0,182,131,2,140,20
LOLTMNT02_252510,HM,15.09,90,9,111,122,112,0,57,191,163,82,139
LOLTMNT04_109586,TCL,15.08,181,83,139,58,4,0,150,113,43,27,82
LOLTMNT02_254523,HM,15.09,155,52,44,59,40,0,128,178,103,14,142
LOLTMNT04_110406,TCL,15.08,181,105,82,62,46,0,85,83,4,95,71
LOLTMNT05_130020,PRMP,15.09,46,178,150,27,4,1,169,163,111,44,124
LOLTMNT02_252549,HM,15.09,163,178,1,5,103,0,10,181,46,114,20
LOLTMNT05_131030,PRMP,15.09,163,122,162,147,178,0,36,60,4,74,2
LOLTMNT04_109588,TCL,15.08,46,178,150,64,122,0,57,100,158,58,20
LOLTMNT05_131033,PRMP,15.09,128,170,13,22,104,1,181,131,71,118,58
LOLTMNT05_131034,PRMP,15.09,111,114,62,82,139,1,93,80,103,176,0
LOLTMNT02_254588,HM,15.09,169,147,43,62,82,1,150,113,122,56,27
LOLTMNT04_109593,TCL,15.08,57,131,95,171,4,0,178,1,139,27,15
LOLTMNT05_130024,PRMP,15.09,169,150,5,176,118,1,99,27,125,171,124
LOLTMNT05_131036,PRMP,15.09,163,14,178,46,82,1,54,32,150,37,122
LOLTMNT01_238852,LPLOL,15.08,169,27,86,111,128,0,155,178,103,49,60
LOLTMNT04_109601,AL,15.08,44,83,181,36,122,0,5,131,2,27,82
LOLTMNT05_131041,PRMP,15.09,100,147,60,85,94,1,52,139,126,118,164
LOLTMNT05_131042,PRMP,15.09,128,56,58,111,122,1,65,178,36,15,129
LOLTMNT01_239347,LPLOL,15.08,128,74,155,20,180,1,30,59,18,71,14
LOLTMNT04_109602,AL,15.08,163,178,20,171,0,1,103,95,141,49,23
LOLTMNT01_239352,LPLOL,15.08,155,5,107,171,118,0,90,59,60,104,114
LOLTMNT01_238872,NACL,15.08,163,90,57,20,150,0,131,181,95,4,139
LOLTMNT01_239357,LPLOL,15.08,181,82,54,165,182,0,103,163,114,78,189
LOLTMNT01_239360,NACL,15.08,27,141,103,188,0,0,14,114,5,122,36
LOLTMNT01_238879,NACL,15.08,129,85,94,114,139,0,14,178,23,118,176
LOLTMNT01_238881,NACL,15.08,83,36,147,20,182,1,74,10,2,60,86
LOLTMNT01_238884,NACL,15.08,46,169,150,58,103,1,163,100,84,172,148
LOLTMNT01_239449,LAS,15.08,14,141,57,95,122,0,150,178,139,36,82
LOLTMNT01_238971,LAS,15.08,163,150,170,5,82,0,178,129,57,58,20
LOLTMNT01_238960,LAS,15.08,14,36,141,60,122,0,163,178,150,46,20
LOLTMNT01_239458,LAS,15.08,100,60,95,122,2,0,107,128,111,58,4
LOLTMNT01_238985,LAS,15.08,46,131,27,176,4,1,100,129,128,85,20
LOLTMNT01_238984,LAS,15.08,169,150,118,62,139,0,129,170,43,176,34
LOLTMNT01_239477,LAS,15.08,95,107,111,114,0,1,58,100,57,2,34
LOLTMNT01_239479,LAS,15.08,46,171,64,124,131,0,14,141,95,104,38
LOLTMNT01_239481,LCK,15.08,128,100,150,58,122,1,14,178,112,4,95
LOLTMNT01_239493,LAS,15.08,169,65,10,0,111,0,32,104,170,13,60
LOLTMNT01_239494,LAS,15.08,100,103,62,145,172,1,36,65,1,80,112
LOLTMNT01_240001,LAS,15.08,163,131,46,49,4,0,14,36,60,90,104
LOLTMNT01_239496,LCK,15.08,46,141,27,62,82,1,57,131,129,10,124
12028-12028_game_1,LPL,15.09,169,104,139,1,27,0,128,62,122,13,141
LOLTMNT01_239505,LAS,15.08,14,46,131,4,95,1,178,163,171,139,124
LOLTMNT01_239511,LAS,15.08,95,170,40,5,105,1,129,85,101,175,43
LOLTMNT01_240014,LAS,15.08,178,57,40,4,62,1,100,150,139,58,103
LOLTMNT01_239507,LAS,15.08,169,150,36,82,5,1,14,178,62,103,125
12028-12028_game_2,LPL,15.09,46,131,181,103,140,0,5,36,2,83,4
LOLTMNT01_239535,LCK,15.08,100,46,13,103,58,1,14,178,128,82,62
LOLTMNT01_240036,LAS,15.08,57,36,107,145,82,1,150,5,170,118,176
LOLTMNT01_239537,LAS,15.08,64,104,170,8,60,1,32,124,129,186,114
LOLTMNT01_240039,LAS,15.08,141,27,104,43,171,0,170,14,128,36,82
LOLTMNT01_239541,LAS,15.08,128,83,181,122,62,1,141,10,13,60,20
LOLTMNT02_252785,HC,15.09,128,10,122,171,113,1,40,163,147,20,91
LOLTMNT01_240045,LCK,15.08,57,141,1,85,94,0,36,150,139,122,170
LOLTMNT01_240050,LAS,15.08,163,171,141,0,122,1,85,101,83,139,38
12029-12029_game_1,LPL,15.09,128,141,95,186,118,1,150,113,46,4,85
LOLTMNT02_252805,LCP,15.09,169,62,1,118,185,0,178,139,129,95,4
LOLTMNT04_110440,LFL2,15.08,128,178,58,122,171,0,5,95,90,103,1
LOLTMNT02_254808,HC,15.09,155,62,141,43,118,1,178,36,111,60,4
12029-12029_game_2,LPL,15.09,169,5,129,59,103,1,178,57,40,176,122
LOLTMNT02_254812,LCP,15.09,100,150,36,20,112,1,14,113,57,122,49
LOLTMNT04_110450,LFL2,15.08,163,141,14,82,60,0,95,178,13,122,43
LOLTMNT02_252831,HC,15.09,163,122,112,180,29,1,58,128,178,37,129
12029-12029_game_3,LPL,15.09,131,125,62,171,114,1,182,175,155,1,124
LOLTMNT02_252838,LCP,15.09,128,58,175,34,146,0,141,5,13,187,86
LOLTMNT04_110455,LFL2,15.08,52,122,155,76,113,0,128,163,27,4,90
LOLTMNT02_254835,HC,15.09,155,54,118,176,60,0,95,100,114,2,56
LOLTMNT02_252876,LCP,15.09,169,95,104,150,0,0,178,171,44,122,58
LOLTMNT02_252875,HC,15.09,90,36,14,43,113,0,10,169,78,125,20
LOLTMNT04_109738,LFL2,15.08,95,178,2,104,131,0,181,83,58,43,4
12030-12030_game_1,LPL,15.09,100,150,58,46,122,1,128,163,178,4,129
LOLTMNT02_252914,LCP,15.09,163,131,124,49,56,0,141,85,101,129,43
LOLTMNT04_110466,LIT,15.08,100,58,83,90,112,0,163,150,122,178,38
12030-12030_game_2,LPL,15.09,57,36,82,14,114,1,131,95,20,105,171
LOLTMNT04_109760,LIT,15.08,57,131,27,128,82,1,64,113,103,14,139
LOLTMNT05_130051,LEC,15.09,150,113,46,62,122,1,128,178,155,58,118
12030-12030_game_3,LPL,15.09,83,182,62,111,18,0,5,141,49,85,101
LOLTMNT02_254941,LTA S,15.09,14,10,20,139,113,0,95,178,150,122,23
LOLTMNT04_109763,LIT,15.08,1,105,125,176,20,1,93,114,60,10,65
LOLTMNT02_252966,LTA S,15.09,169,146,125,187,86,0,131,1,0,85,101
LOLTMNT05_130052,LEC,15.09,169,64,11,104,44,1,111,163,107,136,4
LOLTMNT04_109768,LIT,15.08,169,36,118,56,147,1,4,74,136,187,172
LOLTMNT02_252997,LTA S,15.09,57,178,1,58,4,1,95,83,139,27,122
LOLTMNT05_130053,LEC,15.09,181,83,95,114,43,1,14,131,58,122,0
LOLTMNT02_254996,LTA S,15.09,10,141,129,103,125,1,85,131,101,190,0
LOLTMNT05_130060,LEC,15.09,57,169,2,4,187,1,178,171,62,118,182
LOLTMNT02_255058,LTA N,15.09,14,178,27,105,20,1,57,131,146,62,118
LOLTMNT02_255072,LTA N,15.09,181,128,95,90,103,1,36,171,4,141,182
LOLTMNT02_255088,LTA N,15.09,125,111,107,59,53,1,43,150,176,136,122
LOLTMNT02_256105,LTA N,15.09,163,139,83,188,122,1,36,131,0,150,4
LOLTMNT02_256109,LTA N,15.09,169,13,27,1,82,0,128,178,104,62,114
LOLTMNT01_239670,LCKC,15.08,14,43,36,82,141,1,150,125,62,170,122
LOLTMNT01_239674,LCKC,15.08,5,171,131,176,118,0,163,178,1,139,114
LOLTMNT01_240264,LAS,15.08,14,46,141,176,118,1,178,146,57,85,4
LOLTMNT01_240268,LAS,15.08,14,139,95,170,122,0,128,178,1,58,82
LOLTMNT01_240262,LAS,15.08,100,150,36,103,60,1,178,95,111,118,5
LOLTMNT01_239736,LAS,15.08,178,150,46,64,82,1,14,104,60,36,175
LOLTMNT01_239756,LAS,15.08,57,36,141,171,103,0,10,90,133,13,182
LOLTMNT01_240293,LAS,15.08,163,171,43,4,100,1,169,1,0,62,103
LOLTMNT01_239758,LAS,15.08,171,95,113,0,122,0,163,181,131,5,124
LOLTMNT01_239757,LAS,15.08,163,14,170,4,139,0,85,101,13,72,146
LOLTMNT01_240296,LCK,15.08,14,58,40,122,170,0,128,178,1,85,20
LOLTMNT01_240299,LAS,15.08,95,141,5,111,118,1,128,27,58,131,114
LOLTMNT01_239764,LAS,15.08,178,14,46,58,122,1,131,95,56,171,20
LOLTMNT01_240300,LCK,15.08,64,34,131,49,0,0,124,169,10,171,125
LOLTMNT01_240303,LAS,15.08,36,46,141,4,150,0,128,178,1,62,122
LOLTMNT01_240304,LAS,15.08,163,171,60,4,191,1,57,169,40,62,104
LOLTMNT01_239768,LAS,15.08,163,128,170,40,20,0,57,178,58,4,49
LOLTMNT01_240305,LAS,15.08,27,139,104,170,1,0,36,57,103,105,129
LOLTMNT01_239787,LCK,15.08,14,113,57,62,104,0,150,178,139,20,10
LOLTMNT01_240328,LAS,15.08,95,14,100,139,118,1,58,90,107,13,82
LOLTMNT01_240331,LAS,15.08,124,64,150,56,113,0,14,178,43,9,86
LOLTMNT01_239789,LAS,15.08,46,64,113,104,150,1,100,36,43,118,145
LOLTMNT02_256165,HC,15.09,46,27,122,44,178,1,136,155,6,114,145
LOLTMNT01_239790,LAS,15.08,113,181,182,105,27,1,129,80,136,187,86
LOLTMNT01_240332,LCK,15.08,128,175,1,176,122,1,13,107,182,118,187
12031-12031_game_1,LPL,15.09,178,1,139,187,184,0,150,113,46,85,101
LOLTMNT01_239793,LAS,15.08,14,131,10,124,139,0,171,141,5,187,184
LOLTMNT02_255211,LCP,15.09,100,46,103,111,58,0,178,163,1,136,104
LOLTMNT04_109922,LFL2,15.08,128,178,58,103,1,0,57,90,122,62,40
LOLTMNT02_256183,HC,15.09,13,103,36,5,66,0,163,131,20,23,150
LOLTMNT01_240336,LCK,15.08,100,171,95,114,0,1,83,125,49,4,36
12031-12031_game_2,LPL,15.09,141,176,118,5,40,1,182,129,169,36,114
LOLTMNT02_256197,LCP,15.09,169,36,82,128,13,1,150,113,62,118,112
LOLTMNT02_256204,HC,15.09,82,98,181,93,186,0,128,90,4,180,187
12031-12031_game_3,LPL,15.09,100,57,58,2,122,0,163,83,155,60,4
LOLTMNT04_109923,LFL2,15.08,95,52,139,4,150,1,57,90,62,118,147
LOLTMNT02_256222,LCP,15.09,95,175,122,56,171,0,141,10,5,65,49
LOLTMNT02_255261,HC,15.09,163,90,57,185,124,0,150,36,122,23,52
LOLTMNT04_109942,LFL2,15.08,128,58,155,141,82,1,131,163,57,171,4
12032-12032_game_1,LPL,15.09,100,163,14,112,82,1,128,169,58,13,122
LOLTMNT02_256268,LCP,15.09,128,178,171,85,101,0,1,107,10,124,40
LOLTMNT02_255291,HC,15.09,14,10,173,47,82,1,1,27,103,44,170
LOLTMNT04_110647,LFL2,15.08,122,136,70,150,59,1,60,82,114,64,13
12032-12032_game_2,LPL,15.09,57,131,95,171,103,0,113,182,27,4,111
LOLTMNT02_256301,LCP,15.09,169,62,129,118,139,0,105,27,36,82,0
LOLTMNT05_130075,LEC,15.09,163,128,141,4,2,1,107,111,43,58,118
LOLTMNT02_255362,LTA S,15.09,169,128,171,85,20,0,181,95,139,83,15
LOLTMNT05_130076,LEC,15.09,150,169,56,103,85,1,131,14,136,187,122
LOLTMNT02_255378,LTA S,15.09,14,141,104,22,56,1,58,131,146,118,125
LOLTMNT05_131093,LEC,15.09,150,169,36,139,82,1,113,57,4,176,172
LOLTMNT02_255397,LTA S,15.09,57,52,62,155,103,0,178,129,60,122,176
LOLTMNT05_130088,LEC,15.09,163,178,56,124,111,1,58,100,0,103,1
LOLTMNT02_255419,LTA S,15.09,169,5,129,64,122,0,139,65,36,100,150
LOLTMNT02_255431,LTA S,15.09,128,22,87,56,181,0,46,10,178,82,2
LOLTMNT02_255452,LTA S,15.09,95,14,4,43,80,1,113,62,103,177,23
LOLTMNT02_256435,LTA N,15.09,163,46,150,170,103,1,36,125,1,100,122
LOLTMNT02_255465,LRN,15.09,128,58,141,27,103,0,57,163,104,113,1
LOLTMNT02_256446,LTA N,15.09,57,83,64,4,5,0,181,131,23,188,82
LOLTMNT02_256444,LRN,15.09,181,90,125,62,122,0,131,46,155,49,4
LOLTMNT02_256461,LTA N,15.09,128,178,150,10,20,1,14,131,5,27,118
LOLTMNT02_255493,LRN,15.09,169,85,129,60,101,1,100,36,82,40,23
LOLTMNT02_256467,LTA N,15.09,181,83,43,95,114,1,125,90,146,64,124
LOLTMNT02_256466,LRN,15.09,169,155,14,44,118,0,100,163,1,43,104
LOLTMNT02_256475,LRN,15.09,57,130,113,13,18,0,85,178,94,111,88
LOLTMNT02_256476,LTA N,15.09,100,171,103,58,175,0,141,4,49,23,140
LOLTMNT02_255511,LRN,15.09,27,40,54,180,82,0,32,128,186,103,150
LOLTMNT02_255523,LRN,15.09,178,62,103,111,43,0,36,150,114,82,56
LOLTMNT02_256484,LRN,15.09,131,181,64,124,13,1,128,90,155,122,27
LOLTMNT02_255554,LCKC,15.09,100,5,1,62,104,0,128,163,175,181,34
LOLTMNT02_256534,LCKC,15.09,14,141,43,85,20,1,46,131,27,10,124
LOLTMNT02_256551,LCKC,15.09,150,113,0,176,118,1,178,139,171,4,36
LOLTMNT02_255590,LCKC,15.09,100,5,150,95,82,1,128,163,178,171,124
LOLTMNT02_256584,PCS,15.09,14,57,131,36,65,1,178,171,139,10,133
LOLTMNT02_255603,LCKC,15.09,14,141,125,22,20,0,131,146,56,10,118
12033-12033_game_1,LPL,15.09,100,139,1,62,122,0,128,150,113,163,103
LOLTMNT02_255606,PCS,15.09,169,13,58,4,56,0,163,8,170,103,0
12033-12033_game_2,LPL,15.09,14,178,95,5,118,0,36,171,82,156,112
LOLTMNT02_255624,LCKC,15.09,150,113,0,176,118,1,14,178,60,4,36
LOLTMNT02_256621,LCKC,15.09,128,170,129,95,122,0,175,46,1,103,85
12034-12034_game_1,LPL,15.09,104,113,5,62,146,1,128,178,14,10,133
12034-12034_game_2,LPL,15.09,163,25,170,1,114,0,182,83,58,122,181
LOLTMNT05_131176,LEC,15.09,181,169,62,103,44,1,14,95,114,131,5
LOLTMNT05_131180,LEC,15.09,90,122,43,187,93,0,30,36,46,171,4
LOLTMNT05_131182,LEC,15.09,150,178,128,176,118,1,113,129,36,0,8
LOLTMNT02_256800,LRS,15.09,163,178,1,182,118,0,128,58,104,13,107
LOLTMNT05_130177,LEC,15.09,100,146,27,46,44,0,114,171,122,187,71
LOLTMNT02_255849,LRS,15.09,57,36,20,83,181,1,5,10,141,124,2
LOLTMNT02_256870,LRS,15.09,46,141,13,58,122,0,56,150,100,20,27
LOLTMNT02_256906,LRS,15.09,14,113,118,176,5,1,111,178,104,57,62
LOLTMNT02_255931,CD,15.09,182,178,1,187,86,1,25,113,150,85,101
LOLTMNT02_256927,CD,15.09,46,141,14,64,103,0,95,129,181,52,122
LOLTMNT02_256925,LRS,15.09,128,83,163,49,103,0,82,175,40,10,2
LOLTMNT02_255951,CD,15.09,128,58,104,113,150,0,163,178,40,118,186
LOLTMNT02_256941,LRS,15.09,57,80,129,85,101,1,128,178,1,58,103
LOLTMNT02_255959,CD,15.09,90,43,95,4,7,0,125,52,129,59,86
LOLTMNT02_255963,LRS,15.09,169,62,104,150,105,1,131,125,146,176,118
LOLTMNT02_256952,CD,15.09,107,62,122,1,5,0,27,141,20,0,146
LOLTMNT02_255973,LRS,15.09,14,141,95,82,0,1,2,36,107,122,56
LOLTMNT01_240427,LJL,15.08,100,111,128,95,122,0,14,178,40,103,62
LOLTMNT02_257055,LCKC,15.09,46,100,13,10,20,0,178,14,5,64,124
LOLTMNT01_239907,LJL,15.08,163,191,5,82,150,1,57,58,104,90,67
LOLTMNT02_258059,LCKC,15.09,125,141,171,176,118,1,60,83,27,58,4
LOLTMNT01_240428,LJL,15.08,139,176,118,83,181,0,0,170,171,4,9
LOLTMNT02_257070,PCS,15.09,170,58,8,5,103,0,14,163,139,56,148
12035-12035_game_1,LPL,15.09,139,113,129,36,82,0,163,150,178,136,20
LOLTMNT02_257076,PCS,15.09,100,57,146,36,122,0,128,171,113,95,34
LOLTMNT02_257074,LCKC,15.09,128,107,129,59,122,1,150,113,40,95,82
LOLTMNT01_239909,LJL,15.08,169,13,10,86,43,1,36,114,172,20,125
12035-12035_game_2,LPL,15.09,14,112,58,156,103,1,100,125,146,122,95
LOLTMNT02_257090,PCS,15.09,178,104,171,62,51,1,150,95,113,57,122
LOLTMNT02_258085,LCKC,15.09,128,131,181,62,118,1,57,178,8,36,82
12035-12035_game_3,LPL,15.09,128,176,118,8,74,1,169,62,4,60,111
LOLTMNT02_258142,PCS,15.09,14,170,58,5,82,0,83,10,181,118,173
LOLTMNT02_258179,LCKC,15.09,125,191,27,85,103,1,1,113,60,122,187
12036-12036_game_1,LPL,15.09,128,113,129,62,118,0,163,100,40,4,5
LOLTMNT02_258217,LCKC,15.09,163,171,80,139,34,0,170,111,10,0,15
LOLTMNT02_257206,HLL,15.09,163,178,71,8,20,1,128,95,131,103,155
12036-12036_game_2,LPL,15.09,83,95,103,139,13,1,141,14,58,122,136
LOLTMNT02_258261,HLL,15.09,163,131,125,150,124,1,100,10,38,4,40
LOLTMNT02_258262,HM,15.09,128,107,62,2,122,0,57,36,14,100,20
12036-12036_game_3,LPL,15.09,46,85,101,150,114,1,36,104,43,131,78
LOLTMNT02_257273,RL,15.09,113,146,125,58,122,0,169,1,60,95,103
LOLTMNT01_239915,NEXO,15.08,100,27,171,60,103,1,150,178,59,4,56
LOLTMNT02_258294,HLL,15.09,122,59,66,180,43,1,131,27,20,171,23
LOLTMNT02_257282,HM,15.09,178,139,111,95,44,1,113,150,0,4,155
LOLTMNT01_239916,NEXO,15.08,155,114,150,125,86,1,62,113,171,4,162
LOLTMNT02_258318,LVP SL,15.09,169,150,95,125,103,1,36,1,107,82,44
LOLTMNT05_130245,PRM,15.09,169,1,46,155,4,1,44,74,146,27,60
LOLTMNT05_131260,PRM,15.09,163,57,90,82,2,1,111,178,139,36,122
LOLTMNT02_257297,RL,15.09,163,131,181,5,82,1,36,178,129,118,43
LOLTMNT02_257300,HM,15.09,95,46,122,178,171,0,128,181,163,82,113
LOLTMNT02_258322,HLL,15.09,46,122,62,52,27,0,36,169,4,71,181
LOLTMNT05_131268,PRM,15.09,131,5,62,104,1,0,128,141,95,4,129
LOLTMNT02_258341,LVP SL,15.09,131,46,181,64,118,0,163,128,113,2,4
LOLTMNT01_239917,NEXO,15.08,27,171,113,118,38,1,22,150,20,131,57
LOLTMNT02_257319,RL,15.09,175,2,155,104,56,1,100,4,62,147,112
LOLTMNT02_257317,ROL,15.09,163,141,14,60,105,1,95,178,122,171,0
LOLTMNT05_130251,PRM,15.09,122,95,171,54,139,1,163,113,20,49,43
LOLTMNT02_257332,HM,15.09,57,150,10,90,133,1,14,27,139,103,107
LOLTMNT02_257348,LVP SL,15.09,169,62,1,4,136,0,36,150,114,82,0
LOLTMNT01_240439,NEXO,15.08,155,107,122,87,5,1,169,95,20,111,125
LOLTMNT02_258365,ROL,15.09,36,191,4,27,125,0,62,111,118,170,112
LOLTMNT02_257365,HM,15.09,100,62,2,104,0,0,169,111,176,20,28
LOLTMNT05_130260,PRM,15.09,52,40,57,140,14,0,100,82,112,10,2
LOLTMNT02_257366,RL,15.09,57,58,173,2,34,0,10,136,113,177,51
LOLTMNT02_258362,ROL,15.09,163,83,147,4,112,0,90,27,171,122,28
LOLTMNT02_257375,LVP SL,15.09,163,171,122,131,5,1,27,191,103,57,58
LOLTMNT01_239918,NEXO,15.08,27,178,4,111,38,0,122,113,150,176,164
LOLTMNT02_258395,ROL,15.09,100,1,10,86,139,1,104,175,150,140,182
LOLTMNT05_131275,PRM,15.09,14,141,95,43,104,0,131,181,46,122,133
LOLTMNT02_258407,RL,15.09,128,178,18,36,67,0,27,86,6,8,155
LOLTMNT02_257391,ROL,15.09,100,36,93,152,173,0,175,133,103,40,110
LOLTMNT05_130261,PRM,15.09,163,5,170,150,103,1,27,57,114,4,49
LOLTMNT02_258423,CD,15.09,163,191,181,122,60,1,178,95,46,146,104
LOLTMNT02_258422,ROL,15.09,131,62,56,15,150,0,95,141,42,20,49
LOLTMNT02_257433,CD,15.09,169,128,58,27,4,1,10,175,14,139,124
LOLTMNT05_131282,PRM,15.09,54,188,82,129,136,0,155,74,118,139,1
LOLTMNT02_258435,NACL,15.09,100,62,122,5,111,1,178,118,176,128,181
LOLTMNT02_258454,NACL,15.09,169,150,155,4,98,0,36,90,139,27,104
LOLTMNT02_257464,CD,15.09,1,107,62,82,0,1,90,57,13,64,103
LOLTMNT02_258469,NACL,15.09,95,131,82,42,14,1,187,49,110,20,141
LOLTMNT02_258473,CD,15.09,169,5,150,62,4,0,128,131,27,95,122
LOLTMNT02_257491,NACL,15.09,169,57,129,64,124,0,163,104,139,171,175
LOLTMNT02_257495,CD,15.09,10,125,113,155,90,0,58,100,1,56,103
LOLTMNT02_258496,NACL,15.09,46,111,113,58,15,0,5,150,131,22,136
LOLTMNT02_258500,NACL,15.09,105,187,86,8,114,1,85,141,94,13,56
LOLTMNT02_257604,LCK,15.09,100,128,8,36,82,1,46,1,175,163,20
LOLTMNT02_258642,LCK,15.09,169,171,139,95,103,1,150,178,176,4,5
LOLTMNT02_258653,PCS,15.09,104,128,163,27,30,0,57,113,36,4,13
12037-12037_game_1,LPL,15.09,104,163,139,8,175,1,62,178,122,150,112
LOLTMNT02_258663,LCK,15.09,129,57,141,59,148,1,107,111,182,62,104
LOLTMNT02_257654,PCS,15.09,83,95,103,129,5,1,141,85,94,1,23
12037-12037_game_2,LPL,15.09,129,100,95,136,103,0,113,171,5,187,4
LOLTMNT02_258699,PCS,15.09,125,191,155,59,122,1,10,105,0,49,20
LOLTMNT02_258702,LCK,15.09,14,5,113,95,118,0,128,181,105,4,163
LOLTMNT02_257728,PCS,15.09,171,100,58,5,4,0,163,113,46,8,124
12038-12038_game_1,LPL,15.09,128,131,181,176,118,1,139,83,155,62,4
LOLTMNT02_258765,LCK,15.09,83,57,27,62,122,0,46,129,175,82,58
LOLTMNT02_257756,PCS,15.09,128,150,85,170,103,1,57,95,90,186,82
12038-12038_game_2,LPL,15.09,113,136,14,85,101,0,182,150,178,36,65
LOLTMNT02_258815,PCS,15.09,181,131,0,36,65,1,13,10,56,125,144
LOLTMNT02_258817,HLL,15.09,103,22,169,146,5,1,32,90,122,147,174
LOLTMNT02_258860,HLL,15.09,163,23,178,114,111,0,169,95,136,118,147
LOLTMNT05_131347,TCL,15.09,150,113,57,58,122,1,178,40,128,10,4
LOLTMNT02_258885,RL,15.09,163,82,171,125,54,1,95,122,11,178,60
LOLTMNT02_257854,HLL,15.09,100,182,138,95,122,1,36,5,129,46,86
LOLTMNT05_130362,TCL,15.09,100,36,182,150,104,0,111,163,178,136,122
LOLTMNT02_257878,RL,15.09,27,169,103,8,2,1,83,36,20,43,40
LOLTMNT05_131369,PRM,15.09,150,100,36,82,43,1,1,178,62,103,139
LOLTMNT04_111170,AL,15.08,57,100,36,171,82,1,128,178,13,58,122
LOLTMNT05_131366,LFL,15.09,128,141,27,59,94,1,178,86,140,60,111
LOLTMNT04_112047,NLC,15.08,57,178,95,1,82,1,90,36,114,171,20
LOLTMNT02_257890,HLL,15.09,163,191,20,32,60,0,95,122,30,155,129
LOLTMNT05_130377,TCL,15.09,100,5,1,163,122,1,113,95,46,111,4
LOLTMNT05_131376,PRM,15.09,90,95,122,181,44,0,155,52,20,85,0
LOLTMNT05_131374,EBL,15.09,128,169,14,36,118,1,139,163,147,90,122
LOLTMNT04_111171,AL,15.08,64,104,52,146,125,0,32,131,115,2,0
LOLTMNT04_112049,NLC,15.08,155,107,103,25,177,0,27,100,4,139,146
LOLTMNT05_130381,LFL,15.09,36,113,14,134,82,1,62,171,139,170,103
LOLTMNT02_257943,RL,15.09,95,4,131,52,147,0,27,122,146,6,0
LOLTMNT05_130387,EBL,15.09,5,155,52,93,20,0,125,95,181,105,104
LOLTMNT04_111174,NLC,15.08,169,5,150,40,62,1,37,170,188,59,88
LOLTMNT05_131382,PRM,15.09,163,90,181,13,104,0,107,58,93,114,15
LOLTMNT05_130385,TCL,15.09,95,178,150,174,122,1,36,100,46,1,4
LOLTMNT05_131383,LFL,15.09,169,163,104,0,1,0,131,56,122,22,146
LOLTMNT02_259004,RL,15.09,36,20,171,41,107,1,100,103,1,136,187
LOLTMNT04_112056,AL,15.08,46,140,103,178,93,1,122,58,5,107,111
LOLTMNT05_130392,EBL,15.09,5,36,83,155,122,0,125,54,62,111,114
LOLTMNT05_131392,PRM,15.09,171,36,169,139,82,0,49,10,72,24,152
LOLTMNT05_131395,EBL,15.09,163,103,150,46,113,1,140,80,82,1,71
LOLTMNT05_130394,LFL,15.09,1,100,95,43,104,1,178,150,58,139,65
LOLTMNT04_112057,AL,15.08,0,62,82,171,141,1,95,56,20,113,49
LOLTMNT05_131397,EBL,15.09,27,169,40,104,0,1,60,107,14,132,93
LOLTMNT05_130397,LFL,15.09,14,141,125,118,27,0,113,13,0,176,4
LOLTMNT04_111179,AL,15.08,90,155,118,125,14,1,59,131,147,114,44
LOLTMNT02_260050,NACL,15.09,181,83,5,85,101,0,100,14,136,58,118
LOLTMNT05_131400,LFL,15.09,5,175,36,124,129,0,163,46,107,103,49
LOLTMNT02_259089,NACL,15.09,57,90,125,36,103,0,182,113,171,59,20
LOLTMNT02_259099,NACL,15.09,178,111,62,114,44,1,131,27,146,122,0
LOLTMNT02_260087,NACL,15.09,57,131,129,176,118,0,139,178,155,111,4
LOLTMNT02_260097,NACL,15.09,14,85,94,90,43,1,150,82,59,175,5
LOLTMNT02_259124,NACL,15.09,163,83,147,105,104,0,58,49,23,107,65
LOLTMNT02_260157,LCKC,15.09,150,46,175,114,95,1,100,128,1,122,85
LOLTMNT02_259146,LCKC,15.09,100,5,8,95,82,0,163,128,178,171,122
LOLTMNT02_260160,LCKC,15.09,57,171,114,95,122,0,128,100,1,36,4
LOLTMNT02_260166,LCKC,15.09,14,60,83,140,118,0,57,131,111,36,103
LOLTMNT02_259180,LCKC,15.09,14,141,57,4,176,1,181,131,139,118,187
LOLTMNT02_259181,LCKC,15.09,46,150,141,59,103,0,113,5,176,190,82
LOLTMNT02_260202,LCKC,15.09,125,171,105,36,65,1,10,20,170,49,44
LOLTMNT02_260233,LCK,15.09,171,113,57,176,44,1,100,128,8,4,58
LOLTMNT02_259265,LCK,15.09,150,36,82,170,139,0,1,95,107,103,23
12039-12039_game_1,LPL,15.09,150,178,46,95,4,1,128,113,1,103,62
LOLTMNT02_259299,VCS,15.09,27,46,113,146,114,1,128,178,1,85,20
LOLTMNT02_259289,VCS,15.09,163,103,100,5,1,0,104,57,113,58,146
LOLTMNT02_260299,LCK,15.09,14,114,128,187,4,0,178,57,1,36,103
12039-12039_game_2,LPL,15.09,169,176,118,5,111,0,139,27,122,83,58
LOLTMNT02_259329,VCS,15.09,178,125,14,85,20,1,107,128,111,62,4
LOLTMNT02_259331,LCK,15.09,163,34,171,131,182,0,124,64,40,113,23
LOLTMNT02_259356,VCS,15.09,163,175,150,4,125,1,169,36,13,122,139
12040-12040_game_1,LPL,15.09,128,178,150,95,122,1,163,113,139,146,4
LOLTMNT02_260408,VCS,15.09,83,181,125,58,82,0,141,171,112,85,20
12040-12040_game_2,LPL,15.09,85,90,94,49,5,1,36,141,65,14,125
LOLTMNT02_259431,VCS,15.09,178,1,139,85,101,0,5,80,129,176,118
LOLTMNT02_259472,VCS,15.09,10,191,27,4,60,1,45,129,36,122,182
LOLTMNT02_259478,VCS,15.09,169,57,104,62,146,1,128,27,83,4,95
12040-12040_game_3,LPL,15.09,46,131,181,176,118,1,2,170,40,62,82
LOLTMNT02_259518,HM,15.09,163,178,57,171,82,0,58,169,139,122,150
LOLTMNT02_259533,VCS,15.09,46,131,155,187,103,1,0,58,111,114,105
LOLTMNT05_130454,TCL,15.09,150,131,36,0,122,0,113,163,1,5,4
LOLTMNT02_259553,HM,15.09,14,141,125,176,118,0,2,100,59,136,86
LOLTMNT02_259551,RL,15.09,171,4,46,62,0,0,188,122,54,36,125
LOLTMNT05_130468,TCL,15.09,150,169,27,43,118,0,181,95,122,66,51
LOLTMNT02_259587,HM,15.09,5,170,95,20,1,0,83,0,103,85,181
LOLTMNT02_259578,LVP SL,15.09,128,150,100,122,155,0,139,113,36,103,1
LOLTMNT05_131490,LFL,15.09,178,46,14,36,4,1,169,5,2,104,95
LOLTMNT02_259604,RL,15.09,163,169,82,8,43,1,95,83,114,1,110
LOLTMNT05_131487,NLC,15.09,139,58,44,40,56,0,169,173,62,118,145
LOLTMNT04_111227,AL,15.08,46,103,59,180,139,1,122,27,1,80,56
LOLTMNT02_259625,HM,15.09,163,169,1,56,124,1,27,178,122,40,44
LOLTMNT05_131504,NLC,15.09,36,131,181,122,46,0,14,178,125,187,4
LOLTMNT02_260574,LVP SL,15.09,43,83,181,27,82,0,10,44,129,54,118
LOLTMNT05_131501,EBL,15.09,163,175,150,5,4,0,58,178,147,136,15
LOLTMNT05_130515,LFL,15.09,1,175,43,82,58,1,100,27,8,0,103
LOLTMNT05_131503,TCL,15.09,57,186,163,8,122,0,129,100,139,95,4
LOLTMNT02_259640,ROL,15.09,100,34,1,36,161,0,122,107,111,95,136
LOLTMNT04_111228,AL,15.08,163,128,54,114,14,1,90,58,82,125,186
LOLTMNT02_259665,LVP SL,15.09,178,85,101,49,57,1,136,111,4,62,175
LOLTMNT02_260619,HM,15.09,181,36,82,109,5,0,111,90,59,4,125
LOLTMNT02_259659,RL,15.09,128,131,181,163,122,1,57,160,107,150,114
LOLTMNT05_131510,NLC,15.09,114,27,111,124,100,1,163,150,103,54,71
LOLTMNT02_260625,ROL,15.09,57,105,125,142,20,0,131,5,27,82,188
LOLTMNT05_130521,EBL,15.09,113,155,122,38,93,0,36,90,114,49,56
LOLTMNT05_130519,TCL,15.09,125,169,111,27,118,1,100,0,176,146,103
LOLTMNT02_259689,ROL,15.09,163,131,122,57,129,0,36,169,20,147,112
LOLTMNT04_111230,AL,15.08,95,107,111,5,104,1,155,100,2,118,23
LOLTMNT02_259715,RL,15.09,155,173,190,18,24,0,1,175,95,56,82
LOLTMNT02_259719,HM,15.09,62,171,23,118,141,0,10,14,103,0,113
LOLTMNT02_260665,LVP SL,15.09,150,43,131,36,118,1,163,113,146,56,103
LOLTMNT05_130525,EBL,15.09,95,112,170,146,101,0,10,80,82,60,13
LOLTMNT02_259729,ROL,15.09,95,82,182,1,114,1,103,150,27,13,176
LOLTMNT05_130530,EBL,15.09,163,90,104,5,129,1,1,169,95,82,98
LOLTMNT02_260687,LVP SL,15.09,178,95,171,4,114,0,27,1,175,122,0
LOLTMNT05_131523,EBL,15.09,150,131,56,85,101,0,182,113,11,36,144
LOLTMNT02_260705,LVP SL,15.09,100,187,86,139,40,1,107,85,111,143,25
LOLTMNT04_112111,AL,15.08,182,113,13,163,82,1,25,178,1,36,4
LOLTMNT02_260711,NACL,15.09,100,171,128,10,122,0,163,13,178,118,176
LOLTMNT05_131526,EBL,15.09,139,178,14,59,86,1,100,114,78,118,160
LOLTMNT04_112122,AL,15.08,5,114,14,103,58,0,169,95,44,49,122
LOLTMNT02_259789,NACL,15.09,155,83,27,139,114,1,181,131,95,4,129
LOLTMNT02_259809,NACL,15.09,14,90,57,27,114,1,128,169,1,36,103
LOLTMNT04_112126,AL,15.08,131,2,125,176,90,0,10,181,20,112,19
LOLTMNT02_260756,NACL,15.09,171,136,74,140,44,0,131,51,56,188,4
LOLTMNT02_260761,NACL,15.09,100,49,58,125,20,1,113,111,82,155,60
LOLTMNT02_260802,LCKC,15.09,100,57,40,176,20,1,170,8,139,103,85
LOLTMNT02_259886,LCKC,15.09,100,57,163,40,103,1,113,150,46,95,122
LOLTMNT02_259916,LCKC,15.09,178,5,146,62,4,0,128,1,175,85,20
LOLTMNT02_260818,LCKC,15.09,14,36,43,173,82,1,141,150,62,56,4
LOLTMNT02_260855,LCKC,15.09,95,5,175,171,65,0,46,1,58,114,115
LOLTMNT02_260884,VCS,15.09,178,129,43,118,36,1,57,176,1,72,103
LOLTMNT02_259995,LCK,15.09,128,113,150,176,118,0,57,181,105,4,10
LOLTMNT02_259993,VCS,15.09,10,191,82,139,155,1,58,1,107,122,110
LOLTMNT02_261033,LCK,15.09,163,171,0,103,141,0,182,129,175,58,82
LOLTMNT02_261035,VCS,15.09,59,122,171,175,125,0,85,150,101,80,56
LOLTMNT02_261047,VCS,15.09,57,13,170,140,118,0,27,83,40,103,182
12041-12041_game_1,LPL,15.09,150,113,95,4,56,1,181,131,46,27,114
LOLTMNT02_261074,VCS,15.09,178,5,14,85,101,0,128,131,181,95,103
LOLTMNT02_260974,LCK,15.09,14,5,163,156,104,0,46,113,150,64,124
LOLTMNT02_261086,VCS,15.09,163,1,169,46,4,0,104,58,146,170,125
12041-12041_game_2,LPL,15.09,128,100,129,58,82,1,169,104,1,112,32
LOLTMNT02_261095,VCS,15.09,46,36,20,113,1,1,57,10,118,185,84
LOLTMNT02_260988,LCK,15.09,100,1,95,20,182,0,131,105,181,36,65
LOLTMNT02_260992,VCS,15.09,27,113,150,0,122,0,57,14,131,10,20
12041-12041_game_3,LPL,15.09,178,64,124,23,13,1,139,85,101,156,171
LOLTMNT02_262025,VCS,15.09,104,141,150,176,0,1,139,175,146,122,62
LOLTMNT02_261128,VCS,15.09,128,100,171,176,118,1,5,85,40,45,82
LOLTMNT02_261152,VCS,15.09,171,80,60,59,148,1,170,13,125,82,9
12042-12042_game_1,LPL,15.09,104,100,129,176,112,0,62,150,139,103,54
LOLTMNT02_261185,VCS,15.09,163,86,56,40,74,0,64,124,44,54,49
12042-12042_game_2,LPL,15.09,163,178,57,122,111,1,36,82,156,171,5
LOLTMNT02_261200,HM,15.09,52,0,49,122,155,1,128,169,163,181,103
LOLTMNT05_130559,TCL,15.09,150,178,95,118,0,0,113,129,58,82,46
12042-12042_game_3,LPL,15.09,85,113,101,147,60,0,10,141,86,8,114
LOLTMNT05_130566,TCL,15.09,169,128,163,4,171,1,95,113,122,43,146
LOLTMNT05_131585,PRMP,15.09,5,93,122,178,176,0,1,169,82,95,56
LOLTMNT05_130575,LFL,15.09,128,131,181,27,103,0,178,139,163,2,82
LOLTMNT05_130573,PRMP,15.09,36,178,8,20,38,1,181,62,141,122,56
LOLTMNT02_261264,HM,15.09,14,95,139,54,122,1,150,113,46,58,4
LOLTMNT04_111292,AL,15.08,1,100,57,62,104,1,36,105,139,146,103
LOLTMNT04_112150,AL,15.08,57,90,82,95,5,1,163,171,4,178,182
LOLTMNT04_111288,AL,15.08,128,36,131,27,118,1,163,54,122,40,14
LOLTMNT05_131591,PRMP,15.09,100,2,139,85,101,0,30,111,170,27,118
LOLTMNT05_131589,TCL,15.09,57,131,14,27,4,0,95,169,182,122,146
LOLTMNT04_112154,AL,15.08,122,113,62,14,114,0,27,103,131,129,139
LOLTMNT05_130584,LFL,15.09,5,14,36,54,104,0,100,95,114,49,122
LOLTMNT02_261292,HM,15.09,52,27,36,90,125,0,111,126,62,82,41
LOLTMNT02_262225,PRMP,15.09,163,1,139,82,107,0,58,57,46,103,175
LOLTMNT04_111293,AL,15.08,128,113,150,10,124,1,163,40,54,49,65
LOLTMNT04_111294,AL,15.08,178,125,171,62,103,1,5,141,2,10,20
LOLTMNT05_131599,PRMP,15.09,163,4,128,171,54,0,113,140,150,60,103
LOLTMNT05_131597,TCL,15.09,36,186,150,20,46,0,62,169,122,111,2
LOLTMNT05_131602,LFL,15.09,90,58,2,104,5,1,14,27,122,141,125
LOLTMNT02_262265,PRMP,15.09,14,4,27,5,52,0,155,115,146,131,43
LOLTMNT02_262252,LPLOL,15.09,163,175,5,49,82,0,58,100,122,168,104
LOLTMNT04_112155,AL,15.08,163,83,103,60,155,1,128,36,82,169,1
LOLTMNT04_112156,AL,15.08,107,58,82,0,24,0,175,95,114,129,71
LOLTMNT05_130592,PRMP,15.09,171,178,182,15,10,1,57,95,147,141,154
LOLTMNT05_130598,PRMP,15.09,163,135,111,43,122,1,113,150,58,34,117
LOLTMNT05_130594,LFL,15.09,100,8,140,103,46,0,169,111,4,59,172
LOLTMNT02_262298,LPLOL,15.09,128,155,122,8,70,1,60,169,114,150,164
LOLTMNT04_111296,AL,15.08,95,19,139,2,118,1,191,58,182,57,90
LOLTMNT05_130603,PRMP,15.09,14,58,169,118,5,0,2,187,72,122,38
LOLTMNT05_130605,PRMP,15.09,36,153,118,136,85,1,178,133,27,103,182
LOLTMNT02_261391,LPLOL,15.09,150,169,176,5,115,1,113,147,155,86,23
LOLTMNT02_262373,LPLOL,15.09,178,85,122,114,146,1,175,187,4,60,14
LOLTMNT02_261416,NACL,15.09,57,150,113,58,82,0,178,118,14,136,36
LOLTMNT02_262416,NACL,15.09,163,114,65,171,0,1,169,104,128,95,13
LOLTMNT02_261441,NACL,15.09,5,131,155,146,4,1,125,90,176,83,186
LOLTMNT02_261472,NACL,15.09,169,46,181,59,154,1,128,131,27,58,103
LOLTMNT02_261498,NACL,15.09,100,136,118,129,95,0,178,176,56,4,111
LOLTMNT02_262547,NACL,15.09,57,90,181,4,155,0,128,131,27,62,82
LOLTMNT02_262560,NACL,15.09,46,113,49,95,136,1,171,178,5,118,176
LOLTMNT02_261539,NACL,15.09,139,85,94,8,175,1,0,111,86,59,30
LOLTMNT02_261599,LAS,15.09,169,128,14,36,4,1,46,131,181,176,118
LOLTMNT02_261582,LAS,15.09,163,170,8,82,60,1,178,128,111,58,4
LOLTMNT02_261598,LAS,15.09,57,95,129,122,80,0,113,150,139,27,4
LOLTMNT02_262622,LAS,15.09,14,107,57,10,82,1,178,150,139,36,4
LOLTMNT02_262686,LAS,15.09,46,146,36,175,118,0,14,141,5,62,103
LOLTMNT02_261678,LAS,15.09,163,178,147,43,103,0,111,100,58,5,122
LOLTMNT02_262692,LAS,15.09,113,62,103,129,60,0,170,95,20,172,49
LOLTMNT02_262701,LAS,15.09,14,141,5,95,122,1,113,150,136,10,105
LOLTMNT02_262700,LCK,15.09,100,1,128,62,82,0,113,14,58,46,122
LOLTMNT02_261688,LJL,15.09,169,85,171,101,139,1,104,32,141,13,182
LOLTMNT02_261676,LJL,15.09,178,5,150,58,103,0,36,175,14,170,20
LOLTMNT02_262678,LJL,15.09,131,60,15,93,95,1,169,4,43,1,62
LOLTMNT02_261681,LJL,15.09,163,107,41,150,103,1,95,169,5,82,171
LOLTMNT02_262711,LJL,15.09,178,150,128,64,104,0,5,141,177,95,124
LOLTMNT02_262710,LJL,15.09,150,36,5,118,14,1,85,83,20,60,190
LOLTMNT02_261710,LAS,15.09,57,131,181,62,118,1,171,36,182,100,20
LOLTMNT02_261703,LCK,15.09,163,129,175,60,20,0,150,131,23,4,95
LOLTMNT02_261713,LAS,15.09,163,57,141,20,49,1,46,95,113,122,139
LOLTMNT02_262736,LJL,15.09,178,10,20,139,49,1,100,95,150,122,43
LOLTMNT02_261721,LJL,15.09,5,169,163,44,1,0,46,57,58,118,172
LOLTMNT02_262753,LJL,15.09,128,83,181,58,4,1,60,131,40,122,62
LOLTMNT02_261729,LJL,15.09,14,43,36,161,20,0,163,111,162,100,34
LOLTMNT02_261739,LJL,15.09,169,58,5,111,118,0,10,170,136,122,2
LOLTMNT02_261727,LJL,15.09,178,163,60,122,168,0,169,5,85,118,49
12043-12043_game_1,LPL,15.09,178,146,139,176,118,1,169,1,62,136,122
LOLTMNT02_262759,LAS,15.09,178,5,150,95,103,0,46,14,141,36,20
LOLTMNT02_262761,LAS,15.09,170,10,82,8,23,0,83,36,4,182,40
LOLTMNT02_262760,LAS,15.09,169,1,182,22,34,1,100,150,60,20,58
LOLTMNT02_261747,LAS,15.09,169,46,1,58,122,1,163,178,128,8,148
LOLTMNT02_261779,LJL,15.09,178,155,57,14,103,0,44,58,15,182,177
LOLTMNT02_261768,LJL,15.09,10,190,120,82,40,1,14,169,103,93,0
LOLTMNT02_261772,LJL,15.09,178,95,1,43,104,0,131,125,13,118,176
LOLTMNT02_261777,LJL,15.09,139,8,54,10,133,0,5,100,150,27,103
LOLTMNT02_262790,LJL,15.09,128,169,36,181,20,0,0,52,62,115,146
LOLTMNT02_262780,LCK,15.09,113,1,57,176,118,1,14,46,36,175,82
LOLTMNT02_262785,LJL,15.09,85,175,20,5,111,1,178,57,9,122,49
12043-12043_game_2,LPL,15.09,128,163,170,112,124,1,104,141,150,64,60
LOLTMNT02_261785,LAS,15.09,163,107,111,5,118,0,36,191,104,139,146
LOLTMNT02_262797,LAS,15.09,113,0,129,176,118,0,128,170,8,4,142
LOLTMNT02_262799,LAS,15.09,57,129,114,32,103,0,100,95,139,166,20
12043-12043_game_3,LPL,15.09,83,125,14,27,103,1,4,5,11,56,140
LOLTMNT02_262815,LCK,15.09,100,85,101,146,13,0,128,186,40,187,86
LOLTMNT02_261800,HC,15.09,90,58,113,2,112,0,122,163,14,54,43
LOLTMNT02_261816,LCP,15.09,104,107,64,129,46,1,163,100,1,103,56
LOLTMNT02_262839,HC,15.09,169,111,103,95,60,0,171,118,176,99,125
LOLTMNT02_262836,VCS,15.09,169,13,95,103,1,1,128,27,131,36,20
LOLTMNT05_131646,LFL2,15.09,178,40,122,140,1,0,95,128,114,154,171
12044-12044_game_1,LPL,15.09,150,178,95,40,82,1,113,128,1,4,58
LOLTMNT02_261838,LCP,15.09,131,181,62,82,60,0,128,141,27,118,176
LOLTMNT02_262853,LFL2,15.09,95,131,146,5,118,1,90,150,100,62,114
LOLTMNT02_261843,VCS,15.09,163,178,46,133,14,0,10,124,56,107,2
LOLTMNT02_262856,HC,15.09,10,72,146,104,88,0,59,147,5,114,53
12044-12044_game_2,LPL,15.09,141,57,129,187,86,0,46,114,36,8,104
LOLTMNT02_262892,LCP,15.09,113,150,182,62,122,1,36,14,141,125,4
LOLTMNT05_130638,LFL2,15.09,36,4,0,171,178,0,163,122,113,147,70
LOLTMNT02_261885,VCS,15.09,5,1,141,85,82,0,172,113,62,129,4
LOLTMNT02_261887,HC,15.09,90,5,147,64,124,1,178,163,111,23,104
12045-12045_game_1,LPL,15.09,104,128,178,36,146,1,150,163,40,103,170
LOLTMNT02_261905,LCP,15.09,128,131,181,85,101,1,163,175,112,20,2
LOLTMNT02_261911,VCS,15.09,27,83,122,176,105,1,49,58,115,125,169
LOLTMNT02_262923,HC,15.09,95,83,82,0,13,0,181,131,94,9,44
LOLTMNT05_131673,LFL2,15.09,181,83,58,4,56,1,163,27,74,122,114
LOLTMNT02_261922,LCP,15.09,95,103,5,105,49,1,83,27,82,139,129
12045-12045_game_2,LPL,15.09,85,8,101,136,45,0,22,182,87,114,2
LOLTMNT02_261996,LTA S,15.09,57,36,65,113,14,0,85,139,101,178,1
LOLTMNT05_130653,LEC,15.09,57,169,1,27,118,0,60,113,150,62,4
LOLTMNT02_263009,LTA S,15.09,95,83,181,43,103,1,150,58,56,122,131
LOLTMNT05_130654,LEC,15.09,14,175,56,22,20,1,178,95,44,129,122
LOLTMNT02_263025,LTA S,15.09,64,100,40,144,111,1,128,124,32,114,2
LOLTMNT02_263052,LTA S,15.09,128,178,10,104,103,0,95,150,113,139,122
LOLTMNT05_131696,LEC,15.09,181,46,104,62,114,0,128,169,163,146,82
LOLTMNT02_263066,LTA S,15.09,169,85,101,0,129,1,131,27,5,118,24
LOLTMNT05_131697,LEC,15.09,150,178,58,43,65,1,95,100,129,122,71
LOLTMNT02_263109,LTA N,15.09,100,150,95,40,4,1,14,36,113,128,114
LOLTMNT05_131698,LEC,15.09,113,171,56,76,20,1,131,27,11,0,101
LOLTMNT02_263129,LTA N,15.09,141,85,94,188,182,0,27,83,103,43,13
LOLTMNT02_263190,LTA N,15.09,150,113,128,36,103,0,100,46,171,58,82
LOLTMNT02_263200,LTA N,15.09,178,1,139,176,118,1,125,105,181,4,142
LOLTMNT02_263222,LTA N,15.09,14,95,122,51,107,0,43,85,94,177,90
LOLTMNT02_263310,LAS,15.09,46,178,150,58,4,1,100,163,2,171,122
LOLTMNT02_263309,LJL,15.09,178,128,95,150,103,0,131,163,112,15,93
LOLTMNT02_263313,LAS,15.09,169,1,57,85,103,1,178,128,129,4,176
LOLTMNT02_264183,LJL,15.09,85,125,131,94,171,1,36,5,83,118,177
LOLTMNT02_263307,LAS,15.09,178,128,14,36,103,0,113,46,150,58,122
LOLTMNT02_264178,LAS,15.09,57,36,133,56,111,0,178,139,129,103,27
LOLTMNT02_264185,LJL,15.09,100,111,155,104,43,1,175,10,190,114,125
LOLTMNT02_263314,LJL,15.09,141,86,76,75,49,1,169,85,20,125,13
LOLTMNT02_264174,LJL,15.09,64,104,1,113,60,1,163,169,82,14,5
LOLTMNT02_263316,LJL,15.09,178,182,171,95,20,1,57,150,175,163,118
LOLTMNT02_263336,LAS,15.09,57,85,141,20,13,0,139,95,181,82,52
LOLTMNT02_263335,LAS,15.09,163,107,118,0,40,0,104,113,58,46,145
LOLTMNT02_264212,LAS,15.09,169,5,150,95,4,1,46,131,176,186,34
LOLTMNT02_263346,LAS,15.09,170,62,139,20,5,1,111,36,175,103,56
LOLTMNT02_263347,LCK,15.09,150,113,46,36,82,1,181,131,5,95,104
LOLTMNT02_264218,LJL,15.09,178,60,20,85,78,0,163,107,118,43,8
LOLTMNT02_264222,LJL,15.09,8,54,43,10,133,0,46,111,41,85,184
LOLTMNT02_263355,LJL,15.09,178,9,20,125,111,1,83,62,103,150,56
LOLTMNT02_263350,LJL,15.09,150,95,103,128,170,1,163,14,122,186,112
LOLTMNT02_264220,LJL,15.09,131,163,125,124,171,0,83,95,46,103,57
LOLTMNT02_264232,LJL,15.09,85,56,104,169,1,1,178,86,76,171,112
LOLTMNT02_263361,LAS,15.09,14,113,95,60,118,0,141,57,181,82,93
LOLTMNT02_264245,LJL,15.09,163,141,150,18,182,0,178,85,171,184,56
LOLTMNT02_263371,LJL,15.09,85,20,2,46,175,1,14,95,103,139,70
LOLTMNT02_264246,LJL,15.09,150,95,14,4,5,1,85,191,20,40,125
LOLTMNT02_263369,LCK,15.09,128,175,129,85,134,1,178,62,1,103,7
LOLTMNT02_264249,LJL,15.09,169,95,1,118,60,0,163,120,190,82,43
LOLTMNT02_264250,LJL,15.09,163,141,46,122,3,1,131,155,146,162,124
LOLTMNT02_264247,LJL,15.09,178,127,1,32,103,1,113,5,145,36,34
12046-12046_game_1,LPL,15.09,113,5,40,103,27,1,150,169,182,95,4
LOLTMNT02_263396,LCK,15.09,57,86,59,146,90,0,176,118,107,8,139
LOLTMNT02_264265,LJL,15.09,85,83,5,14,94,0,128,178,171,20,176
LOLTMNT02_264266,LJL,15.09,131,163,104,182,86,0,150,95,122,5,2
LOLTMNT02_264268,LJL,15.09,163,82,1,57,113,0,104,80,58,146,60
LOLTMNT02_263401,LJL,15.09,163,35,57,122,186,1,111,54,139,10,148
LOLTMNT02_264259,LJL,15.09,178,136,122,62,2,0,128,113,14,36,34
LOLTMNT02_264261,LJL,15.09,178,36,65,56,171,0,163,131,15,112,67
12046-12046_game_2,LPL,15.09,129,178,136,36,122,1,139,100,8,163,20
12046-12046_game_3,LPL,15.09,181,161,131,22,65,1,171,104,175,62,60
LOLTMNT02_263443,HC,15.09,163,6,112,104,62,1,36,57,178,44,4
LOLTMNT02_264288,LCK,15.09,178,46,1,58,122,1,113,129,13,95,104
LOLTMNT02_264302,LCP,15.09,169,13,36,82,5,1,113,128,58,171,4
LOLTMNT05_131712,LFL2,15.09,2,114,62,60,122,1,36,180,83,125,4
LOLTMNT02_264310,HC,15.09,54,99,136,10,20,1,1,170,60,59,118
LOLTMNT02_263459,LCK,15.09,14,57,163,114,65,0,64,124,171,141,105
12047-12047_game_1,LPL,15.09,163,113,150,60,122,1,128,178,1,85,101
LOLTMNT02_264317,LCP,15.09,46,191,27,132,112,0,57,129,170,10,20
LOLTMNT05_131717,LFL2,15.09,128,163,181,114,82,1,46,100,1,58,103
LOLTMNT02_263476,HC,15.09,32,135,111,88,122,0,57,22,171,113,65
12047-12047_game_2,LPL,15.09,169,182,129,36,65,1,40,100,5,64,124
LOLTMNT02_264363,LCP,15.09,128,113,14,176,118,1,100,112,150,85,101
LOLTMNT02_263517,HC,15.09,128,107,58,129,103,0,85,40,101,175,1
12047-12047_game_3,LPL,15.09,141,171,43,58,82,0,95,191,125,4,180
LOLTMNT05_131728,LFL2,15.09,27,139,82,66,140,1,163,113,20,25,171
LOLTMNT02_263535,LCP,15.09,139,178,129,95,82,0,169,1,134,36,20
LOLTMNT02_264396,HC,15.09,90,155,136,188,15,1,125,147,131,176,143
LOLTMNT05_130703,LFL2,15.09,181,52,46,58,82,1,178,163,1,44,122
12048-12048_game_1,LPL,15.09,163,113,103,139,171,1,104,178,62,13,112
12048-12048_game_2,LPL,15.09,14,64,124,60,74,0,125,105,181,36,65
LOLTMNT02_264478,LTA S,15.09,128,113,1,58,103,0,129,10,150,100,122
LOLTMNT05_130721,LEC,15.09,150,169,36,82,44,0,171,113,104,58,0
LOLTMNT02_264499,LTA S,15.09,57,187,86,30,2,0,85,101,139,141,78
LOLTMNT05_131763,LEC,15.09,128,100,62,114,8,1,27,131,46,155,4
LOLTMNT02_263665,LTA S,15.09,104,56,46,27,146,0,178,36,136,82,24
LOLTMNT05_131765,LEC,15.09,163,178,103,56,40,1,169,104,62,146,43
LOLTMNT02_264540,LTA S,15.09,150,113,95,103,5,0,128,178,1,36,122
LOLTMNT05_130732,LEC,15.09,150,100,36,4,46,1,171,22,20,83,136
LOLTMNT02_263703,LTA S,15.09,46,85,101,114,147,1,129,169,125,176,118
LOLTMNT05_130733,LEC,15.09,181,30,64,122,174,0,95,131,14,118,5
LOLTMNT02_263715,LTA S,15.09,104,141,62,43,171,0,10,107,4,0,13
LOLTMNT02_264596,LTA N,15.09,163,178,14,104,105,1,57,36,131,171,118
LOLTMNT02_264603,LTA N,15.09,128,141,58,146,114,0,40,113,150,4,140
LOLTMNT02_263770,LTA N,15.09,128,113,155,27,4,0,5,181,90,64,124
LOLTMNT02_263775,LTA N,15.09,178,36,150,105,82,0,57,141,1,10,20
LOLTMNT02_263799,LCKC,15.09,14,100,40,85,20,1,128,113,181,95,4
LOLTMNT02_263811,LCKC,15.09,178,5,150,176,118,1,1,36,125,156,114
LOLTMNT02_264669,LCKC,15.09,163,104,43,105,27,1,64,171,124,182,175
LOLTMNT02_263837,LCKC,15.09,178,46,1,95,4,0,128,113,181,85,20
LOLTMNT02_264695,LCKC,15.09,171,57,141,58,82,0,125,83,29,62,103
LOLTMNT02_263852,PCS,15.09,46,85,101,141,181,1,104,178,95,43,2
12049-12049_game_1,LPL,15.09,181,131,95,122,182,0,100,163,8,103,139
LOLTMNT02_264723,PCS,15.09,113,128,62,1,118,0,170,58,57,82,40
LOLTMNT02_263884,LCKC,15.09,100,163,139,40,104,0,57,131,171,64,23
12049-12049_game_2,LPL,15.09,169,85,101,13,57,0,104,113,36,129,102
LOLTMNT02_263901,PCS,15.09,14,178,128,95,122,0,113,171,57,85,101
LOLTMNT02_263904,LCKC,15.09,125,105,103,95,111,1,43,83,82,27,58
12050-12050_game_1,LPL,15.09,169,128,163,2,122,1,150,178,46,58,114
LOLTMNT02_263942,PCS,15.09,163,80,111,5,114,1,46,13,58,54,34
LOLTMNT02_264779,LCKC,15.09,178,129,56,187,86,1,1,0,113,85,101
12050-12050_game_2,LPL,15.09,95,100,182,103,13,0,139,175,171,85,82
LOLTMNT02_264826,PCS,15.09,27,103,129,56,60,1,36,104,139,175,20
LOLTMNT05_130766,LEC,15.09,90,46,155,122,58,0,139,105,56,62,44
LOLTMNT02_264892,NEXO,15.09,169,1,95,136,112,1,178,14,58,82,0
LOLTMNT05_131798,LEC,15.09,131,57,36,171,118,0,95,178,103,112,146
LOLTMNT02_265113,NEXO,15.09,163,122,150,125,105,1,95,181,37,5,104
LOLTMNT05_131801,LEC,15.09,150,113,62,182,122,0,169,1,5,118,176
LOLTMNT02_264972,NEXO,15.09,150,163,120,20,136,0,181,131,95,104,172
LOLTMNT05_131808,LEC,15.09,163,178,13,111,65,0,128,14,100,124,64
LOLTMNT02_265198,NEXO,15.09,36,178,172,60,20,0,169,1,118,62,136
LOLTMNT02_266064,NEXO,15.09,163,131,182,49,4,1,141,27,38,103,93
LOLTMNT02_266076,CD,15.09,178,150,95,122,40,0,169,1,128,36,82
LOLTMNT02_265247,LRN,15.09,169,5,36,171,122,1,178,163,13,0,103
LOLTMNT02_265261,CD,15.09,100,62,103,56,171,0,85,113,20,125,129
LOLTMNT02_266085,LRN,15.09,131,150,57,95,133,1,100,85,94,14,182
LOLTMNT02_265281,CD,15.09,57,178,1,85,101,0,131,46,27,95,118
LOLTMNT02_266102,LRN,15.09,113,64,124,172,2,0,191,27,118,41,142
LOLTMNT02_265286,CD,15.09,128,169,150,64,124,0,5,122,40,113,10
LOLTMNT02_266115,CD,15.09,14,4,43,58,114,1,125,62,34,155,105
LOLTMNT02_265397,LCKC,15.09,113,150,128,59,103,0,178,57,1,176,82
LOLTMNT02_266242,LCKC,15.09,163,46,175,122,8,1,171,141,36,5,20
LOLTMNT02_265423,PCS,15.09,169,1,163,38,118,1,14,114,36,46,4
12051-12051_game_1,LPL,15.09,113,150,46,58,103,1,128,163,8,4,54
LOLTMNT02_266262,LCKC,15.09,95,105,4,125,27,0,155,52,44,58,60
LOLTMNT02_266266,PCS,15.09,150,60,170,22,82,1,100,8,0,176,124
12051-12051_game_2,LPL,15.09,139,175,187,2,20,1,178,62,112,111,114
LOLTMNT02_266286,PCS,15.09,170,163,103,44,13,0,100,57,150,36,82
12051-12051_game_3,LPL,15.09,182,146,131,176,118,1,95,90,125,75,122
LOLTMNT02_265520,LCKC,15.09,100,5,1,176,118,0,46,14,178,64,124
LOLTMNT02_266330,PCS,15.09,128,80,8,124,155,0,113,182,40,85,94
LOLTMNT02_265570,LCKC,15.09,57,191,27,4,58,0,155,52,139,95,103
12052-12052_game_1,LPL,15.09,150,100,182,36,82,1,113,14,56,95,122
12052-12052_game_2,LPL,15.09,163,60,103,54,111,0,57,58,4,8,175
LOLTMNT02_266418,HM,15.09,14,58,178,43,4,0,181,163,90,182,15
LOLTMNT02_265655,HM,15.09,95,186,83,103,136,1,150,100,5,85,20
LOLTMNT02_265689,HM,15.09,57,59,86,141,146,0,122,27,112,113,8
LOLTMNT05_131830,PRM,15.09,150,170,128,140,4,0,163,131,181,60,37
LOLTMNT02_265683,ROL,15.09,122,57,105,155,60,1,36,107,103,111,139
LOLTMNT05_130810,PRM,15.09,150,131,57,36,15,1,8,95,139,4,74
LOLTMNT02_265709,HM,15.09,46,107,111,10,40,0,118,175,171,71,155
LOLTMNT05_130817,PRM,15.09,163,141,14,125,104,1,1,113,58,118,105
LOLTMNT02_265712,ROL,15.09,163,30,14,118,125,1,58,131,188,4,56
LOLTMNT05_131835,PRM,15.09,169,0,40,85,101,0,90,171,43,36,115
LOLTMNT05_130821,PRM,15.09,169,11,59,122,56,0,176,171,46,54,103
LOLTMNT05_130826,PRM,15.09,64,124,100,111,5,1,163,14,141,122,182
LOLTMNT02_266542,ROL,15.09,178,69,115,5,9,1,156,86,84,10,128
LOLTMNT05_131854,LEC,15.09,163,100,103,1,0,1,14,58,178,124,43
LOLTMNT02_266543,LPLOL,15.09,42,133,139,122,49,1,57,178,82,142,24
LOLTMNT05_130832,PRM,15.09,83,155,82,56,176,0,95,54,129,103,136
LOLTMNT02_265785,LRS,15.09,169,1,58,0,4,1,100,95,122,2,125
LOLTMNT02_266585,LPLOL,15.09,163,60,114,49,122,0,136,58,14,113,189
LOLTMNT05_131859,PRM,15.09,170,62,4,139,147,0,58,90,118,146,60
LOLTMNT02_266606,LRS,15.09,163,175,128,124,129,0,178,85,40,118,111
LOLTMNT02_265812,CD,15.09,169,1,58,118,139,1,131,104,129,176,0
LOLTMNT02_266616,LPLOL,15.09,178,133,181,15,114,0,169,59,13,94,0
LOLTMNT02_265821,CD,15.09,113,10,20,128,2,1,90,95,14,115,5
LOLTMNT02_265820,LRS,15.09,181,105,103,27,139,0,83,155,82,10,98
LOLTMNT02_265835,LPLOL,15.09,113,127,104,22,20,0,46,136,163,82,186
LOLTMNT02_266653,CD,15.09,46,178,181,58,82,0,57,131,13,27,122
LOLTMNT02_265852,LRS,15.09,57,141,20,187,49,1,131,182,36,65,171
LOLTMNT02_266665,CD,15.09,1,100,139,176,103,0,128,169,145,95,4
LOLTMNT02_265983,LCK,15.09,14,128,178,62,104,1,57,113,1,64,136
LOLTMNT02_265989,LCK,15.09,181,131,34,95,0,1,139,85,94,90,155
LOLTMNT02_265991,PCS,15.09,178,46,129,187,82,0,56,150,172,58,4
12053-12053_game_1,LPL,15.09,150,178,46,36,4,0,128,169,62,146,118
LOLTMNT02_265995,LCK,15.09,46,107,8,59,86,0,114,129,5,176,18
LOLTMNT02_266787,PCS,15.09,163,65,141,1,105,0,57,36,103,19,5
12053-12053_game_2,LPL,15.09,141,163,125,65,8,0,182,83,181,124,64
LOLTMNT02_266807,PCS,15.09,169,8,128,62,118,0,1,100,40,58,4
LOLTMNT02_266810,LCK,15.09,113,43,14,62,104,0,46,131,181,95,37
LOLTMNT02_266844,PCS,15.09,150,139,178,85,103,0,57,111,175,95,122
12054-12054_game_1,LPL,15.09,139,100,129,64,124,1,113,163,1,4,182
LOLTMNT02_267069,LCK,15.09,178,139,150,85,20,1,57,8,80,36,122
12054-12054_game_2,LPL,15.09,14,141,10,103,125,0,36,178,146,65,112
LOLTMNT02_267106,HLL,15.09,163,46,2,16,122,1,95,181,44,103,72
LOLTMNT02_267104,LCK,15.09,100,163,4,40,23,1,128,1,175,44,176
LOLTMNT02_266928,HLL,15.09,128,170,36,147,82,1,60,113,62,150,118
LOLTMNT02_266937,HM,15.09,57,131,128,140,118,1,90,181,139,10,133
LOLTMNT02_266952,HLL,15.09,27,107,111,94,136,1,10,178,5,1,65
LOLTMNT02_267164,NEXO,15.09,181,44,83,155,4,1,100,1,60,122,62
LOLTMNT05_130878,TCL,15.09,95,113,14,103,139,1,122,178,36,1,0
LOLTMNT02_266973,HM,15.09,178,14,59,86,60,0,111,95,82,56,80
LOLTMNT05_130894,TCL,15.09,100,58,104,27,46,0,128,170,4,40,140
LOLTMNT02_266987,NEXO,15.09,163,113,150,56,20,1,27,175,103,14,88
LOLTMNT02_267192,LVP SL,15.09,128,150,114,163,82,0,100,5,36,49,104
LOLTMNT05_130892,NLC,15.09,57,169,171,62,103,0,150,100,139,64,124
LOLTMNT05_131908,LFL,15.09,1,113,46,58,65,1,128,178,150,104,62
LOLTMNT02_266995,HM,15.09,171,113,46,85,101,0,180,188,122,43,185
LOLTMNT05_131918,PRM,15.09,57,163,147,146,131,1,111,178,88,4,27
LOLTMNT05_131921,NLC,15.09,178,111,32,118,43,1,113,95,20,93,88
LOLTMNT05_130909,LFL,15.09,57,131,146,140,118,0,36,90,5,2,122
LOLTMNT02_267222,NEXO,15.09,100,62,111,122,114,1,36,178,136,171,4
LOLTMNT05_131920,EBL,15.09,128,169,1,95,82,1,163,5,131,49,4
LOLTMNT02_267240,LVP SL,15.09,1,178,43,10,20,1,27,105,125,155,122
LOLTMNT05_131923,TCL,15.09,62,82,57,52,136,1,176,118,182,175,8
LOLTMNT05_131928,PRM,15.09,1,170,60,36,103,1,128,95,113,93,141
LOLTMNT05_131929,EBL,15.09,36,113,150,46,114,1,62,178,171,139,154
LOLTMNT05_130914,NLC,15.09,27,131,56,114,49,1,122,155,83,60,147
LOLTMNT02_268047,LVP SL,15.09,150,100,40,85,101,1,113,128,27,118,155
LOLTMNT02_268049,NEXO,15.09,52,62,93,4,139,0,169,36,171,118,46
LOLTMNT05_131931,TCL,15.09,163,83,125,146,20,0,64,90,105,18,2
LOLTMNT05_131930,LFL,15.09,163,5,100,111,20,1,128,178,58,82,14
LOLTMNT05_131935,PRM,15.09,171,107,112,140,15,1,40,100,118,139,187
LOLTMNT05_131938,EBL,15.09,155,52,82,125,36,1,169,163,1,118,110
LOLTMNT05_130922,AL,15.09,57,100,1,62,104,1,139,178,146,36,82
LOLTMNT02_267292,LVP SL,15.09,163,1,175,4,43,0,95,122,170,145,146
LOLTMNT05_131940,NLC,15.09,90,4,125,59,129,0,82,52,0,22,24
LOLTMNT05_130925,TCL,15.09,5,22,65,173,147,0,85,101,71,80,129
LOLTMNT05_130926,LFL,15.09,131,86,10,181,71,1,113,95,43,122,13
LOLTMNT02_268097,NEXO,15.09,27,131,147,139,103,0,95,171,82,169,5
LOLTMNT05_131944,EBL,15.09,113,78,122,114,9,0,178,111,20,112,176
LOLTMNT02_268105,LVP SL,15.09,62,104,139,141,11,1,176,171,82,0,83
LOLTMNT05_130932,AL,15.09,128,95,122,111,107,1,182,113,64,13,114
LOLTMNT05_130931,PRM,15.09,169,139,24,187,86,1,181,137,182,140,143
LOLTMNT02_267329,CD,15.09,163,139,104,1,107,1,57,90,27,15,10
LOLTMNT02_268117,LRN,15.09,150,60,178,32,103,1,128,113,1,85,20
LOLTMNT05_131947,EBL,15.09,100,187,136,49,15,1,107,59,86,98,2
LOLTMNT05_131948,PRM,15.09,178,136,14,36,65,1,30,171,107,104,64
LOLTMNT05_131949,AL,15.09,150,52,125,155,4,1,171,54,0,103,176
LOLTMNT02_268119,CD,15.09,128,113,58,122,14,1,13,95,186,141,82
LOLTMNT02_268121,LRN,15.09,169,82,36,182,171,0,57,104,100,14,58
LOLTMNT02_267336,CD,15.09,104,113,5,95,150,0,178,128,65,58,186
LOLTMNT02_267338,CD,15.09,57,36,122,105,181,1,131,10,4,171,182
LOLTMNT02_268133,LRN,15.09,131,4,129,27,56,0,170,122,62,40,139
LOLTMNT02_267411,LCKC,15.09,113,14,139,176,4,1,150,178,5,118,85
LOLTMNT02_268194,LCKC,15.09,57,113,1,85,101,0,150,46,163,141,65
LOLTMNT02_267413,LCKC,15.09,113,57,129,176,118,1,150,46,100,85,103
LOLTMNT02_268203,LCKC,15.09,57,131,181,36,82,1,182,1,175,62,103
LOLTMNT02_268204,LCKC,15.09,178,146,62,82,0,0,171,131,5,36,122
LOLTMNT02_267430,LCKC,15.09,128,171,103,58,80,1,14,40,36,122,54
LOLTMNT02_268213,LCKC,15.09,105,43,27,187,4,1,125,111,83,118,9
LOLTMNT02_267443,LCKC,15.09,46,105,27,58,65,0,128,95,129,170,18
LOLTMNT02_268237,LCK,15.09,46,175,1,58,82,0,150,113,71,36,122
LOLTMNT02_268242,LCK,15.09,105,139,27,10,20,1,57,171,141,163,15
12055-12055_game_1,LPL,15.09,128,58,178,82,14,1,163,113,40,103,2
LOLTMNT02_268252,LCK,15.09,14,131,5,85,34,0,64,8,182,104,54
12055-12055_game_2,LPL,15.09,169,171,182,155,104,1,175,139,150,95,118
LOLTMNT02_268254,RL,15.09,36,113,150,122,5,0,85,169,101,188,23
LOLTMNT02_267527,RL,15.09,163,141,103,56,11,0,54,155,82,171,43
LOLTMNT02_268294,LCK,15.09,46,178,146,58,122,1,171,113,5,95,20
12055-12055_game_3,LPL,15.09,114,57,146,64,124,1,187,131,5,65,94
LOLTMNT02_268307,RL,15.09,86,173,9,93,139,1,178,62,118,49,182
LOLTMNT02_268312,LCK,15.09,150,182,175,10,114,1,1,57,100,4,36
12056-12056_game_1,LPL,15.09,150,128,36,20,178,1,113,95,46,4,1
LOLTMNT02_268329,RL,15.09,27,4,83,147,0,1,95,90,125,131,177
LOLTMNT02_267561,HLL,15.09,128,169,58,150,82,1,163,46,60,2,20
LOLTMNT02_268334,LCK,15.09,14,176,118,56,151,1,85,101,156,190,136
12056-12056_game_2,LPL,15.09,139,85,101,175,49,0,129,62,103,100,60
LOLTMNT02_268348,HLL,15.09,113,36,103,88,147,0,27,131,4,43,188
LOLTMNT02_267573,RL,15.09,187,6,184,142,60,1,140,52,25,133,110
LOLTMNT02_268353,HM,15.09,178,128,111,10,122,1,95,113,112,13,4
LOLTMNT02_268375,HLL,15.09,111,170,10,112,101,0,95,90,104,190,182
LOLTMNT02_267610,HM,15.09,169,14,62,103,43,1,150,100,46,82,58
LOLTMNT05_131984,TCL,15.09,163,131,171,182,122,0,150,113,5,36,4
LOLTMNT05_131992,LFL,15.09,178,128,36,103,78,1,113,150,46,187,184
LOLTMNT02_268408,LVP SL,15.09,169,62,46,111,4,0,36,178,14,172,20
LOLTMNT02_267636,ROL,15.09,14,141,122,10,139,0,178,8,4,140,43
LOLTMNT05_131994,NLC,15.09,113,122,150,27,60,0,100,1,103,36,46
LOLTMNT05_130970,AL,15.09,178,27,1,82,0,1,113,150,36,103,23
LOLTMNT02_267640,HM,15.09,171,54,36,65,60,0,90,49,118,85,5
LOLTMNT02_267627,RL,15.09,128,175,1,58,82,0,181,131,46,163,20
LOLTMNT05_131998,TCL,15.09,169,146,27,82,56,0,1,95,178,125,114
LOLTMNT05_131999,AL,15.09,5,107,111,104,10,0,155,90,139,95,15
LOLTMNT05_130971,LFL,15.09,163,131,86,164,2,1,95,90,82,43,27
LOLTMNT02_267646,LVP SL,15.09,131,58,171,23,114,1,95,100,139,122,129
LOLTMNT05_132001,NLC,15.09,178,147,62,118,139,1,171,131,125,58,15
LOLTMNT02_267647,ROL,15.09,104,170,36,13,125,1,181,105,155,148,71
LOLTMNT05_130972,EBL,15.09,163,14,103,178,125,1,95,122,169,146,56
LOLTMNT02_267653,HM,15.09,52,59,182,129,133,0,27,37,23,2,15
LOLTMNT05_130973,TCL,15.09,43,58,170,8,118,1,181,10,83,155,103
LOLTMNT02_267654,RL,15.09,122,14,90,155,56,1,171,114,141,27,71
LOLTMNT05_132009,EBL,15.09,27,20,1,43,100,1,36,82,93,5,6
LOLTMNT05_130977,NLC,15.09,163,175,104,56,2,0,85,54,101,111,25
LOLTMNT02_267668,LVP SL,15.09,150,5,103,107,140,1,155,90,125,124,176
LOLTMNT02_267670,ROL,15.09,100,147,5,62,103,0,111,175,114,58,90
LOLTMNT05_132011,LFL,15.09,100,10,49,174,118,1,175,111,5,155,94
LOLTMNT02_268453,HM,15.09,163,125,1,83,144,1,93,104,56,140,170
LOLTMNT05_130983,AL,15.09,163,141,104,14,0,1,150,178,128,58,103
LOLTMNT02_268454,RL,15.09,113,136,95,93,173,0,150,169,125,176,118
LOLTMNT05_132017,EBL,15.09,150,113,58,60,82,0,14,169,62,122,0
LOLTMNT02_268466,LPLOL,15.09,100,62,103,49,80,1,8,151,104,58,4
LOLTMNT02_267691,LVP SL,15.09,181,85,101,105,60,0,82,1,32,54,56
LOLTMNT05_132018,NLC,15.09,95,20,170,177,5,1,10,173,86,43,78
LOLTMNT02_268465,ROL,15.09,60,83,85,95,82,1,69,30,142,118,176
LOLTMNT05_130987,LFL,15.09,128,90,27,57,18,1,5,113,171,95,4
LOLTMNT05_132020,AL,15.09,57,100,64,4,129,0,182,82,32,114,147
LOLTMNT05_132021,EBL,15.09,178,1,57,176,118,0,175,36,182,129,15
LOLTMNT02_268467,RL,15.09,60,111,103,140,170,0,178,105,62,40,152
LOLTMNT02_268468,LPLOL,15.09,169,171,59,5,101,0,139,99,188,170,18
LOLTMNT05_130988,EBL,15.09,13,10,20,80,110,1,170,103,139,59,171
LOLTMNT05_132022,LFL,15.09,178,139,14,36,82,0,100,56,122,11,62
LOLTMNT03_236286,NACL,15.1,85,178,94,146,139,0,132,169,103,8,43
LOLTMNT02_268470,LPLOL,15.09,155,122,56,133,88,0,22,178,20,1,145
LOLTMNT03_236302,NACL,15.1,46,83,181,10,4,1,163,131,57,147,20
LOLTMNT03_236326,NACL,15.1,155,82,171,52,60,0,58,90,111,125,118
LOLTMNT03_236338,NACL,15.1,104,36,57,175,111,1,65,178,139,95,150
LOLTMNT03_236347,NACL,15.1,132,5,8,30,4,1,128,155,90,27,118
LOLTMNT03_235386,NACL,15.1,163,125,131,101,171,0,64,124,110,114,147
LOLTMNT02_267743,LCKC,15.09,178,46,1,58,114,1,128,95,111,100,104
LOLTMNT02_268500,LCKC,15.09,57,131,171,58,4,1,113,129,46,95,122
LOLTMNT02_268519,LCKC,15.09,163,170,103,171,139,1,125,83,36,129,122
LOLTMNT02_267760,LCKC,15.09,150,5,100,27,82,0,128,1,114,85,20
LOLTMNT02_267771,LCKC,15.09,113,62,8,0,4,1,176,118,40,56,186
LOLTMNT02_268539,LCK,15.09,100,1,5,85,20,1,128,150,175,36,104
LOLTMNT02_267792,LCK,15.09,46,141,129,176,103,0,14,113,56,4,187
12057-12057_game_1,LPL,15.09,128,113,129,95,103,0,139,100,40,64,124
LOLTMNT03_236412,LCP,15.1,128,131,181,85,101,1,113,150,112,176,118
12057-12057_game_2,LPL,15.09,150,178,136,27,122,0,182,169,146,176,4
LOLTMNT02_267812,LCK,15.09,178,5,150,187,118,0,141,46,27,176,4
LOLTMNT03_235460,LCP,15.1,100,1,36,139,115,0,163,175,146,122,5
LOLTMNT02_267818,LCK,15.09,14,175,139,85,20,0,100,1,105,36,122
12058-12058_game_1,LPL,15.09,163,40,178,4,111,1,128,104,175,95,171
LOLTMNT03_235498,LCP,15.1,36,5,65,13,170,0,104,182,62,1,175
12058-12058_game_2,LPL,15.09,113,8,62,136,90,0,182,150,176,114,20
LOLTMNT03_235515,LCP,15.1,113,150,10,133,139,1,64,124,129,178,105
LOLTMNT02_268589,HLL,15.09,113,36,150,5,103,1,100,95,122,147,0
LOLTMNT03_236490,LCP,15.1,169,176,118,40,23,0,107,132,4,0,89
LOLTMNT02_268598,HLL,15.09,163,186,83,82,43,0,58,14,4,90,41
LOLTMNT02_268604,HM,15.09,169,1,10,133,56,1,181,62,114,4,44
LOLTMNT02_268606,HLL,15.09,46,131,181,32,65,1,178,22,2,71,115
LOLTMNT05_132030,TCL,15.09,113,1,36,5,20,0,95,169,49,122,0
LOLTMNT02_267875,HM,15.09,178,171,122,59,112,0,150,113,103,95,182
LOLTMNT05_133015,LIT,15.09,178,150,112,10,122,1,128,57,113,58,4
LOLTMNT05_132040,AL,15.09,46,58,100,14,82,1,128,163,122,57,23
LOLTMNT05_133017,TCL,15.09,14,100,82,140,128,1,103,105,155,58,60
LOLTMNT02_268619,HM,15.09,14,36,65,0,141,0,111,118,107,5,140
LOLTMNT05_133019,LIT,15.09,131,95,125,114,129,1,169,36,136,82,49
LOLTMNT05_133020,AL,15.09,52,155,5,171,134,1,59,103,19,139,27
LOLTMNT02_267884,HM,15.09,82,100,155,125,129,0,188,20,175,40,75
LOLTMNT05_133021,TCL,15.09,163,158,104,136,170,1,150,10,139,65,54
LOLTMNT05_133023,LIT,15.09,5,185,62,0,154,0,27,90,1,103,43
LOLTMNT02_267893,HM,15.09,57,85,94,42,185,0,8,170,139,187,34
LOLTMNT05_132046,TCL,15.09,181,83,118,176,125,0,2,131,22,4,110
LOLTMNT02_268641,LPLOL,15.09,163,141,128,122,49,1,113,58,103,13,1
LOLTMNT05_133024,AL,15.09,178,1,95,103,5,1,113,150,36,122,56
LOLTMNT05_133026,LIT,15.09,52,118,155,71,176,1,46,85,101,54,88
LOLTMNT05_133027,TCL,15.09,178,171,27,71,15,1,111,175,187,18,40
LOLTMNT02_268648,LPLOL,15.09,57,10,94,90,127,1,27,83,139,144,155
LOLTMNT05_133029,AL,15.09,163,14,169,114,182,1,57,90,82,93,181
LOLTMNT02_268654,LPLOL,15.09,59,65,125,175,40,0,187,86,178,71,14
LOLTMNT05_133030,AL,15.09,0,83,27,78,4,1,131,125,147,85,20
LOLTMNT03_235630,NACL,15.1,46,113,58,114,49,1,163,178,5,4,8
LOLTMNT03_236658,NACL,15.1,171,90,57,64,124,0,169,129,139,132,118
LOLTMNT03_236682,NACL,15.1,46,113,136,171,95,1,169,23,118,176,40
LOLTMNT03_236702,NACL,15.1,14,114,43,10,103,0,128,178,49,22,20
LOLTMNT02_268683,LAS,15.09,128,170,163,20,49,0,141,46,95,4,27
LOLTMNT02_268700,LAS,15.09,100,145,82,62,172,0,150,178,36,103,5
LOLTMNT02_267967,LCK,15.09,178,64,124,182,1,0,113,129,34,57,32
LOLTMNT03_237101,LJL,15.1,131,59,104,86,182,0,163,178,5,4,49
LOLTMNT03_236811,LJL,15.1,163,15,54,58,40,1,95,83,122,112,181
LOLTMNT03_237094,LJL,15.1,163,170,1,0,124,1,54,111,139,85,101
LOLTMNT03_237088,LJL,15.1,46,62,103,5,1,1,175,36,20,128,14
LOLTMNT03_237104,LJL,15.1,100,163,122,40,125,0,85,101,131,171,60
LOLTMNT03_237103,LJL,15.1,128,100,150,82,163,1,113,136,176,33,86
LOLTMNT02_268705,LAS,15.09,57,107,32,115,1,1,182,85,191,122,129
LOLTMNT02_267969,LCK,15.09,114,43,171,85,20,1,46,163,107,146,136
LOLTMNT03_236831,LJL,15.1,36,170,118,172,43,0,85,178,101,1,180
LOLTMNT03_236826,LJL,15.1,14,163,141,4,43,1,100,8,62,122,60
LOLTMNT03_236830,LJL,15.1,85,101,131,190,5,1,9,86,113,40,125
LOLTMNT03_236835,LJL,15.1,141,95,125,13,118,0,163,156,75,15,177
LOLTMNT03_236836,LJL,15.1,163,178,20,60,19,0,36,100,5,118,78
LOLTMNT03_237115,LJL,15.1,163,35,57,103,117,1,113,95,139,104,111
LOLTMNT02_268714,LAS,15.09,58,93,175,56,40,1,64,124,105,43,151
LOLTMNT02_268713,LCK,15.09,128,14,95,170,82,1,150,4,13,141,58
LOLTMNT03_236850,LJL,15.1,169,128,171,10,20,1,176,14,141,122,162
LOLTMNT03_237126,LJL,15.1,131,85,182,94,49,0,163,57,122,107,190
LOLTMNT03_236849,LJL,15.1,163,43,191,175,150,0,49,136,75,141,58
LOLTMNT03_237128,LJL,15.1,178,62,132,2,139,0,95,33,103,131,14
LOLTMNT03_236851,LJL,15.1,178,103,150,132,114,0,80,78,122,58,110
LOLTMNT03_237131,LJL,15.1,83,176,20,2,139,0,95,74,4,111,0
LOLTMNT02_268769,LCK,15.09,128,175,150,176,118,1,178,5,1,124,64
LOLTMNT02_269040,LAS,15.09,14,46,178,95,122,1,128,100,1,118,176
12059-12059_game_1,LPL,15.09,104,182,113,40,163,0,129,100,112,36,65
LOLTMNT03_236870,HC,15.1,57,128,122,141,62,1,175,150,4,186,176
LOLTMNT06_121086,LCP,15.1,113,1,128,176,118,1,85,178,101,112,14
LOLTMNT02_268811,LCK,15.09,14,139,58,107,103,1,163,8,170,4,43
LOLTMNT02_269071,LAS,15.09,113,150,36,4,172,1,105,181,85,139,101
LOLTMNT05_132063,LFL2,15.09,181,139,83,58,90,1,100,125,78,95,103
LOLTMNT03_237163,HC,15.1,113,13,82,36,41,1,14,118,114,27,5
12059-12059_game_2,LPL,15.09,139,85,101,181,131,0,14,60,103,62,156
LOLTMNT06_121087,LCP,15.1,163,131,171,56,122,0,105,27,146,82,54
LOLTMNT02_269084,LCK,15.09,57,129,156,82,22,1,171,113,112,20,95
LOLTMNT02_269087,LAS,15.09,163,111,175,34,125,0,171,58,141,104,0
LOLTMNT05_133074,LFL2,15.09,128,131,57,103,187,0,40,163,170,129,122
LOLTMNT03_237224,HC,15.1,46,131,181,85,94,0,178,111,56,104,22
12060-12060_game_1,LPL,15.09,169,1,112,58,4,1,128,150,178,36,20
LOLTMNT06_121110,LCP,15.1,128,131,27,176,4,1,150,113,60,118,62
LOLTMNT05_132107,LFL2,15.09,128,169,1,95,118,1,46,113,84,176,4
LOLTMNT03_236992,HC,15.1,150,122,58,0,47,0,14,133,4,30,110
12060-12060_game_2,LPL,15.09,182,10,124,141,171,0,113,64,56,8,34
LOLTMNT06_120115,LCP,15.1,169,1,182,10,34,0,175,8,105,124,64
LOLTMNT05_133092,LFL2,15.09,163,113,150,4,46,0,136,27,82,13,151
LOLTMNT02_269132,HLL,15.09,163,56,122,30,1,1,43,36,20,83,171
LOLTMNT03_238042,HC,15.1,163,83,125,20,40,1,187,90,82,43,171
LOLTMNT02_269139,RL,15.09,155,114,171,122,60,0,128,169,27,49,103
LOLTMNT02_268913,HLL,15.09,82,66,181,58,0,1,27,113,150,118,71
LOLTMNT02_268920,RL,15.09,163,131,14,118,57,1,56,36,82,146,139
LOLTMNT02_268945,HLL,15.09,14,170,103,155,60,0,107,95,4,146,182
LOLTMNT06_121139,LTA S,15.1,46,64,104,14,100,1,178,57,58,4,78
LOLTMNT02_269205,RL,15.09,111,95,4,46,170,0,150,90,58,104,5
LOLTMNT06_121140,LTA S,15.1,169,176,118,128,40,0,175,150,36,15,0
LOLTMNT02_268965,RL,15.09,147,22,20,54,112,1,1,175,10,125,154
LOLTMNT06_120137,LTA S,15.1,95,122,5,131,171,1,141,187,114,125,1
LOLTMNT02_269000,RL,15.09,113,37,129,9,0,1,178,187,190,94,42
LOLTMNT06_120142,LTA S,15.1,150,178,128,58,122,0,113,1,46,10,4
LOLTMNT06_120153,LTA S,15.1,100,57,8,132,82,1,95,175,182,40,118
LOLTMNT06_120185,LTA N,15.1,169,150,5,36,4,0,128,100,8,173,58
LOLTMNT06_120186,LTA N,15.1,178,85,94,112,1,0,104,113,62,125,146
LOLTMNT06_121176,LTA N,15.1,163,46,131,104,1,0,36,178,56,150,4
LOLTMNT06_121177,LTA N,15.1,113,57,171,176,118,0,128,27,90,58,122
LOLTMNT06_121179,LTA N,15.1,125,83,103,187,8,0,60,95,20,129,110
LOLTMNT03_238914,LJL,15.1,178,85,101,139,8,1,83,150,155,20,182
LOLTMNT03_237562,LJL,15.1,163,170,57,103,78,1,95,175,190,18,139
LOLTMNT03_237572,LJL,15.1,57,36,104,141,46,1,175,8,9,148,56
LOLTMNT02_270037,LAS,15.09,178,58,128,111,82,1,163,191,139,57,4
LOLTMNT03_237556,LJL,15.1,178,85,101,131,33,0,163,100,191,182,49
LOLTMNT03_238915,LJL,15.1,113,36,1,103,125,0,95,83,122,14,43
LOLTMNT03_237579,LJL,15.1,85,20,170,129,105,1,32,124,178,13,139
LOLTMNT03_237595,LJL,15.1,57,107,10,122,14,1,60,36,131,103,181
LOLTMNT03_238932,LJL,15.1,163,111,178,139,65,0,113,36,2,103,112
LOLTMNT02_269294,LCK,15.09,14,114,71,58,122,1,46,113,1,95,104
LOLTMNT03_238931,LJL,15.1,178,125,14,132,103,0,5,131,57,142,20
LOLTMNT02_269295,LAS,15.09,36,141,5,118,171,0,46,169,85,20,181
LOLTMNT03_237598,LJL,15.1,163,178,49,40,99,0,58,100,111,82,182
LOLTMNT03_237594,LJL,15.1,14,113,57,163,122,1,150,100,58,23,4
LOLTMNT03_237592,LJL,15.1,85,5,101,175,1,1,163,57,104,131,146
LOLTMNT02_269297,LAS,15.09,113,22,129,56,105,0,107,104,93,27,71
LOLTMNT02_270047,LCK,15.09,139,163,124,171,175,0,64,178,144,172,40
LOLTMNT03_237605,LJL,15.1,163,178,14,104,5,0,10,170,33,82,110
LOLTMNT03_237601,LJL,15.1,163,83,103,125,150,0,58,141,15,5,93
LOLTMNT03_238939,LJL,15.1,139,141,130,122,29,0,131,9,125,20,49
LOLTMNT03_238943,LJL,15.1,169,163,171,124,139,0,100,85,181,20,46
LOLTMNT03_238944,LJL,15.1,163,54,111,124,112,0,46,95,103,186,60
LOLTMNT03_238945,LJL,15.1,100,36,1,122,139,0,114,9,146,154,46
LOLTMNT03_237611,LJL,15.1,57,49,178,134,99,0,163,120,103,40,190
LOLTMNT03_238951,LJL,15.1,178,62,103,60,171,1,131,9,148,125,49
LOLTMNT03_238954,LJL,15.1,100,163,65,139,49,0,105,175,58,82,1
LOLTMNT03_238958,LJL,15.1,95,170,1,4,5,0,169,59,8,82,125
LOLTMNT03_237616,LJL,15.1,169,142,15,150,110,1,176,118,170,40,43
LOLTMNT03_237610,LJL,15.1,14,113,176,20,136,0,181,62,70,4,38
LOLTMNT02_269313,LCK,15.09,14,141,57,176,118,1,178,1,139,163,124
LOLTMNT02_270072,LAS,15.09,46,170,150,103,176,0,14,178,128,118,58
LOLTMNT03_238973,HC,15.1,163,173,1,118,57,1,10,178,20,99,112
LOLTMNT02_270074,LCK,15.09,128,111,175,10,20,0,113,112,40,58,4
12061-12061_game_1,LPL,15.09,169,150,13,58,103,0,128,178,1,36,4
LOLTMNT06_121198,LCP,15.1,169,36,82,1,0,1,163,178,5,14,90
LOLTMNT02_269338,LAS,15.09,113,95,129,82,0,1,171,163,141,122,105
LOLTMNT05_133127,LFL2,15.09,57,83,0,27,122,1,139,10,74,129,82
12061-12061_game_2,LPL,15.09,139,85,101,114,78,1,14,64,124,60,151
LOLTMNT02_270094,LAS,15.09,100,5,62,114,1,1,175,36,125,111,20
LOLTMNT06_121201,LCP,15.1,128,95,122,141,171,0,129,170,4,132,40
LOLTMNT05_133132,LFL2,15.09,113,146,122,58,100,1,1,169,62,154,0
12061-12061_game_3,LPL,15.09,163,57,122,105,155,1,46,141,2,187,86
LOLTMNT02_270115,LAS,15.09,83,10,115,51,182,0,107,104,32,13,56
LOLTMNT03_237652,HC,15.1,122,54,95,177,60,0,113,58,147,53,138
LOLTMNT02_270106,RL,15.09,128,122,58,146,156,0,163,171,139,4,83
LOLTMNT05_133137,LFL2,15.09,163,52,14,82,56,0,113,58,5,111,122
LOLTMNT06_120225,LCP,15.1,46,64,124,90,27,1,163,113,65,43,1
12062-12062_game_1,LPL,15.09,150,139,62,103,110,0,128,113,8,64,124
LOLTMNT02_270127,LAS,15.09,57,90,22,49,18,0,191,155,139,40,152
LOLTMNT02_269413,RL,15.09,46,169,180,82,85,1,90,49,56,155,20
LOLTMNT05_132161,LFL2,15.09,136,151,13,27,82,1,131,5,62,129,4
LOLTMNT06_120232,LCP,15.1,175,182,146,187,86,1,131,118,176,142,139
LOLTMNT02_269423,HLL,15.09,163,90,57,4,150,1,128,58,103,30,181
12062-12062_game_2,LPL,15.09,129,178,60,58,82,0,182,169,111,176,118
LOLTMNT06_121211,LCP,15.1,169,58,57,147,4,0,141,95,5,49,122
LOLTMNT02_270147,RL,15.09,113,1,103,62,5,0,10,150,114,178,174
LOLTMNT02_269440,HLL,15.09,27,83,122,140,139,1,95,131,82,105,188
LOLTMNT02_269452,HLL,15.09,169,85,101,43,158,0,176,178,2,20,41
LOLTMNT02_270164,RL,15.09,95,14,37,112,30,1,141,105,177,187,0
LOLTMNT06_121226,LTA S,15.1,169,1,56,85,101,1,178,95,60,165,122
LOLTMNT02_270179,HLL,15.09,175,10,133,172,111,1,22,65,46,100,93
LOLTMNT06_121228,LTA S,15.1,46,100,8,36,114,1,113,150,43,4,176
LOLTMNT02_269467,RL,15.09,22,65,6,44,147,0,129,173,125,9,154
LOLTMNT06_121232,LTA S,15.1,131,27,103,24,23,0,10,105,20,129,38
LOLTMNT02_269476,HLL,15.09,113,171,182,62,34,0,32,114,5,1,118
LOLTMNT06_121241,LTA S,15.1,46,100,1,62,118,0,128,178,8,36,114
LOLTMNT06_120272,LTA S,15.1,57,10,122,171,90,1,113,64,139,124,2
LOLTMNT06_120292,LTA N,15.1,150,113,128,58,114,1,178,1,129,4,62
LOLTMNT06_120293,LTA N,15.1,163,57,103,40,72,0,36,104,139,170,122
LOLTMNT06_120302,LTA N,15.1,100,163,1,103,127,1,150,113,5,188,82
LOLTMNT06_120304,LTA N,15.1,178,8,139,22,10,0,64,124,0,171,156
LOLTMNT03_237954,LCKC,15.1,163,170,103,139,171,1,178,95,122,1,0
LOLTMNT03_239324,LCKC,15.1,46,131,181,176,118,1,36,111,56,175,4
LOLTMNT03_237976,LCKC,15.1,57,107,40,62,136,0,182,13,82,100,187
LOLTMNT03_239354,LCKC,15.1,46,36,57,141,65,1,131,14,43,64,103
LOLTMNT03_239361,LCKC,15.1,178,129,139,95,122,0,125,1,105,85,20
LOLTMNT06_120308,PCS,15.1,57,56,36,46,103,1,163,178,139,34,171
12063-12063_game_1,LPL,15.09,46,178,129,176,118,1,104,113,13,62,1
LOLTMNT06_120309,PCS,15.1,128,175,8,58,90,1,170,150,5,4,140
12063-12063_game_2,LPL,15.09,139,83,181,27,122,0,95,60,100,4,111
LOLTMNT03_239391,LCKC,15.1,14,43,141,58,114,0,46,150,100,36,82
LOLTMNT06_120311,PCS,15.1,113,8,46,58,114,1,178,150,43,4,62
LOLTMNT03_240046,LCKC,15.1,128,178,171,187,4,1,113,129,95,112,122
12064-12064_game_1,LPL,15.09,150,100,128,95,103,1,178,163,139,4,2
LOLTMNT06_121289,PCS,15.1,128,175,85,94,190,1,141,163,5,49,65
LOLTMNT03_239431,LCKC,15.1,181,131,125,85,20,0,176,118,2,60,170
12064-12064_game_2,LPL,15.09,182,113,40,155,124,0,8,169,62,136,118
LOLTMNT06_120312,PCS,15.1,64,83,181,139,154,1,32,131,2,82,60
LOLTMNT03_240116,NEXO,15.1,100,85,150,25,82,1,27,178,136,2,4
LOLTMNT03_240130,NEXO,15.1,136,169,27,111,101,1,131,95,98,104,132
LOLTMNT03_239578,NEXO,15.1,132,4,46,93,54,1,90,59,82,49,38
LOLTMNT03_240172,NEXO,15.1,100,142,139,4,163,1,181,83,60,82,155
LOLTMNT03_240185,NEXO,15.1,113,122,155,8,125,0,95,178,4,14,112
LOLTMNT02_269512,LRS,15.09,163,178,82,5,150,1,58,100,46,122,78
LOLTMNT06_121305,CD,15.1,150,131,104,36,57,1,171,113,58,122,139
LOLTMNT02_270231,LRS,15.09,104,22,175,139,2,1,85,14,101,107,136
LOLTMNT06_120332,CD,15.1,128,62,118,181,90,1,10,5,169,103,13
LOLTMNT02_269514,LRS,15.09,57,83,181,59,103,1,27,141,182,129,4
LOLTMNT06_121312,CD,15.1,85,101,105,156,129,1,86,187,141,8,23
LOLTMNT02_270232,LRS,15.09,128,1,80,140,86,0,118,13,114,176,171
LOLTMNT06_120341,CD,15.1,178,128,1,103,62,1,150,58,113,4,40
LOLTMNT02_269515,LRS,15.09,36,20,156,125,147,0,62,90,155,191,43
LOLTMNT06_120342,CD,15.1,105,10,122,90,171,0,129,131,118,95,5
LOLTMNT03_240305,LCKC,15.1,150,131,5,176,103,1,128,78,175,118,59
LOLTMNT06_121318,PCS,15.1,169,129,57,95,103,0,114,150,51,36,4
LOLTMNT03_240318,LCKC,15.1,100,1,139,95,122,1,14,113,182,36,20
12065-12065_game_1,LPL,15.09,128,178,8,85,101,1,113,104,139,146,64
LOLTMNT06_120351,PCS,15.1,14,85,94,60,100,0,178,1,56,32,18
LOLTMNT03_239766,LCKC,15.1,46,141,129,58,115,0,43,80,111,64,124
12065-12065_game_2,LPL,15.09,182,95,4,2,131,0,141,56,111,118,176
LOLTMNT06_121328,PCS,15.1,150,58,57,74,4,1,95,181,128,90,118
LOLTMNT06_120375,LCKC,15.1,150,175,5,176,118,1,100,139,36,14,104
LOLTMNT06_121346,PCS,15.1,46,56,104,27,176,1,178,5,36,82,78
12066-12066_game_1,LPL,15.09,113,8,46,176,118,1,128,178,14,95,4
LOLTMNT06_121351,LCKC,15.1,46,178,129,82,95,1,57,113,171,85,103
LOLTMNT06_120389,PCS,15.1,163,65,141,2,0,0,64,124,54,171,23
12066-12066_game_2,LPL,15.09,139,170,150,58,103,0,83,163,181,122,112
LOLTMNT06_120394,LCKC,15.1,125,155,52,93,122,1,112,83,27,4,62
LOLTMNT03_239866,HM,15.1,163,111,113,4,112,1,57,62,90,122,0
LOLTMNT03_240461,HM,15.1,14,188,5,103,80,1,139,132,169,1,82
LOLTMNT02_269539,LVP SL,15.09,150,178,128,95,122,0,1,113,139,104,62
LOLTMNT06_121384,PRM,15.1,163,178,14,103,125,0,95,170,146,118,112
LOLTMNT02_269541,ROL,15.09,111,175,36,122,5,0,128,54,1,95,20
LOLTMNT06_121385,LFL,15.1,163,113,150,4,0,1,100,95,139,8,118
LOLTMNT03_240478,HM,15.1,95,114,171,100,71,1,2,118,58,178,25
LOLTMNT06_120422,PRM,15.1,181,131,46,62,104,1,1,4,44,36,45
LOLTMNT02_270252,LVP SL,15.09,14,141,43,176,118,1,181,131,57,27,65
LOLTMNT06_121391,LFL,15.1,1,175,43,64,103,1,178,14,56,122,176
LOLTMNT02_269543,ROL,15.09,27,170,104,4,38,0,13,58,30,82,57
LOLTMNT03_240502,HM,15.1,10,175,136,15,172,0,128,54,142,40,65
LOLTMNT06_121392,LFL,15.1,128,181,27,54,114,1,107,112,82,49,36
LOLTMNT02_270257,LVP SL,15.09,182,10,133,114,49,0,64,124,146,175,112
LOLTMNT06_120428,PRM,15.1,57,90,122,25,27,0,171,113,82,155,30
LOLTMNT02_269546,ROL,15.09,62,103,178,136,8,1,10,83,181,90,0
LOLTMNT06_120431,LFL,15.1,131,132,106,146,41,0,141,44,65,10,24
LOLTMNT06_121394,PRM,15.1,111,5,175,132,18,1,85,40,101,134,173
LOLTMNT02_269547,LVP SL,15.09,169,58,103,171,0,0,170,85,20,40,71
LOLTMNT06_120443,LFL,15.1,156,190,18,142,182,1,30,59,20,2,25
LOLTMNT06_120446,CD,15.1,178,187,86,190,125,1,85,150,101,141,43
LOLTMNT03_240573,LRN,15.1,113,142,13,4,46,1,132,131,103,14,57
LOLTMNT06_120447,CD,15.1,169,95,122,23,1,0,5,131,36,104,146
LOLTMNT03_241022,LRN,15.1,169,62,82,60,1,1,178,36,20,5,146
LOLTMNT06_120453,CD,15.1,46,150,169,20,10,1,105,113,1,103,58
LOLTMNT03_240607,LRN,15.1,150,85,94,175,40,0,176,118,128,111,141
LOLTMNT06_120454,CD,15.1,95,4,57,49,141,0,14,122,139,27,70
LOLTMNT03_240612,LRN,15.1,122,187,139,171,170,1,65,58,172,80,157
LOLTMNT03_241129,LCK,15.1,14,141,105,85,20,1,178,46,1,4,132
LOLTMNT03_241144,LCK,15.1,150,131,57,36,122,1,100,49,112,95,103
LOLTMNT06_120468,PCS,15.1,169,46,1,58,104,1,113,150,105,36,103
LOLTMNT03_241146,LJL,15.1,178,163,104,60,147,1,85,113,171,139,118
12067-12067_game_1,LPL,15.09,150,100,40,27,82,0,128,169,181,4,36
LOLTMNT06_120472,PCS,15.1,128,163,107,20,8,0,13,141,95,82,40
LOLTMNT03_241162,LCK,15.1,169,163,124,125,13,1,176,118,113,40,43
LOLTMNT03_240732,LJL,15.1,141,40,15,58,181,0,169,128,118,176,142
12067-12067_game_2,LPL,15.09,113,176,118,2,102,0,182,8,178,85,101
LOLTMNT06_120473,PCS,15.1,178,1,60,36,82,1,150,113,56,163,114
LOLTMNT03_241184,LJL,15.1,57,36,74,4,14,0,113,139,62,103,2
LOLTMNT06_120476,PCS,15.1,46,80,8,142,4,1,5,175,171,132,40
LOLTMNT03_241226,LCK,15.1,150,175,46,85,20,0,178,129,57,4,132
12068-12068_game_1,LPL,15.09,104,64,128,114,1,1,85,178,101,13,146
LOLTMNT03_240803,LJL,15.1,128,163,104,175,171,1,60,113,93,176,2
LOLTMNT03_240814,LCK,15.1,14,113,104,36,139,1,64,124,5,49,156
12068-12068_game_2,LPL,15.09,150,105,58,82,80,1,163,139,83,4,57
LOLTMNT03_240834,LJL,15.1,163,35,186,103,136,1,100,150,85,82,60
12068-12068_game_3,LPL,15.09,182,169,2,27,34,1,56,113,111,176,103
LOLTMNT03_240885,NEXO,15.1,169,163,104,87,38,0,136,155,8,175,122
LOLTMNT05_133187,TCL,15.09,150,175,5,118,36,1,178,46,1,4,62
LOLTMNT06_121443,PRM,15.1,169,176,118,14,139,0,111,107,36,104,30
LOLTMNT05_132223,TCL,15.09,100,40,27,122,111,1,128,170,129,58,103
LOLTMNT06_120495,LFL,15.1,90,171,139,140,65,0,163,104,178,5,111
LOLTMNT05_133193,AL,15.09,163,131,5,103,111,0,58,113,182,150,4
LOLTMNT03_240919,NEXO,15.1,100,150,136,182,140,1,83,181,163,60,4
LOLTMNT06_120508,PRM,15.1,163,100,150,4,43,0,58,1,103,83,27
LOLTMNT06_121456,LFL,15.1,100,36,14,4,46,1,141,27,150,122,172
LOLTMNT06_121455,EBL,15.1,113,62,150,0,122,1,36,54,129,43,4
LOLTMNT03_240954,NEXO,15.1,57,187,173,46,103,0,58,131,182,14,122
LOLTMNT05_132225,TCL,15.09,14,64,124,30,57,1,171,141,10,133,43
LOLTMNT03_241387,HC,15.1,163,100,171,65,136,1,36,150,52,15,69
LOLTMNT05_133194,AL,15.09,0,83,122,181,59,1,125,52,171,95,44
LOLTMNT06_121458,EBL,15.1,128,170,78,132,60,0,14,178,139,85,20
LOLTMNT06_120509,LFL,15.1,113,58,82,0,49,1,175,8,85,118,125
LOLTMNT06_121459,PRM,15.1,178,82,24,136,85,1,131,95,122,146,182
LOLTMNT03_240986,HC,15.1,14,175,95,124,139,1,1,170,122,62,0
LOLTMNT03_241413,NEXO,15.1,169,5,150,36,4,0,128,95,170,171,122
LOLTMNT05_133197,TCL,15.09,95,83,155,139,114,0,82,90,163,49,0
LOLTMNT05_132229,AL,15.09,178,57,14,10,124,1,1,175,82,27,110
LOLTMNT06_120512,EBL,15.1,163,90,182,57,103,0,93,178,112,58,82
LOLTMNT03_241431,NEXO,15.1,27,100,150,110,103,1,178,85,147,136,86
LOLTMNT03_242012,LRS,15.1,178,57,8,82,58,1,36,128,146,182,122
LOLTMNT06_121463,EBL,15.1,136,175,40,36,38,1,169,27,122,110,44
LOLTMNT05_132230,TCL,15.09,85,101,146,60,156,0,187,86,54,190,136
LOLTMNT05_132232,AL,15.09,57,178,146,122,27,0,169,1,139,95,118
LOLTMNT03_241456,LRS,15.1,163,191,155,90,112,1,10,52,93,4,5
LOLTMNT03_242042,LRS,15.1,169,85,101,129,0,1,176,175,103,13,2
LOLTMNT05_132233,AL,15.09,90,14,140,4,157,0,163,46,30,155,82
LOLTMNT05_133203,AL,15.09,150,62,103,100,105,1,113,58,20,49,112
LOLTMNT05_133204,AL,15.09,36,65,114,171,60,0,173,85,101,158,43
LOLTMNT03_242150,LCKC,15.1,163,150,103,105,114,1,14,178,5,64,124
LOLTMNT03_241581,LCKC,15.1,113,46,1,58,82,0,128,100,111,118,176
LOLTMNT03_242151,LCKC,15.1,113,129,40,58,103,0,128,1,175,85,20
LOLTMNT03_241607,LCKC,15.1,57,129,141,62,122,1,128,131,181,36,20
LOLTMNT03_242164,LCKC,15.1,57,105,36,27,90,1,150,178,95,122,51
LOLTMNT03_242165,LCKC,15.1,105,139,14,95,4,0,57,80,2,36,20
LOLTMNT03_242177,LCKC,15.1,1,176,118,80,139,0,125,170,13,95,104
LOLTMNT03_242179,LCKC,15.1,163,100,5,4,158,1,49,43,141,132,148
LOLTMNT03_242204,LJL,15.1,163,170,57,122,46,0,178,62,139,103,13
LOLTMNT03_242206,LCK,15.1,128,131,181,163,114,1,100,150,5,95,103
LOLTMNT03_242218,LCK,15.1,14,141,0,85,118,0,139,175,1,122,36
LOLTMNT03_241653,LJL,15.1,169,64,104,5,8,0,178,46,171,10,20
12069-12069_game_1,LPL,15.09,163,182,8,124,156,1,150,113,60,122,36
LOLTMNT03_242231,LJL,15.1,169,128,36,146,20,1,163,54,40,93,15
12069-12069_game_2,LPL,15.09,139,95,82,178,111,0,85,136,20,186,2
LOLTMNT03_241674,LCK,15.1,171,64,124,182,107,1,178,104,36,8,110
LOLTMNT03_242254,LCK,15.1,14,114,57,85,20,0,128,141,142,132,103
LOLTMNT03_241687,LJL,15.1,10,20,46,1,186,1,95,139,104,175,33
12070-12070_game_1,LPL,15.09,128,175,2,4,140,1,163,169,46,1,124
LOLTMNT03_242279,LJL,15.1,190,22,104,60,107,0,150,95,122,171,43
12070-12070_game_2,LPL,15.09,182,113,146,58,103,0,150,100,139,176,20
LOLTMNT03_241740,LJL,15.1,175,56,62,1,87,0,182,131,14,27,103
LOLTMNT02_270301,LVP SL,15.09,14,90,95,103,43,0,113,150,139,104,62
LOLTMNT06_121513,LFL,15.1,14,113,182,58,82,0,1,178,163,173,122
LOLTMNT06_120559,NLC,15.1,163,100,139,1,4,1,150,178,58,25,103
LOLTMNT05_133212,AL,15.09,1,169,163,5,82,0,150,178,57,36,20
LOLTMNT06_121531,LFL,15.1,150,175,22,139,65,0,100,36,49,104,0
LOLTMNT02_269614,LVP SL,15.09,100,176,118,136,1,1,27,178,82,57,146
LOLTMNT06_120566,NLC,15.1,95,90,0,118,171,0,27,44,54,122,2
LOLTMNT05_132236,AL,15.09,46,175,14,176,118,0,113,95,122,181,191
LOLTMNT06_120565,EBL,15.1,169,62,150,139,34,1,36,100,1,104,0
LOLTMNT06_120569,LFL,15.1,27,191,103,181,43,0,90,85,20,171,5
LOLTMNT06_121533,NLC,15.1,40,156,62,104,169,1,5,131,146,9,154
LOLTMNT02_269617,LVP SL,15.09,128,131,181,10,20,1,85,112,101,30,155
LOLTMNT06_121538,EBL,15.1,90,95,129,122,57,1,83,181,103,27,112
LOLTMNT05_133214,AL,15.09,58,56,107,171,40,1,131,182,62,4,129
LOLTMNT02_270303,LPLOL,15.09,163,113,122,46,49,1,58,139,53,150,185
LOLTMNT02_270306,LVP SL,15.09,171,64,124,175,60,0,59,141,86,111,56
LOLTMNT06_120580,EBL,15.1,169,58,150,43,15,1,175,163,112,147,104
LOLTMNT02_270307,LPLOL,15.09,100,136,111,59,86,1,27,44,25,180,15
LOLTMNT05_133216,AL,15.09,103,32,111,60,6,1,90,155,134,27,71
LOLTMNT02_270308,LVP SL,15.09,122,170,71,187,2,1,0,4,107,140,84
LOLTMNT06_120583,EBL,15.1,113,171,36,57,82,1,100,93,110,133,114
LOLTMNT02_270314,LPLOL,15.09,170,190,62,104,107,1,10,14,94,131,5
LOLTMNT05_133217,AL,15.09,2,64,34,43,170,0,10,104,139,54,128
LOLTMNT02_269622,LPLOL,15.09,169,128,140,184,171,0,95,99,4,102,85
LOLTMNT03_241935,NACL,15.1,132,46,103,111,186,1,142,128,122,178,49
LOLTMNT03_241954,NACL,15.1,57,113,171,27,4,0,105,95,181,175,118
LOLTMNT02_269628,LPLOL,15.09,103,80,146,189,142,1,74,133,20,40,0
LOLTMNT03_242516,NACL,15.1,100,36,158,144,42,1,150,114,82,58,5
LOLTMNT03_241977,NACL,15.1,104,30,64,44,180,0,65,90,176,146,136
LOLTMNT03_243033,LCKC,15.1,14,128,175,163,103,0,113,171,57,104,64
LOLTMNT03_242564,LCKC,15.1,113,128,111,103,62,1,178,129,112,36,82
LOLTMNT03_243051,LCKC,15.1,178,129,95,60,122,0,150,141,36,56,4
LOLTMNT03_242581,LCKC,15.1,46,175,146,187,118,1,57,1,141,176,122
LOLTMNT03_243073,LCKC,15.1,171,132,4,170,0,1,105,139,27,142,20
LOLTMNT03_243096,LCK,15.1,178,57,1,85,20,1,129,156,182,163,122
LOLTMNT03_242638,LCK,15.1,171,114,43,44,132,0,46,40,107,4,155
LOLTMNT03_243130,LCP,15.1,178,150,163,103,139,1,169,1,128,104,62
LOLTMNT03_243145,LCK,15.1,113,40,105,36,82,0,128,150,178,4,58
LOLTMNT03_243155,LCP,15.1,105,27,82,95,125,1,36,170,122,13,57
LOLTMNT03_243166,LCK,15.1,14,131,163,23,136,1,139,1,175,95,122
LOLTMNT03_242720,LCP,15.1,10,175,40,112,118,0,5,8,54,58,4
LOLTMNT03_242726,LCK,15.1,129,182,156,59,86,1,170,111,176,20,13
LOLTMNT03_242767,LCP,15.1,128,178,14,176,118,1,113,46,49,4,132
LOLTMNT03_242801,LCP,15.1,175,64,124,40,137,1,85,182,101,171,114
LOLTMNT03_243300,HM,15.1,181,169,62,44,125,1,13,178,176,4,139
LOLTMNT05_132256,TCL,15.09,95,128,122,72,40,1,150,178,46,82,58
LOLTMNT03_243330,HM,15.1,57,90,95,118,43,0,113,150,182,85,103
LOLTMNT05_132258,TCL,15.09,113,36,8,136,15,0,64,100,124,182,49
LOLTMNT06_121560,LIT,15.1,163,114,139,14,4,0,58,113,46,103,49
LOLTMNT06_120594,LFL,15.1,1,100,27,122,125,0,178,95,14,103,43
LOLTMNT05_132260,AL,15.09,57,131,95,110,122,1,163,14,139,114,86
LOLTMNT03_243356,HM,15.1,163,2,20,131,180,0,111,122,175,46,132
LOLTMNT06_120603,LIT,15.1,100,40,122,176,125,1,1,107,20,85,56
LOLTMNT05_133232,TCL,15.09,57,66,103,164,60,1,27,90,4,62,0
LOLTMNT06_121568,LFL,15.1,128,113,62,118,111,1,90,36,5,132,106
LOLTMNT05_132263,AL,15.09,141,147,82,140,60,0,155,52,20,27,172
LOLTMNT06_121570,LIT,15.1,169,118,5,10,111,0,95,90,15,0,146
LOLTMNT05_133233,TCL,15.09,1,9,86,112,80,1,85,129,101,175,172
LOLTMNT05_132264,AL,15.09,1,100,103,58,44,1,113,150,4,36,5
LOLTMNT06_121571,LFL,15.1,58,29,180,0,115,1,155,52,82,142,127
LOLTMNT02_269637,LPLOL,15.09,100,102,8,132,112,0,128,155,158,107,118
LOLTMNT02_269639,LPLOL,15.09,113,85,101,93,30,1,122,36,190,95,5
LOLTMNT02_270327,LPLOL,15.09,57,1,186,142,34,1,170,49,103,80,160
LOLTMNT03_243509,NACL,15.1,169,46,132,118,8,0,178,85,94,44,40
LOLTMNT03_244066,NACL,15.1,43,83,58,4,27,1,181,131,7,59,15
LOLTMNT03_244102,NACL,15.1,57,100,111,62,82,0,113,139,122,10,150
LOLTMNT03_243579,NACL,15.1,90,155,136,152,171,1,175,125,103,140,49
LOLTMNT03_244130,NACL,15.1,65,176,129,30,5,1,1,36,54,184,173
LOLTMNT03_244165,LAS,15.1,178,181,128,132,20,1,150,170,0,4,85
LOLTMNT03_244182,LAS,15.1,113,111,182,103,95,0,104,107,25,78,58
LOLTMNT03_244183,LCK,15.1,14,131,57,163,122,0,46,178,1,132,103
LOLTMNT03_244198,LAS,15.1,57,131,27,49,122,0,60,163,129,141,44
LOLTMNT03_243654,LCK,15.1,150,175,139,58,82,1,113,129,25,36,104
LOLTMNT03_243679,LCK,15.1,105,27,60,176,118,0,182,74,4,171,59
LOLTMNT02_269648,ROL,15.09,111,175,36,15,60,0,178,163,171,122,114
LOLTMNT03_244289,LCK,15.1,128,131,181,132,103,0,46,150,141,95,122
LOLTMNT03_244287,LAS,15.1,14,141,56,58,4,0,46,131,181,163,114
12423-12423_game_1,LPL,15.1,163,40,100,82,146,1,128,169,58,8,122
LOLTMNT03_243760,LCP,15.1,128,169,1,85,20,1,36,178,5,4,8
LOLTMNT03_243757,LCK,15.1,171,156,139,36,20,0,111,107,105,85,15
LOLTMNT03_243759,LAS,15.1,100,40,132,0,82,0,107,111,5,118,176
LOLTMNT02_270335,ROL,15.09,169,150,95,4,0,1,1,131,5,27,20
LOLTMNT06_121577,LFL2,15.1,163,90,20,150,139,0,95,52,4,43,2
12423-12423_game_2,LPL,15.1,178,25,1,95,103,0,182,56,129,4,36
LOLTMNT03_244321,HC,15.1,57,122,46,141,36,1,128,178,49,103,62
LOLTMNT03_244328,LCP,15.1,139,176,118,13,170,0,25,150,107,86,76
LOLTMNT03_244330,LAS,15.1,178,150,36,122,60,0,128,170,62,1,103
LOLTMNT06_120615,LFL2,15.1,128,113,140,82,49,1,178,163,5,122,78
LOLTMNT02_270336,ROL,15.09,82,100,139,155,49,1,128,103,62,30,129
12423-12423_game_3,LPL,15.1,113,85,101,0,13,0,139,2,141,64,104
LOLTMNT03_243800,HC,15.1,163,111,175,124,125,0,27,150,54,15,56
LOLTMNT03_244375,LAS,15.1,95,104,83,13,110,1,64,27,52,112,146
LOLTMNT06_121591,LFL2,15.1,163,112,151,82,78,0,5,90,14,95,103
LOLTMNT03_244395,LCP,15.1,182,132,103,49,175,0,125,14,131,163,124
LOLTMNT03_243843,HC,15.1,14,156,181,142,4,0,155,131,5,104,22
LOLTMNT03_244421,LCP,15.1,46,141,171,10,4,1,27,90,13,58,122
LOLTMNT06_121595,LFL2,15.1,46,169,1,85,20,0,132,136,146,100,4
LOLTMNT03_243914,LCP,15.1,150,178,5,62,104,1,139,36,65,170,82
LOLTMNT06_121629,LEC,15.1,14,169,128,27,122,1,163,2,112,178,4
LOLTMNT06_120664,LEC,15.1,132,175,103,1,43,1,150,113,124,187,182
LOLTMNT03_244566,LTA S,15.1,46,36,104,40,107,1,169,128,122,58,171
LOLTMNT06_121630,LEC,15.1,64,46,152,141,49,0,176,114,56,118,8
LOLTMNT03_244608,LTA S,15.1,85,94,14,141,125,1,101,27,178,8,43
LOLTMNT06_121631,LEC,15.1,104,155,131,111,23,0,62,82,5,156,40
LOLTMNT03_244658,LTA S,15.1,22,83,57,60,4,1,131,59,103,0,147
LOLTMNT03_244700,LTA S,15.1,150,114,10,110,133,0,64,1,90,182,18
LOLTMNT03_244742,LTA N,15.1,163,113,40,112,4,1,128,100,58,8,20
LOLTMNT03_245193,LTA N,15.1,14,141,36,82,182,0,150,178,132,122,98
LOLTMNT03_245211,LTA N,15.1,139,176,118,111,30,0,125,131,49,85,101
LOLTMNT03_244830,LAS,15.1,178,182,129,85,20,1,150,139,170,132,103
LOLTMNT03_245292,LAS,15.1,113,171,95,104,0,1,128,141,49,4,58
LOLTMNT03_245295,LCK,15.1,128,175,150,58,122,1,14,131,57,163,103
LOLTMNT03_244862,LAS,15.1,107,36,60,168,65,1,57,131,163,40,118
LOLTMNT03_244865,LCK,15.1,64,178,2,118,23,1,139,171,36,4,100
LOLTMNT03_244885,LAS,15.1,100,1,5,62,114,0,111,173,125,27,34
LOLTMNT03_245333,LCK,15.1,181,83,114,95,0,0,105,27,82,125,132
LOLTMNT03_244928,LCK,15.1,128,163,1,103,100,1,105,14,57,58,122
12424-12424_game_1,LPL,15.1,169,128,150,122,95,1,178,46,40,103,163
LOLTMNT03_245398,LAS,15.1,46,131,27,176,118,0,150,178,5,4,163
LOLTMNT03_245421,LCP,15.1,113,58,128,122,27,0,163,1,175,104,139
LOLTMNT03_244951,LCK,15.1,129,156,56,10,114,1,182,178,2,82,62
12424-12424_game_2,LPL,15.1,139,114,171,142,20,1,60,113,67,4,59
LOLTMNT06_120678,LFL2,15.1,163,131,182,124,150,0,57,113,98,140,65
LOLTMNT03_244956,LAS,15.1,104,100,1,136,36,0,129,170,103,32,139
12424-12424_game_3,LPL,15.1,129,131,56,27,118,1,182,175,111,62,82
LOLTMNT03_244981,LCP,15.1,178,36,182,118,171,1,8,95,170,4,134
LOLTMNT03_244968,LCK,15.1,150,113,60,85,20,0,175,125,4,36,147
LOLTMNT03_244980,LAS,15.1,57,191,85,78,90,1,113,128,13,82,132
LOLTMNT06_121640,LFL2,15.1,163,175,4,1,71,0,178,140,124,136,129
12424-12424_game_4,LPL,15.1,146,112,187,65,80,1,100,57,13,132,15
LOLTMNT03_245473,LCP,15.1,150,141,103,155,0,0,62,131,82,146,125
LOLTMNT03_246009,LAS,15.1,107,0,40,64,124,1,95,141,43,8,114
LOLTMNT06_121642,LFL2,15.1,113,163,40,128,103,1,132,2,70,4,65
12424-12424_game_5,LPL,15.1,90,9,124,136,180,0,181,125,191,134,188
LOLTMNT03_246070,LCP,15.1,169,176,118,146,139,1,107,128,1,10,20
LOLTMNT06_121643,LFL2,15.1,136,132,129,4,100,1,43,27,188,122,186
LOLTMNT03_245545,LCP,15.1,182,170,8,36,122,1,175,46,40,4,62
LOLTMNT03_246112,LCP,15.1,150,64,124,131,56,1,95,82,111,5,114
LOLTMNT06_120697,LEC,15.1,128,178,146,36,118,0,169,1,40,176,122
LOLTMNT06_121661,LEC,15.1,181,131,5,64,82,1,62,113,2,104,56
LOLTMNT03_245616,LTA S,15.1,46,107,8,187,86,0,100,150,110,85,101
LOLTMNT06_121662,LEC,15.1,150,132,103,156,105,1,163,141,171,4,43
LOLTMNT03_246177,LTA S,15.1,95,178,1,104,5,1,169,58,129,4,125
LOLTMNT06_120702,LEC,15.1,90,49,95,23,44,1,85,100,139,13,65
LOLTMNT03_246190,LTA S,15.1,128,180,118,14,170,1,139,163,40,113,2
LOLTMNT06_121664,LEC,15.1,129,114,20,155,112,1,175,190,58,115,0
LOLTMNT03_245676,LTA N,15.1,169,14,163,125,122,1,150,100,139,58,118
LOLTMNT03_245686,LTA N,15.1,178,40,1,142,20,0,128,141,27,36,4
LOLTMNT03_246244,LTA N,15.1,104,182,107,187,82,0,90,155,43,132,103
LOLTMNT03_245725,LCKC,15.1,100,139,163,103,33,0,57,150,175,36,20
LOLTMNT03_245749,LCKC,15.1,113,125,2,118,59,0,14,141,105,176,4
LOLTMNT03_246314,LCKC,15.1,129,175,46,176,122,1,1,178,128,118,62
LOLTMNT03_245787,LCKC,15.1,14,156,57,95,82,1,171,131,182,58,114
12425-12425_game_1,LPL,15.1,128,150,163,124,141,1,178,14,5,103,132
LOLTMNT03_245793,PCS,15.1,132,49,80,128,122,1,36,171,170,115,60
LOLTMNT03_246329,LCKC,15.1,113,36,4,78,56,1,139,105,181,22,20
LOLTMNT03_245807,PCS,15.1,113,85,118,13,139,1,191,58,57,103,23
12425-12425_game_2,LPL,15.1,113,182,111,187,118,1,139,129,156,176,4
LOLTMNT03_246352,LCKC,15.1,128,178,1,176,118,1,46,150,156,64,4
LOLTMNT03_246374,PCS,15.1,150,141,182,142,114,1,14,95,4,56,131
12425-12425_game_3,LPL,15.1,36,82,2,0,170,1,161,171,80,85,94
LOLTMNT03_245874,LCKC,15.1,113,57,111,10,124,1,129,175,139,62,104
LOLTMNT03_245885,PCS,15.1,169,56,1,62,118,0,46,178,129,36,4
12425-12425_game_4,LPL,15.1,181,169,20,136,155,0,62,122,13,60,114
LOLTMNT03_246407,LCKC,15.1,100,146,125,58,82,1,171,141,105,85,136
LOLTMNT03_246412,PCS,15.1,113,51,14,132,122,0,182,100,2,104,155
LOLTMNT03_246449,PCS,15.1,60,131,146,58,15,1,163,8,57,80,86
LOLTMNT03_246459,PCS,15.1,128,178,190,27,103,0,170,40,111,85,82
LOLTMNT03_245979,PCS,15.1,113,139,171,36,114,1,182,131,146,122,142
LOLTMNT03_245977,NEXO,15.1,182,178,58,14,103,0,27,100,139,82,93
LOLTMNT06_120738,LEC,15.1,113,142,122,5,129,0,132,103,175,1,23
LOLTMNT06_121704,LEC,15.1,14,36,82,52,57,0,150,163,4,100,139
LOLTMNT03_245997,NEXO,15.1,113,150,122,132,125,1,131,104,176,20,173
LOLTMNT03_247012,NEXO,15.1,128,95,141,93,122,1,178,163,112,1,114
LOLTMNT06_121705,LEC,15.1,62,181,128,83,124,1,20,176,46,156,8
LOLTMNT03_247021,NEXO,15.1,169,36,114,20,67,0,150,141,95,103,0
LOLTMNT06_121707,LEC,15.1,90,18,32,155,145,1,104,95,131,60,171
LOLTMNT03_246586,NEXO,15.1,163,15,171,155,6,0,128,58,122,93,170
LOLTMNT03_246615,CD,15.1,132,103,128,74,150,1,142,90,5,20,190
LOLTMNT03_246612,LRN,15.1,104,113,64,40,128,1,178,85,101,8,60
LOLTMNT03_247070,LRN,15.1,131,181,36,4,57,0,150,170,62,103,139
LOLTMNT03_246629,CD,15.1,178,171,58,46,122,0,14,113,62,4,57
LOLTMNT03_246634,CD,15.1,131,104,64,56,146,1,83,155,10,118,139
LOLTMNT03_247073,LRN,15.1,14,95,122,41,114,0,83,27,82,155,182
LOLTMNT03_247170,LCKC,15.1,46,83,27,4,85,1,105,131,129,103,132
LOLTMNT03_246740,LCKC,15.1,150,100,57,62,82,1,128,14,114,36,20
12426-12426_game_1,LPL,15.1,150,178,139,176,118,1,113,182,1,4,36
LOLTMNT03_247217,PCS,15.1,57,171,85,56,20,0,105,178,8,95,104
LOLTMNT03_247215,LCKC,15.1,1,182,178,188,115,1,163,171,122,25,56
LOLTMNT03_247231,VCS,15.1,150,163,178,103,5,1,104,57,58,100,146
12426-12426_game_2,LPL,15.1,100,85,101,125,146,0,104,40,175,95,60
LOLTMNT03_247255,PCS,15.1,178,57,150,58,103,0,46,80,1,163,124
LOLTMNT03_246787,LCKC,15.1,128,178,1,132,4,1,131,57,129,85,20
LOLTMNT03_246808,VCS,15.1,46,156,14,85,20,1,131,128,181,58,103
12426-12426_game_3,LPL,15.1,163,103,2,44,74,0,58,57,13,20,114
LOLTMNT03_247317,PCS,15.1,128,175,62,82,14,0,139,170,104,85,146
LOLTMNT03_246855,VCS,15.1,182,72,40,32,104,1,178,150,0,64,124
LOLTMNT03_247342,LCKC,15.1,46,100,181,122,163,0,5,175,13,36,82
LOLTMNT03_246889,VCS,15.1,46,113,1,85,101,1,5,163,124,14,100
LOLTMNT03_246947,HM,15.1,14,178,57,132,103,1,171,113,163,5,122
LOLTMNT03_247470,HM,15.1,169,150,62,82,43,0,181,131,182,188,118
LOLTMNT03_246962,NEXO,15.1,150,54,85,82,125,1,163,100,1,103,56
LOLTMNT03_247489,HM,15.1,139,85,20,175,1,0,95,25,100,65,40
LOLTMNT03_246977,NEXO,15.1,191,163,57,103,78,1,36,100,2,118,5
LOLTMNT06_120779,PRM,15.1,178,150,132,128,103,1,156,171,58,4,129
LOLTMNT06_121762,AL,15.1,36,131,14,103,105,1,113,122,62,1,5
LOLTMNT06_121764,AL,15.1,128,90,155,176,122,1,5,131,14,27,4
LOLTMNT03_246982,HM,15.1,128,54,146,155,184,1,8,107,60,86,187
LOLTMNT06_120787,PRM,15.1,95,24,30,49,152,1,175,155,122,71,181
LOLTMNT03_247514,NEXO,15.1,5,170,122,13,132,0,125,100,111,37,59
LOLTMNT06_121765,AL,15.1,163,82,78,151,182,0,95,150,114,40,43
LOLTMNT06_120788,PRM,15.1,100,36,104,172,139,0,137,187,93,118,5
LOLTMNT06_121766,AL,15.1,169,58,1,20,125,0,163,175,111,103,60
LOLTMNT03_247537,NEXO,15.1,100,84,62,122,5,1,169,163,161,49,114
LOLTMNT06_120790,AL,15.1,139,85,101,190,80,0,132,178,0,133,93
LOLTMNT06_120791,PRM,15.1,27,46,131,176,40,0,10,34,38,1,20
LOLTMNT03_248007,NEXO,15.1,169,1,128,10,118,0,150,178,40,176,114
LOLTMNT06_121770,AL,15.1,82,114,171,95,110,1,118,113,182,2,140
LOLTMNT03_247564,LRS,15.1,178,46,1,132,103,0,14,113,56,4,142
LOLTMNT06_121771,AL,15.1,100,187,118,8,46,1,155,83,4,60,129
LOLTMNT03_247584,LRS,15.1,182,82,58,100,49,0,163,43,20,90,181
LOLTMNT03_247601,CD,15.1,131,1,182,10,20,1,150,57,113,95,4
LOLTMNT03_248031,LRS,15.1,85,141,101,57,171,0,122,175,111,62,139
LOLTMNT03_247614,CD,15.1,100,103,62,14,139,0,104,107,64,40,5
LOLTMNT03_247617,LRS,15.1,104,22,150,5,74,1,118,187,54,8,125
LOLTMNT03_247622,CD,15.1,46,58,118,169,111,0,2,36,181,82,54
LOLTMNT03_248038,LRS,15.1,83,0,10,6,2,1,36,65,186,71,40
LOLTMNT03_248140,LCK,15.1,128,178,1,62,4,1,14,113,5,95,44
LOLTMNT03_248131,LJL,15.1,128,175,163,122,171,0,40,100,85,103,146
LOLTMNT03_248153,LCK,15.1,169,111,56,10,124,1,129,182,175,118,58
LOLTMNT03_247746,LJL,15.1,100,46,1,132,103,0,37,182,51,62,122
LOLTMNT03_248154,PCS,15.1,113,46,132,129,103,1,150,178,85,38,20
LOLTMNT03_247772,LCK,15.1,163,100,8,122,60,1,85,57,40,20,74
LOLTMNT03_247787,PCS,15.1,169,1,62,60,18,0,74,58,40,4,43
LOLTMNT03_247790,LJL,15.1,113,150,62,20,46,1,132,170,78,103,5
LOLTMNT03_248197,VCS,15.1,14,141,36,40,82,0,1,178,128,163,122
LOLTMNT03_248228,PCS,15.1,169,57,1,62,104,0,113,46,146,58,15
LOLTMNT03_248247,VCS,15.1,182,131,181,58,34,0,171,175,5,176,103
LOLTMNT03_248251,LJL,15.1,100,10,122,190,136,0,170,163,4,1,182
LOLTMNT03_248249,LCK,15.1,171,95,104,182,113,0,178,64,146,82,56
LOLTMNT03_249021,PCS,15.1,178,85,101,8,43,1,163,56,103,13,40
LOLTMNT03_250029,LCK,15.1,128,132,4,40,74,0,100,1,112,142,114
LOLTMNT03_251001,PCS,15.1,182,114,14,20,10,1,131,5,2,155,86
LOLTMNT03_249058,LJL,15.1,182,113,1,36,122,0,175,43,150,188,40
LOLTMNT03_250050,VCS,15.1,169,62,104,129,25,1,170,139,111,59,86
LOLTMNT03_250074,LJL,15.1,128,85,101,7,131,0,176,14,118,40,74
LOLTMNT03_250093,VCS,15.1,178,150,57,58,82,0,156,14,139,36,4
LOLTMNT03_251051,VCS,15.1,163,141,104,0,13,0,100,136,1,118,176
LOLTMNT06_122015,PRM,15.1,132,103,8,114,175,0,113,150,5,122,59
LOLTMNT06_123019,LFL,15.1,128,178,1,36,118,1,132,103,5,40,100
LOLTMNT06_123023,AL,15.1,163,175,146,122,173,1,1,113,36,5,103
LOLTMNT06_122021,PRM,15.1,169,36,65,182,171,0,104,107,58,43,40
LOLTMNT06_123025,EBL,15.1,139,178,163,13,118,0,0,1,156,58,4
LOLTMNT06_123026,AL,15.1,128,155,90,64,124,0,40,82,170,62,181
LOLTMNT06_122022,LFL,15.1,46,90,27,85,20,1,95,111,175,71,122
LOLTMNT06_122024,EBL,15.1,14,43,131,82,95,1,5,150,122,90,62
LOLTMNT06_123028,PRM,15.1,1,83,139,10,4,0,85,141,46,27,94
LOLTMNT06_122026,AL,15.1,14,114,132,43,25,0,171,141,95,15,139
LOLTMNT06_123030,LFL,15.1,163,104,43,170,49,1,58,82,146,182,119
LOLTMNT06_123031,EBL,15.1,113,20,142,60,171,0,132,103,175,125,111
LOLTMNT06_122028,PRM,15.1,111,20,60,22,6,1,95,90,2,38,15
LOLTMNT06_123032,LFL,15.1,131,56,171,59,148,0,62,4,141,0,2
LOLTMNT06_123033,EBL,15.1,128,36,181,30,65,0,46,10,2,107,104
LOLTMNT03_251185,LRN,15.1,113,176,118,111,112,1,128,150,114,27,103
LOLTMNT03_251205,LRN,15.1,169,60,58,171,4,1,163,124,178,136,49
LOLTMNT03_250303,LRN,15.1,122,56,95,170,129,0,82,125,187,2,175
LOLTMNT03_250378,LCKC,15.1,128,175,2,176,4,1,1,100,112,118,187
LOLTMNT03_251293,LCKC,15.1,128,100,14,132,114,1,1,40,74,36,104
LOLTMNT03_250381,LCKC,15.1,128,178,1,176,118,1,150,163,170,4,112
LOLTMNT03_251310,LCKC,15.1,113,111,139,176,103,1,129,178,23,118,62
LOLTMNT03_251311,LCKC,15.1,14,139,170,132,103,0,113,129,5,36,82
LOLTMNT03_251313,LCKC,15.1,129,57,131,132,103,0,27,105,182,82,142
LOLTMNT03_250423,LCKC,15.1,163,175,150,125,34,1,57,85,83,182,82
LOLTMNT03_250487,LCK,15.1,150,175,139,104,62,1,14,178,182,64,124
LOLTMNT03_250483,LJL,15.1,128,175,58,1,90,1,10,107,40,103,68
LOLTMNT03_251390,LJL,15.1,128,156,171,176,118,0,178,5,2,104,10
LOLTMNT03_251392,LCK,15.1,171,128,163,122,186,1,156,57,146,36,82
LOLTMNT03_250543,LJL,15.1,113,1,182,187,103,1,175,150,139,188,40
LOLTMNT03_251427,VCS,15.1,128,36,104,178,8,1,112,163,122,170,40
LOLTMNT03_250553,LCK,15.1,1,107,132,5,103,1,46,114,32,27,131
LOLTMNT03_251451,VCS,15.1,113,1,139,142,103,1,182,114,14,132,20
LOLTMNT03_250574,LJL,15.1,178,62,1,154,60,1,163,170,111,82,46
LOLTMNT03_251520,LCK,15.1,105,112,181,176,118,0,178,128,1,58,122
LOLTMNT03_251534,VCS,15.1,57,105,129,62,90,0,5,141,171,34,22
LOLTMNT03_250660,LJL,15.1,171,100,132,5,122,0,175,146,139,9,20
LOLTMNT03_251552,LCK,15.1,129,156,139,104,36,1,57,131,27,62,103
LOLTMNT03_250691,VCS,15.1,113,163,1,4,43,0,150,178,46,95,122
LOLTMNT03_251565,LJL,15.1,150,100,128,9,4,1,111,80,40,132,103
LOLTMNT03_250721,LCK,15.1,171,141,4,125,85,1,182,175,146,163,124
LOLTMNT03_251585,VCS,15.1,128,175,27,132,20,0,40,74,129,103,176
LOLTMNT06_123060,PRM,15.1,132,175,103,146,46,1,104,95,169,1,38
LOLTMNT06_123059,LFL,15.1,46,178,62,111,103,0,113,36,56,14,122
LOLTMNT03_250770,ROL,15.1,142,141,136,146,118,1,163,90,5,49,122
LOLTMNT06_122081,AL,15.1,163,14,114,139,122,0,113,104,95,150,105
LOLTMNT06_123066,LFL,15.1,163,170,82,43,49,1,58,169,5,114,2
LOLTMNT06_122083,PRM,15.1,36,150,107,122,136,1,14,58,141,82,71
LOLTMNT06_122082,EBL,15.1,178,1,95,60,114,1,163,131,181,122,46
LOLTMNT03_250779,ROL,15.1,171,156,36,112,82,1,147,131,56,59,124
LOLTMNT06_122086,AL,15.1,90,181,82,9,56,1,131,171,20,187,0
LOLTMNT06_123069,EBL,15.1,169,132,103,49,43,0,58,191,27,20,110
LOLTMNT06_123071,LFL,15.1,150,175,0,10,20,1,90,27,57,78,15
LOLTMNT03_251725,ROL,15.1,1,175,27,114,157,1,93,113,58,4,44
LOLTMNT06_123073,PRM,15.1,90,155,5,176,118,0,131,85,94,125,24
LOLTMNT06_123077,EBL,15.1,90,10,129,56,18,0,80,13,22,5,93
LOLTMNT06_122090,AL,15.1,57,141,1,10,124,1,169,176,118,60,93
LOLTMNT06_122091,LFL,15.1,95,156,118,125,24,1,141,176,4,146,71
LOLTMNT06_123079,PRM,15.1,178,62,4,23,147,1,113,43,20,76,2
LOLTMNT06_123082,AL,15.1,103,43,59,173,129,1,132,148,5,100,11
LOLTMNT06_123084,LFL,15.1,1,30,104,140,23,1,107,40,182,86,76
LOLTMNT06_123086,PRM,15.1,111,156,22,60,34,1,40,115,188,186,181
LOLTMNT06_123088,AL,15.1,58,175,111,172,152,0,107,155,46,147,86
LOLTMNT03_250840,NACL,15.1,113,132,103,128,111,1,85,100,20,139,49
LOLTMNT03_250843,NACL,15.1,169,118,58,1,182,1,163,178,171,124,5
LOLTMNT03_250846,NACL,15.1,46,150,107,36,82,0,131,104,56,95,172
LOLTMNT03_250849,NACL,15.1,105,122,27,146,120,0,155,4,165,186,60
LOLTMNT03_251912,LCKC,15.1,46,141,14,85,4,0,175,1,128,95,118
LOLTMNT03_251918,LCKC,15.1,169,5,150,132,103,1,175,46,1,4,176
LOLTMNT03_251942,LCKC,15.1,128,111,156,58,122,0,178,129,40,95,118
LOLTMNT03_251944,LCKC,15.1,129,100,139,62,122,1,155,52,112,82,176
LOLTMNT03_251954,LCKC,15.1,5,107,13,188,136,1,163,178,0,146,103
LOLTMNT03_251983,LCK,15.1,128,131,181,176,118,1,112,113,2,4,58
LOLTMNT03_251998,LCK,15.1,46,141,171,85,20,0,57,114,129,103,163
LOLTMNT03_252058,LCP,15.1,128,131,181,132,4,1,113,14,5,95,122
LOLTMNT03_253051,LCK,15.1,46,131,181,132,20,1,14,114,5,85,122
LOLTMNT03_253063,LCP,15.1,182,100,1,58,82,0,141,150,125,103,176
LOLTMNT03_252111,LCK,15.1,150,156,139,62,103,1,175,182,1,82,95
LOLTMNT03_252138,LCP,15.1,113,150,103,62,0,1,139,104,171,175,10
LOLTMNT03_252143,LCK,15.1,57,141,129,163,124,1,4,178,60,49,187
LOLTMNT03_252171,LCP,15.1,169,129,5,58,189,1,1,182,178,95,122
LOLTMNT03_252200,LCP,15.1,163,118,57,2,100,1,36,131,60,8,89
LOLTMNT03_253156,HM,15.1,181,163,139,105,82,1,57,95,25,118,109
LOLTMNT06_123130,TCL,15.1,150,132,103,178,0,0,40,27,122,186,46
LOLTMNT03_252220,HM,15.1,14,114,36,80,122,0,146,178,132,5,4
LOLTMNT06_123137,PRM,15.1,171,113,58,103,128,1,132,178,24,2,20
LOLTMNT03_253215,HM,15.1,169,1,20,142,43,1,100,103,40,0,9
LOLTMNT06_123139,TCL,15.1,14,62,128,20,100,0,1,36,112,82,170
LOLTMNT03_252258,LVP SL,15.1,128,1,178,140,82,0,163,14,112,122,56
LOLTMNT06_123144,PRM,15.1,95,90,122,13,5,0,10,34,4,181,114
LOLTMNT03_253258,HM,15.1,128,54,171,176,44,1,112,155,175,67,65
LOLTMNT06_123147,TCL,15.1,169,171,85,94,105,0,176,118,146,80,5
LOLTMNT03_252304,AL,15.1,14,36,114,5,122,0,1,169,62,139,104
LOLTMNT06_123150,PRM,15.1,150,142,118,43,175,0,85,82,46,49,100
LOLTMNT03_252320,LVP SL,15.1,113,46,20,9,111,1,132,103,175,43,171
LOLTMNT06_123153,PRM,15.1,104,16,40,125,27,0,93,182,72,37,164
LOLTMNT03_253312,LVP SL,15.1,104,100,176,40,125,1,107,62,4,129,71
LOLTMNT03_252356,AL,15.1,113,95,150,128,103,1,175,163,82,171,30
LOLTMNT06_122167,PRM,15.1,1,141,155,189,0,0,30,145,176,136,94
LOLTMNT03_252379,LVP SL,15.1,131,0,49,85,101,0,83,27,118,114,36
LOLTMNT03_253352,AL,15.1,10,141,43,118,49,0,58,173,0,90,146
LOLTMNT03_253367,AL,15.1,112,85,101,131,155,0,105,178,132,20,8
LOLTMNT03_252401,NACL,15.1,169,5,132,133,142,0,178,46,40,118,176
LOLTMNT03_252408,AL,15.1,40,187,86,125,74,1,170,13,59,6,56
LOLTMNT03_252427,NACL,15.1,57,58,90,129,103,1,113,163,105,1,20
LOLTMNT03_253421,NACL,15.1,128,181,27,10,15,0,155,139,4,165,100
LOLTMNT03_252458,NACL,15.1,111,175,44,160,152,0,171,59,131,0,189
LOLTMNT03_253463,LCK,15.1,46,150,178,58,82,1,14,156,43,163,122
12427-12427_game_1,LPL,15.11,150,169,112,85,101,0,139,113,146,124,64
LOLTMNT03_252517,LCK,15.1,139,171,114,187,103,0,112,1,175,132,118
12427-12427_game_2,LPL,15.11,129,80,182,176,118,1,178,2,56,27,103
12427-12427_game_3,LPL,15.11,46,131,155,58,122,0,95,14,114,44,4
LOLTMNT03_252540,LCK,15.1,128,131,181,114,163,0,105,60,134,122,36
12427-12427_game_4,LPL,15.11,128,20,132,29,170,0,36,1,65,175,0
LOLTMNT03_253497,LCK,15.1,150,56,107,103,85,0,46,175,1,104,62
LOLTMNT03_252598,LCP,15.1,169,139,171,142,4,1,1,132,5,175,118
LOLTMNT06_123193,LFL2,15.1,113,95,1,5,20,1,52,163,146,82,125
12428-12428_game_1,LPL,15.11,104,114,64,5,40,1,128,113,111,58,82
LOLTMNT06_122199,NLC,15.1,113,150,25,58,122,0,139,1,178,163,4
LOLTMNT03_252638,LCP,15.1,150,107,125,163,103,1,182,178,2,62,122
LOLTMNT03_253548,HLL,15.1,163,14,20,178,57,1,95,122,49,90,51
LOLTMNT06_122218,LFL2,15.1,150,85,103,156,46,1,147,178,27,124,42
12428-12428_game_2,LPL,15.11,8,139,80,132,103,0,182,175,146,36,122
LOLTMNT06_123227,NLC,15.1,100,36,82,129,43,0,114,27,20,147,117
LOLTMNT03_252661,LCP,15.1,64,141,82,44,172,1,124,13,10,186,60
LOLTMNT06_123234,LFL2,15.1,128,4,169,49,58,1,182,122,14,90,142
LOLTMNT03_252671,HLL,15.1,36,103,170,128,181,1,62,169,115,1,129
12428-12428_game_3,LPL,15.11,57,10,124,141,129,0,176,118,125,1,178
LOLTMNT06_123242,NLC,15.1,85,101,156,189,56,1,169,62,115,13,182
LOLTMNT03_252708,LCP,15.1,113,1,125,176,118,0,182,141,146,132,4
LOLTMNT06_122236,LFL2,15.1,132,0,114,83,93,1,136,155,191,18,11
LOLTMNT03_252716,HLL,15.1,59,52,154,2,136,0,27,83,65,58,41
LOLTMNT03_252741,LCP,15.1,128,90,27,85,101,1,46,175,129,64,104
LOLTMNT06_122265,LEC,15.1,150,46,141,64,124,1,132,113,1,172,4
LOLTMNT06_122266,LEC,15.1,163,107,111,56,44,0,58,178,11,122,25
LOLTMNT01_245336,LTA S,15.11,14,141,46,103,155,0,150,178,5,132,4
LOLTMNT06_123271,LEC,15.1,128,27,131,182,171,1,112,85,90,94,146
LOLTMNT01_245349,LTA S,15.11,128,107,111,36,20,1,57,171,175,122,62
LOLTMNT01_245360,LTA S,15.11,169,187,86,13,139,1,85,101,114,125,49
LOLTMNT06_122267,LEC,15.1,129,176,118,139,175,1,95,43,103,105,147
LOLTMNT01_245373,LTA S,15.11,163,82,8,156,0,0,104,64,1,80,112
LOLTMNT01_246368,LTA N,15.11,150,178,112,64,124,1,163,128,14,141,46
LOLTMNT01_245414,LTA N,15.11,104,90,57,140,0,1,113,62,139,118,171
LOLTMNT01_245425,LTA N,15.11,169,188,125,132,103,1,36,1,60,170,82
LOLTMNT01_245435,LTA N,15.11,85,94,43,27,83,0,131,9,86,146,155
LOLTMNT03_253707,LCK,15.1,14,139,156,85,20,1,178,163,1,5,124
12429-12429_game_1,LPL,15.11,104,114,64,8,182,1,128,82,58,129,170
LOLTMNT03_253709,LCK,15.1,175,128,4,62,40,0,46,113,171,136,176
12429-12429_game_2,LPL,15.11,113,1,36,122,60,0,139,14,62,175,4
12429-12429_game_3,LPL,15.11,46,100,111,10,20,0,95,105,178,78,15
LOLTMNT03_252905,LCK,15.1,150,178,112,64,124,1,128,175,146,103,132
LOLTMNT03_253750,LCK,15.1,14,131,57,95,99,1,1,182,156,118,62
12430-12430_game_1,LPL,15.11,113,163,1,125,4,1,129,182,178,36,20
LOLTMNT06_123295,NLC,15.1,113,25,146,176,4,1,1,169,62,118,46
LOLTMNT03_252971,LCP,15.1,14,169,112,58,4,0,128,141,27,85,20
LOLTMNT03_252965,LCK,15.1,113,20,85,43,8,1,105,27,4,125,106
LOLTMNT03_252969,HLL,15.1,163,150,5,114,103,0,128,58,1,175,82
LOLTMNT06_122304,LFL2,15.1,132,178,46,103,150,1,142,131,56,4,40
12430-12430_game_2,LPL,15.11,150,176,118,156,60,1,139,169,8,187,86
LOLTMNT03_253783,HC,15.1,90,95,171,118,43,0,163,83,2,15,0
LOLTMNT03_253788,HC,15.1,178,132,122,41,145,1,113,10,4,136,14
LOLTMNT06_122313,NLC,15.1,147,100,5,27,15,1,177,156,182,122,95
LOLTMNT03_252992,LCP,15.1,150,64,124,114,56,0,46,175,111,104,62
LOLTMNT06_123308,LFL2,15.1,95,83,139,118,13,1,85,113,5,82,14
LOLTMNT03_253794,HLL,15.1,169,84,27,122,43,0,181,131,46,62,4
12430-12430_game_3,LPL,15.11,57,14,114,85,82,1,105,95,141,122,78
LOLTMNT03_253796,HC,15.1,100,1,122,27,60,1,175,104,146,62,23
LOLTMNT03_254012,LCP,15.1,57,142,82,11,54,1,132,103,182,129,80
LOLTMNT03_254010,HC,15.1,128,58,131,65,142,1,125,188,54,40,78
LOLTMNT06_122323,LFL2,15.1,122,58,100,43,1,0,163,175,15,25,146
LOLTMNT06_122326,NLC,15.1,85,101,54,188,41,0,163,14,103,186,75
LOLTMNT03_254026,HC,15.1,14,132,103,114,56,1,131,78,82,155,41
LOLTMNT03_253809,HLL,15.1,57,176,118,147,141,1,111,139,65,32,156
12430-12430_game_4,LPL,15.11,128,62,175,40,134,1,103,112,100,155,93
LOLTMNT03_254034,LCP,15.1,113,5,146,187,44,0,36,122,136,83,23
LOLTMNT06_122329,LFL2,15.1,112,140,54,65,49,1,90,176,114,154,171
LOLTMNT03_253819,HC,15.1,95,20,181,83,30,1,82,155,71,175,46
LOLTMNT03_253822,HC,15.1,178,93,37,129,182,0,85,101,156,49,180
LOLTMNT03_253827,HLL,15.1,90,124,22,11,125,1,95,104,54,49,60
LOLTMNT06_122341,LFL2,15.1,104,64,60,80,8,0,27,105,141,124,11
LOLTMNT03_254049,LCP,15.1,90,155,71,10,133,0,171,74,60,22,15
LOLTMNT03_253830,HC,15.1,103,169,176,84,23,1,118,173,140,150,110
12430-12430_game_5,LPL,15.11,131,5,13,140,15,1,56,58,171,54,124
LOLTMNT03_254053,HC,15.1,46,173,65,187,111,1,58,113,128,143,67
LOLTMNT06_122354,LEC,15.1,163,57,175,4,129,1,128,100,58,118,111
LOLTMNT01_245556,LTA S,15.11,150,163,103,139,113,0,85,131,101,146,110
LOLTMNT06_123341,LEC,15.1,169,56,1,95,104,1,46,14,114,36,122
LOLTMNT01_246503,LTA S,15.11,14,156,5,142,20,1,178,122,125,132,188
LOLTMNT06_122355,LEC,15.1,132,178,20,49,5,1,103,155,188,83,125
LOLTMNT01_246506,LTA S,15.11,181,83,95,118,60,1,8,100,36,82,43
LOLTMNT06_123342,LEC,15.1,131,43,146,10,133,0,82,27,52,176,139
LOLTMNT01_246518,LTA S,15.11,128,90,155,58,44,1,1,175,4,10,105
LOLTMNT01_245611,LTA N,15.11,150,100,46,58,82,0,132,103,178,43,129
LOLTMNT01_245618,LTA N,15.11,14,131,125,176,118,0,85,8,156,182,94
LOLTMNT01_245629,LTA N,15.11,163,30,112,104,171,1,57,90,127,4,142
LOLTMNT01_245637,PCS,15.11,46,100,190,142,82,0,150,178,38,132,118
12431-12431_game_1,LPL,15.11,113,57,129,62,4,0,128,150,169,36,20
LOLTMNT01_245638,PCS,15.11,169,139,14,59,103,0,114,8,23,4,36
12431-12431_game_2,LPL,15.11,178,139,14,95,82,0,182,175,1,122,85
LOLTMNT01_246570,PCS,15.11,128,178,85,152,1,1,163,80,129,118,150
12431-12431_game_3,LPL,15.11,181,10,133,156,112,0,64,124,5,131,13
LOLTMNT01_245660,PCS,15.11,57,132,13,56,103,0,46,8,104,170,62
LOLTMNT01_245677,PCS,15.11,132,56,57,40,4,1,128,178,1,36,114
LOLTMNT01_245690,PCS,15.11,85,5,101,74,13,0,46,104,95,175,78
LOLTMNT01_245708,NEXO,15.11,163,170,128,103,171,1,95,169,112,118,2
LOLTMNT06_122364,LEC,15.1,57,32,175,103,49,1,64,113,139,171,122
LOLTMNT01_246656,NEXO,15.11,163,113,14,30,122,1,58,13,141,111,4
LOLTMNT06_122365,LEC,15.1,128,141,129,176,118,0,85,178,101,40,190
LOLTMNT06_122368,LEC,15.1,181,104,36,112,100,0,14,95,90,65,125
LOLTMNT01_245728,NEXO,15.11,27,113,114,1,5,0,122,169,163,190,125
LOLTMNT01_245755,NEXO,15.11,155,169,104,40,30,0,36,131,122,2,110
LOLTMNT01_245769,LRS,15.11,178,182,8,95,122,0,72,139,129,62,4
LOLTMNT01_246725,NEXO,15.11,36,38,1,15,141,0,169,62,150,122,125
LOLTMNT01_246744,CD,15.11,178,5,1,20,36,1,150,169,23,103,132
LOLTMNT01_245785,LRS,15.11,169,1,20,0,27,1,107,82,146,142,125
LOLTMNT01_246748,CD,15.11,128,100,111,176,118,0,131,57,122,2,58
LOLTMNT01_245792,LRS,15.11,113,59,148,112,147,1,132,103,128,150,156
LOLTMNT01_246759,CD,15.11,14,175,139,10,124,0,95,113,82,43,13
LOLTMNT01_246765,LRS,15.11,85,94,141,23,13,1,90,181,43,118,176
LOLTMNT01_246770,LRS,15.11,57,58,100,6,40,0,163,5,80,65,134
LOLTMNT01_245838,PCS,15.11,169,1,132,57,103,1,128,178,146,176,118
12432-12432_game_1,LPL,15.11,182,58,14,122,131,1,113,163,128,13,82
LOLTMNT01_245842,PCS,15.11,46,107,163,129,136,0,5,100,13,4,36
LOLTMNT03_254228,VCS,15.1,46,169,1,132,20,1,128,178,8,58,15
12432-12432_game_2,LPL,15.11,150,64,124,141,5,1,105,169,111,10,133
LOLTMNT03_254234,VCS,15.1,104,175,62,111,139,1,57,100,140,122,40
LOLTMNT01_245852,PCS,15.11,46,85,101,150,114,1,163,104,5,131,181
12432-12432_game_3,LPL,15.11,46,36,65,146,173,1,176,118,129,178,139
LOLTMNT03_255004,VCS,15.1,5,95,103,131,49,0,27,125,82,36,105
LOLTMNT01_246824,PCS,15.11,178,1,56,155,152,1,156,182,146,103,132
12432-12432_game_4,LPL,15.11,125,83,4,62,40,0,85,112,20,107,1
LOLTMNT03_255021,VCS,15.1,46,178,1,176,103,1,5,100,2,118,62
LOLTMNT03_254276,VCS,15.1,57,90,36,65,171,0,104,175,163,60,146
LOLTMNT04_116121,EM,15.11,150,105,175,176,118,0,178,14,182,132,4
LOLTMNT04_117160,EM,15.11,181,131,188,122,182,1,1,95,82,175,43
LOLTMNT04_116120,EM,15.11,128,113,150,62,103,1,46,100,1,58,82
LOLTMNT04_117166,EM,15.11,163,5,178,129,4,1,139,132,181,90,65
LOLTMNT01_245895,NEXO,15.11,181,175,132,171,4,0,104,107,155,60,146
LOLTMNT04_117178,EM,15.11,128,107,155,85,122,0,57,169,2,140,103
LOLTMNT04_117180,EM,15.11,113,85,20,129,23,0,100,95,139,104,49
LOLTMNT04_116127,EM,15.11,171,156,122,59,125,0,178,111,5,118,176
LOLTMNT04_117182,EM,15.11,169,150,62,4,0,1,36,100,40,104,41
LOLTMNT01_245908,NEXO,15.11,122,10,1,156,46,1,150,4,95,178,57
LOLTMNT04_117185,EM,15.11,182,175,146,58,40,1,170,1,125,62,114
LOLTMNT04_116130,EM,15.11,113,95,122,46,14,1,36,82,5,90,2
LOLTMNT04_116135,EM,15.11,113,112,58,37,111,0,178,10,20,56,49
LOLTMNT01_245916,NEXO,15.11,36,114,161,178,49,0,95,122,150,164,170
LOLTMNT04_117186,EM,15.11,163,169,13,0,122,0,49,95,107,5,4
LOLTMNT04_117194,EM,15.11,169,1,60,140,86,1,58,178,150,139,4
LOLTMNT04_116138,EM,15.11,163,113,1,128,114,1,188,100,8,118,170
LOLTMNT04_117192,EM,15.11,169,46,95,1,104,0,128,163,122,90,180
LOLTMNT01_246932,NEXO,15.11,181,9,44,104,178,0,132,46,103,146,156
LOLTMNT04_116144,EM,15.11,54,93,128,103,132,1,1,27,182,114,20
LOLTMNT04_117198,EM,15.11,57,131,103,176,171,1,128,27,20,175,146
LOLTMNT04_117199,EM,15.11,178,5,14,9,103,1,132,156,114,146,174
LOLTMNT01_246956,NEXO,15.11,163,171,122,131,16,0,111,178,4,27,136
LOLTMNT04_117201,EM,15.11,175,59,20,23,40,1,82,60,62,49,52
LOLTMNT01_246972,CD,15.11,128,150,103,95,100,0,85,5,1,94,131
LOLTMNT01_246970,LRN,15.11,104,36,136,156,49,0,60,163,4,175,111
LOLTMNT01_245989,CD,15.11,171,156,139,187,86,0,182,146,74,118,59
LOLTMNT01_246985,LRN,15.11,178,112,122,95,129,0,128,131,82,27,187
LOLTMNT01_247002,CD,15.11,175,122,62,2,112,1,105,58,4,83,181
LOLTMNT01_247015,LRN,15.11,103,9,90,43,171,0,64,124,170,139,146
LOLTMNT01_247016,CD,15.11,57,90,14,27,148,1,10,107,111,125,133
LOLTMNT01_247019,LRN,15.11,169,85,101,142,182,1,176,118,40,54,125
LOLTMNT01_247024,LRN,15.11,58,18,57,93,114,1,133,65,5,181,88
LOLTMNT01_247055,LJL,15.11,113,46,14,36,4,1,178,171,182,10,104
LOLTMNT03_255081,LCK,15.1,150,114,5,62,104,1,139,175,129,36,4
LOLTMNT01_247067,LJL,15.11,104,70,150,58,5,1,83,20,33,10,125
LOLTMNT01_247070,PCS,15.11,113,14,139,62,34,1,128,178,1,142,122
LOLTMNT03_255086,LCK,15.1,128,156,14,163,82,1,112,100,1,58,122
12433-12433_game_1,LPL,15.11,113,128,129,176,118,0,64,124,40,178,14
LOLTMNT01_247080,PCS,15.11,80,180,103,57,8,0,163,104,46,170,13
LOLTMNT01_247082,LJL,15.11,182,166,40,169,177,1,150,56,163,104,156
12433-12433_game_2,LPL,15.11,150,100,46,132,103,1,169,146,13,85,20
LOLTMNT03_255112,VCS,15.1,14,114,163,4,57,1,178,1,58,122,60
LOLTMNT03_254398,LCK,15.1,46,132,103,107,8,0,171,57,22,54,148
LOLTMNT01_248095,PCS,15.11,150,60,173,9,154,1,178,105,132,103,49
LOLTMNT01_247106,LJL,15.11,132,156,46,103,146,1,59,30,41,122,129
LOLTMNT03_254400,VCS,15.1,13,132,20,74,40,1,128,111,169,85,94
12433-12433_game_3,LPL,15.11,114,36,1,112,175,1,95,4,171,57,90
LOLTMNT01_247119,PCS,15.11,169,1,172,85,122,1,46,114,171,36,82
12433-12433_game_4,LPL,15.11,182,83,155,58,134,1,27,122,25,29,180
LOLTMNT01_247134,LJL,15.11,113,85,101,1,56,1,100,176,103,111,71
LOLTMNT03_254416,VCS,15.1,150,107,176,103,136,0,139,113,129,62,124
LOLTMNT01_247161,PCS,15.11,139,64,104,175,111,0,129,182,4,187,80
12433-12433_game_5,LPL,15.11,104,62,141,49,0,1,139,82,32,84,80
LOLTMNT03_254427,VCS,15.1,169,57,1,62,82,0,46,178,146,36,114
LOLTMNT01_248152,LJL,15.11,178,62,103,182,1,0,163,80,124,139,129
LOLTMNT03_254434,VCS,15.1,104,107,58,56,40,0,103,163,5,175,129
LOLTMNT04_117232,EM,15.11,132,46,103,156,111,0,14,178,57,36,4
LOLTMNT04_117233,EM,15.11,163,141,104,128,27,0,64,113,103,139,190
LOLTMNT04_116185,EM,15.11,163,150,113,139,15,0,85,1,101,54,112
LOLTMNT04_116178,EM,15.11,128,132,103,175,1,0,112,95,122,170,8
LOLTMNT04_117245,EM,15.11,122,95,147,107,5,1,27,4,87,100,125
LOLTMNT04_117246,EM,15.11,1,122,100,36,43,1,95,13,82,178,23
LOLTMNT04_116188,EM,15.11,113,1,104,58,5,0,95,171,82,100,60
LOLTMNT04_116189,EM,15.11,57,187,86,190,178,0,44,85,101,14,72
LOLTMNT04_117255,EM,15.11,131,187,86,182,111,1,85,101,112,114,146
LOLTMNT04_116197,EM,15.11,57,131,93,125,82,0,163,1,5,175,122
LOLTMNT04_116195,EM,15.11,128,181,131,176,118,1,178,58,46,2,103
LOLTMNT04_117251,EM,15.11,178,150,95,60,34,0,1,100,105,36,65
LOLTMNT04_117259,EM,15.11,178,58,49,0,18,0,95,156,103,171,181
LOLTMNT04_116204,EM,15.11,163,52,171,182,20,1,129,113,5,122,132
LOLTMNT04_117260,EM,15.11,14,175,128,36,4,0,100,1,40,27,20
LOLTMNT04_116205,EM,15.11,27,175,111,122,139,1,113,58,49,103,134
LOLTMNT04_116206,EM,15.11,150,139,100,22,65,0,190,175,0,85,101
LOLTMNT04_117268,EM,15.11,113,150,155,5,104,0,178,147,25,176,118
LOLTMNT01_247247,LRS,15.11,113,8,182,118,62,0,14,178,98,20,85
LOLTMNT01_248271,LRS,15.11,104,141,1,5,36,1,111,107,82,0,140
LOLTMNT01_248274,CD,15.11,181,83,103,95,5,1,85,131,94,146,125
LOLTMNT01_247266,CD,15.11,163,8,100,139,82,0,178,150,122,36,136
LOLTMNT01_247265,LRS,15.11,100,58,128,103,13,1,163,83,40,122,181
LOLTMNT01_248280,CD,15.11,14,57,175,10,20,0,128,113,58,4,11
LOLTMNT01_247272,LRS,15.11,131,125,49,10,133,0,139,156,150,27,74
LOLTMNT01_247333,LJL,15.11,170,85,94,70,78,1,141,132,20,5,49
12434-12434_game_1,LPL,15.11,14,128,141,27,122,1,113,163,150,112,4
LOLTMNT01_248340,LJL,15.11,113,5,8,58,118,1,57,83,190,115,160
LOLTMNT03_255230,VCS,15.1,113,132,20,129,57,1,128,163,124,170,8
12434-12434_game_2,LPL,15.11,129,46,178,85,20,1,62,175,56,1,103
LOLTMNT01_247359,LJL,15.11,178,76,20,60,132,0,171,175,142,94,112
LOLTMNT03_255234,VCS,15.1,46,178,14,85,4,0,1,56,107,95,122
12434-12434_game_3,LPL,15.11,182,132,82,146,170,1,118,176,139,74,13
LOLTMNT01_247372,LJL,15.11,113,139,85,94,1,1,175,163,0,124,150
12434-12434_game_4,LPL,15.11,36,131,181,184,23,0,65,58,2,54,5
LOLTMNT01_248385,LJL,15.11,100,27,103,139,146,0,29,36,180,118,5
LOLTMNT01_248401,LJL,15.11,20,1,5,141,36,0,46,150,113,58,4
LOLTMNT04_116244,EM,15.11,113,36,82,60,147,0,150,178,4,95,43
LOLTMNT04_117309,EM,15.11,150,132,103,57,131,1,90,95,49,122,139
LOLTMNT04_116241,EM,15.11,128,100,2,27,118,1,111,178,46,58,122
LOLTMNT04_116242,EM,15.11,178,46,163,147,122,1,95,175,43,129,82
LOLTMNT01_248442,NEXO,15.11,128,170,176,20,1,1,40,169,59,122,89
LOLTMNT04_116257,EM,15.11,128,27,141,132,103,0,5,131,171,59,154
LOLTMNT04_116258,EM,15.11,1,176,175,115,5,1,169,14,140,104,139
LOLTMNT04_117322,EM,15.11,150,132,103,60,16,1,36,49,82,125,170
LOLTMNT04_116264,EM,15.11,163,175,129,56,118,0,58,1,170,65,112
LOLTMNT01_247454,NEXO,15.11,136,155,4,93,114,1,27,122,1,182,186
LOLTMNT04_116268,EM,15.11,90,36,122,46,180,1,163,111,139,103,5
LOLTMNT04_116269,EM,15.11,95,40,170,103,0,0,150,169,64,139,152
LOLTMNT04_117332,EM,15.11,113,95,4,23,11,1,163,171,139,44,54
LOLTMNT04_116270,EM,15.11,139,178,14,140,86,0,150,132,25,80,104
LOLTMNT04_117334,EM,15.11,95,20,14,114,182,1,82,85,1,178,56
LOLTMNT01_248489,NEXO,15.11,155,104,139,178,147,0,57,132,103,90,0
LOLTMNT04_116277,EM,15.11,27,52,122,146,125,1,14,178,4,85,182
LOLTMNT04_117337,EM,15.11,113,147,132,174,122,0,150,169,5,62,118
LOLTMNT04_116280,EM,15.11,85,20,93,175,125,1,1,62,103,100,60
LOLTMNT04_116289,EM,15.11,57,142,131,44,49,0,132,175,118,93,60
LOLTMNT01_247502,NEXO,15.11,49,175,104,110,1,0,82,87,120,5,155
LOLTMNT04_117346,EM,15.11,131,46,181,124,176,1,36,141,2,118,71
LOLTMNT04_117349,EM,15.11,181,131,128,103,58,1,104,80,102,27,4
LOLTMNT04_116290,EM,15.11,163,122,40,28,131,1,27,111,4,5,156
LOLTMNT01_248519,NEXO,15.11,122,27,125,113,111,0,5,118,1,62,90
LOLTMNT01_248547,NACL,15.11,163,178,129,112,103,0,169,113,150,57,140
LOLTMNT01_248560,NACL,15.11,111,107,182,142,4,1,155,128,131,56,188
LOLTMNT01_248562,NACL,15.11,132,49,82,44,170,1,59,171,122,105,156
LOLTMNT01_247574,NACL,15.11,27,139,118,181,52,1,36,147,189,30,186
LOLTMNT01_247577,NACL,15.11,58,41,100,172,154,1,9,1,175,136,23
LOLTMNT03_255347,LCP,15.1,128,132,103,90,155,1,150,169,5,64,124
LOLTMNT03_255350,LCP,15.1,107,1,62,104,136,0,176,118,139,178,146
LOLTMNT03_254592,LCP,15.1,14,141,125,58,122,0,8,170,60,95,4
LOLTMNT03_255361,LCP,15.1,113,13,0,163,148,1,27,100,82,40,56
LOLTMNT04_117383,EM,15.11,163,122,93,128,113,1,95,1,82,178,46
LOLTMNT04_116322,EM,15.11,113,93,103,62,43,0,1,175,20,36,71
LOLTMNT04_116324,EM,15.11,1,169,25,64,124,1,100,146,40,62,118
LOLTMNT04_117389,EM,15.11,163,83,27,4,57,0,52,82,171,140,182
LOLTMNT04_117404,EM,15.11,178,49,58,125,82,1,150,169,122,64,112
LOLTMNT04_116339,EM,15.11,85,139,101,111,169,1,175,27,103,0,129
LOLTMNT04_117409,EM,15.11,163,111,178,122,5,0,147,36,82,175,136
LOLTMNT04_116342,EM,15.11,128,122,175,2,58,0,132,103,46,111,156
LOLTMNT01_248731,NEXO,15.11,122,156,5,147,59,1,141,104,125,140,111
LOLTMNT04_117411,EM,15.11,107,147,36,20,139,0,132,83,103,2,42
LOLTMNT04_117412,EM,15.11,181,131,182,122,140,0,93,95,137,139,4
LOLTMNT04_117413,EM,15.11,181,178,128,163,122,0,85,131,101,0,13
LOLTMNT01_247778,NEXO,15.11,122,36,13,141,38,1,93,181,104,175,174
LOLTMNT04_116351,EM,15.11,163,128,155,4,16,1,140,54,129,0,124
LOLTMNT04_116352,EM,15.11,132,82,178,114,49,1,188,103,156,5,180
LOLTMNT04_117418,EM,15.11,104,36,139,6,14,1,10,34,23,175,146
LOLTMNT04_117419,EM,15.11,57,131,46,36,114,1,113,182,13,122,58
LOLTMNT01_247806,NEXO,15.11,181,19,122,9,5,1,52,147,4,146,57
LOLTMNT04_116358,EM,15.11,178,85,171,94,38,0,95,156,104,11,71
LOLTMNT01_247883,NACL,15.11,169,182,1,64,124,1,163,178,139,172,118
LOLTMNT01_247935,NACL,15.11,85,46,20,155,131,0,95,103,128,111,156
LOLTMNT01_247953,NACL,15.11,104,49,22,141,43,1,129,4,58,90,5
LOLTMNT01_250089,LCK,15.11,128,54,129,163,20,1,46,156,40,85,94
LOLTMNT01_249121,LCK,15.11,14,64,124,131,56,0,1,113,182,118,176
LOLTMNT01_249126,LCK,15.11,171,142,103,112,74,0,132,178,139,4,24
12435-12435_game_1,LPL,15.11,1,36,65,175,46,1,64,14,124,100,13
LOLTMNT03_254659,LCP,15.1,14,131,182,58,4,1,150,113,125,132,118
LOLTMNT06_123378,LFL2,15.1,150,178,95,82,5,1,163,100,122,49,182
12435-12435_game_2,LPL,15.11,128,114,95,82,129,1,85,113,60,122,40
LOLTMNT03_254663,HC,15.1,122,90,40,142,181,1,128,163,20,54,14
LOLTMNT03_255429,LCP,15.1,128,178,163,20,146,1,46,90,27,122,95
LOLTMNT06_123380,LFL2,15.1,27,2,139,4,169,1,128,58,40,103,156
12435-12435_game_3,LPL,15.11,163,139,118,27,191,0,4,182,58,83,111
LOLTMNT03_255430,HC,15.1,46,59,141,65,150,1,178,58,104,138,155
LOLTMNT06_122377,LFL2,15.1,136,85,101,155,90,1,86,46,9,141,147
LOLTMNT03_255433,LCP,15.1,104,176,114,0,49,0,62,175,103,111,43
12435-12435_game_4,LPL,15.11,62,5,146,134,156,0,131,57,181,176,15
LOLTMNT03_255438,HC,15.1,113,111,140,182,4,0,27,107,2,139,44
LOLTMNT06_123382,LFL2,15.1,65,74,44,22,112,0,57,83,140,104,171
LOLTMNT03_254671,LCP,15.1,82,36,83,60,142,0,139,22,15,155,191
LOLTMNT03_254673,HC,15.1,131,60,51,64,82,1,36,156,43,93,112
LOLTMNT03_255445,HC,15.1,171,22,175,99,125,0,32,103,173,78,88
LOLTMNT06_122390,LEC,15.1,132,1,46,175,122,0,113,64,129,2,118
LOLTMNT06_122394,LEC,15.1,181,62,104,100,103,1,14,85,101,141,105
LOLTMNT01_249262,LTA S,15.11,169,139,14,176,118,1,150,178,5,163,104
LOLTMNT06_123396,LEC,15.1,128,58,107,171,44,0,163,178,4,155,67
LOLTMNT01_249286,LTA S,15.11,128,171,95,141,122,0,60,129,175,36,4
LOLTMNT06_122396,LEC,15.1,82,83,27,140,139,1,5,36,114,52,142
LOLTMNT01_249315,LTA S,15.11,85,101,25,155,90,0,132,182,103,13,156
LOLTMNT06_123397,LEC,15.1,90,59,18,60,24,1,95,131,146,40,125
LOLTMNT01_249362,LTA N,15.11,163,24,4,25,178,1,129,113,132,182,122
LOLTMNT01_249384,LTA N,15.11,46,85,94,90,27,0,64,124,134,175,8
LOLTMNT01_249398,LTA N,15.11,14,156,125,62,103,1,150,36,105,114,15
LOLTMNT01_249414,LTA N,15.11,100,136,171,20,76,0,5,141,140,146,118
LOLTMNT01_249428,LTA N,15.11,82,188,155,80,44,1,43,131,2,187,86
LOLTMNT01_249476,LCK,15.11,46,131,181,58,122,0,150,156,128,163,4
LOLTMNT01_250305,LCK,15.11,171,175,23,22,99,0,139,178,129,132,148
LOLTMNT01_250311,LCK,15.11,113,8,34,36,71,0,125,1,107,176,118
12436-12436_game_1,LPL,15.11,14,58,122,100,139,1,163,128,114,1,124
LOLTMNT03_255495,LCP,15.1,169,14,182,85,4,1,150,113,125,118,176
12436-12436_game_2,LPL,15.11,129,156,62,4,125,1,181,131,36,118,44
LOLTMNT06_122397,LFL2,15.1,95,114,1,20,125,1,169,132,150,103,128
LOLTMNT03_254731,HC,15.1,178,142,112,150,122,0,131,132,14,136,4
LOLTMNT03_255506,LCP,15.1,104,107,62,139,13,1,64,178,124,1,136
12436-12436_game_3,LPL,15.11,150,178,0,20,155,1,5,113,146,142,82
LOLTMNT06_123399,LFL2,15.1,113,58,46,49,122,1,163,131,28,4,93
LOLTMNT03_255507,HC,15.1,90,10,103,98,86,0,113,85,20,139,146
LOLTMNT03_254735,LCP,15.1,57,36,82,191,27,1,155,83,5,20,10
12436-12436_game_4,LPL,15.11,103,112,27,111,54,1,57,132,148,83,13
LOLTMNT06_122398,LFL2,15.1,85,178,94,40,182,0,82,27,156,171,56
LOLTMNT03_255513,HC,15.1,95,82,156,40,157,1,169,58,104,128,111
LOLTMNT03_254738,LCP,15.1,46,90,181,59,114,1,44,74,8,122,160
LOLTMNT06_123400,LFL2,15.1,14,86,109,155,60,0,141,118,11,187,43
12436-12436_game_5,LPL,15.11,104,22,8,60,107,1,85,141,101,171,38
LOLTMNT03_255515,LCP,15.1,103,95,2,105,30,1,111,22,131,60,48
LOLTMNT06_123414,LEC,15.1,150,175,104,43,64,0,1,178,46,176,118
LOLTMNT01_249593,LTA S,15.11,169,1,95,40,4,0,150,178,128,58,118
LOLTMNT06_122412,LEC,15.1,132,103,156,129,23,0,113,163,122,5,40
LOLTMNT06_123415,LEC,15.1,169,62,4,139,8,1,114,105,20,187,146
LOLTMNT01_249620,LTA S,15.11,163,156,5,111,124,1,139,129,100,122,132
LOLTMNT06_122413,LEC,15.1,82,36,100,60,67,1,59,154,141,111,30
LOLTMNT01_249637,LTA S,15.11,104,62,182,2,175,0,64,103,43,146,114
LOLTMNT01_249647,LTA S,15.11,36,15,113,60,147,0,65,22,131,13,0
LOLTMNT01_250506,LTA N,15.11,14,128,156,132,103,0,163,1,129,54,122
LOLTMNT01_250511,LTA N,15.11,104,178,139,9,86,0,85,131,101,0,111
LOLTMNT01_249686,LTA N,15.11,150,56,62,175,118,1,182,171,114,4,27
LOLTMNT01_249694,LTA N,15.11,100,140,20,57,78,1,36,82,188,170,60
LOLTMNT01_249727,PCS,15.11,169,1,142,20,105,0,150,132,113,82,46
12437-12437_game_1,LPL,15.11,182,175,8,122,58,1,169,128,1,132,4
LOLTMNT01_249733,PCS,15.11,128,178,129,36,103,1,13,58,56,112,118
12437-12437_game_2,LPL,15.11,150,113,57,95,103,1,114,171,36,118,112
LOLTMNT01_250577,PCS,15.11,57,62,104,114,49,0,5,27,4,175,8
12437-12437_game_3,LPL,15.11,64,156,10,25,24,1,139,124,142,129,100
LOLTMNT01_250594,PCS,15.11,40,74,85,44,15,0,125,155,191,95,18
12437-12437_game_4,LPL,15.11,163,23,40,141,34,1,5,82,188,107,27
12437-12437_game_5,LPL,15.11,59,13,20,60,90,1,2,125,131,155,94
LOLTMNT04_116428,EM,15.11,128,58,16,93,4,1,163,181,46,178,103
LOLTMNT04_117486,EM,15.11,128,103,132,156,111,0,40,36,122,175,1
LOLTMNT04_117488,EM,15.11,163,175,111,152,112,1,113,150,95,103,43
LOLTMNT04_116427,EM,15.11,128,163,100,4,150,1,139,178,95,82,1
LOLTMNT01_249799,NEXO,15.11,122,178,49,36,139,0,4,111,169,95,136
LOLTMNT04_117493,EM,15.11,169,150,5,155,104,1,1,100,125,62,15
LOLTMNT04_117495,EM,15.11,57,90,14,124,10,1,122,156,182,2,58
LOLTMNT04_116430,EM,15.11,163,169,104,125,4,1,58,178,118,147,60
LOLTMNT04_117494,EM,15.11,1,178,122,62,23,1,169,85,101,104,56
LOLTMNT01_249813,NEXO,15.11,163,156,129,125,90,1,155,170,8,103,71
LOLTMNT04_116434,EM,15.11,122,95,171,30,139,1,59,111,20,90,43
LOLTMNT04_117500,EM,15.11,1,100,25,140,4,0,163,113,46,93,118
LOLTMNT04_116435,EM,15.11,131,125,82,64,171,0,100,36,136,15,147
LOLTMNT01_249819,NEXO,15.11,113,40,163,103,1,0,128,178,95,118,93
LOLTMNT04_117503,EM,15.11,14,114,58,122,5,1,49,175,36,82,182
LOLTMNT04_116441,EM,15.11,181,131,118,62,43,0,178,122,93,140,88
LOLTMNT04_117505,EM,15.11,52,82,14,85,57,0,95,150,113,4,182
LOLTMNT01_250668,NEXO,15.11,169,5,122,36,171,1,175,139,176,152,145
LOLTMNT04_117506,EM,15.11,128,113,122,181,140,1,46,163,178,82,2
LOLTMNT04_116445,EM,15.11,128,142,103,175,14,1,5,132,82,170,147
LOLTMNT04_117509,EM,15.11,178,85,101,40,56,1,111,27,107,18,43
LOLTMNT04_116446,EM,15.11,46,49,140,175,103,1,171,36,56,100,124
LOLTMNT04_117511,EM,15.11,1,100,36,37,182,0,175,85,146,118,51
LOLTMNT04_117512,EM,15.11,100,146,139,155,65,1,107,1,42,22,101
LOLTMNT04_116452,EM,15.11,104,169,59,139,24,0,132,122,129,30,23
LOLTMNT01_250710,LRN,15.11,163,29,20,139,1,0,36,175,118,125,40
LOLTMNT01_249877,CD,15.11,163,169,128,186,4,1,178,150,36,122,60
LOLTMNT01_249882,LRN,15.11,113,85,13,122,60,0,173,132,82,171,0
LOLTMNT01_249883,CD,15.11,1,139,175,176,118,0,131,57,129,95,114
LOLTMNT01_250730,CD,15.11,107,65,58,125,78,1,14,104,64,126,43
LOLTMNT01_250732,LRN,15.11,150,85,94,131,125,0,163,5,103,69,156
LOLTMNT01_250734,LRN,15.11,46,176,118,170,93,1,100,129,142,4,8
LOLTMNT01_249925,PCS,15.11,46,178,1,85,4,0,169,150,56,176,118
LOLTMNT01_250778,PCS,15.11,182,114,171,58,122,1,14,64,83,125,104
LOLTMNT01_250783,PCS,15.11,113,38,8,59,103,1,175,139,2,22,20
LOLTMNT01_250788,PCS,15.11,163,129,170,71,18,1,36,54,111,43,82
LOLTMNT03_255534,HC,15.1,57,90,128,142,118,0,181,131,93,112,104
LOLTMNT03_255535,HC,15.1,14,178,60,187,86,1,150,122,43,141,59
LOLTMNT03_254774,HC,15.1,113,140,1,115,182,1,85,156,101,2,139
LOLTMNT03_254776,HC,15.1,95,175,82,173,129,1,5,62,20,74,40
LOLTMNT01_251075,LRN,15.11,46,36,175,122,1,0,125,163,131,103,93
LOLTMNT01_250905,LRN,15.11,128,176,69,118,113,1,0,169,2,22,82
LOLTMNT01_251091,LRN,15.11,5,156,150,10,20,0,136,109,142,58,15
LOLTMNT01_250960,PCS,15.11,128,178,132,103,40,0,113,46,1,85,122
12438-12438_game_1,LPL,15.11,14,163,141,20,112,0,128,114,58,4,1
LOLTMNT01_251145,PCS,15.11,169,56,62,129,82,0,182,114,176,18,8
12438-12438_game_2,LPL,15.11,182,129,170,27,122,0,36,156,25,82,8
LOLTMNT01_251148,PCS,15.11,57,54,36,24,152,0,171,58,4,170,105
12438-12438_game_3,LPL,15.11,139,22,65,178,146,0,85,175,101,105,13
LOLTMNT04_117534,EM,15.11,163,178,46,104,1,0,128,113,58,118,146
LOLTMNT01_252033,NEXO,15.11,155,83,139,60,4,0,44,100,116,49,99
LOLTMNT04_116479,EM,15.11,163,14,100,139,104,1,113,132,2,122,5
LOLTMNT01_251220,NEXO,15.11,163,178,118,189,59,0,136,95,156,150,15
LOLTMNT04_117541,EM,15.11,36,169,82,43,129,1,132,90,148,182,2
LOLTMNT04_117542,EM,15.11,169,186,62,40,182,0,150,178,176,103,56
LOLTMNT04_117543,EM,15.11,103,62,170,125,8,1,122,175,93,85,60
LOLTMNT01_252066,NEXO,15.11,128,169,58,103,2,1,44,163,122,93,36
LOLTMNT04_117544,EM,15.11,57,36,4,52,155,1,128,90,180,140,20
LOLTMNT04_116486,EM,15.11,95,0,141,49,4,1,27,131,20,56,171
LOLTMNT01_251256,NEXO,15.11,57,132,82,171,178,1,95,105,118,111,156
LOLTMNT01_251288,LRN,15.11,113,176,118,40,1,1,36,173,82,128,27
LOLTMNT01_251300,LRN,15.11,163,107,111,103,139,0,57,58,29,4,60
LOLTMNT01_251304,LRN,15.11,125,131,20,150,59,1,10,162,124,30,93
LOLTMNT01_252129,LRN,15.11,122,62,169,138,168,1,187,114,170,5,65
LOLTMNT01_252132,LRN,15.11,100,64,144,171,25,1,85,90,101,129,23
LOLTMNT01_251388,VCS,15.11,46,169,1,176,118,1,128,175,62,40,103
LOLTMNT01_252222,VCS,15.11,150,156,58,122,5,1,129,178,140,125,114
LOLTMNT01_251429,VCS,15.11,132,20,83,136,155,1,171,141,139,124,64
LOLTMNT01_251452,VCS,15.11,163,156,23,118,40,1,139,85,20,74,1
LOLTMNT01_251464,VCS,15.11,128,64,124,107,111,0,60,178,32,18,146
LOLTMNT04_116509,EM,15.11,95,122,14,139,170,0,150,36,4,178,25
LOLTMNT04_117566,EM,15.11,1,25,100,4,62,0,147,113,40,118,155
LOLTMNT01_251484,NEXO,15.11,150,74,58,139,103,1,49,113,136,122,59
LOLTMNT04_116516,EM,15.11,128,64,124,175,146,0,112,85,101,1,156
LOLTMNT04_116515,EM,15.11,178,85,101,158,173,1,163,122,169,177,136
LOLTMNT01_251496,NEXO,15.11,163,169,60,104,40,1,5,93,156,146,15
LOLTMNT04_116517,EM,15.11,132,104,131,5,40,1,27,100,82,105,11
LOLTMNT04_117573,EM,15.11,139,187,86,41,90,0,156,27,75,18,172
LOLTMNT01_252329,NEXO,15.11,95,83,118,51,25,1,178,132,37,43,168
LOLTMNT02_274172,LRN,15.12,169,187,185,147,86,0,163,131,129,4,0
LOLTMNT02_274187,LRN,15.12,113,36,13,103,56,0,175,176,40,122,25
LOLTMNT02_274192,LRN,15.12,93,43,170,118,62,0,171,30,59,82,173
LOLTMNT02_274194,LRN,15.12,191,58,65,139,51,1,10,109,76,133,136
LOLTMNT01_251602,LCK,15.11,150,178,46,58,103,0,128,14,114,163,122
12439-12439_game_1,LPL,15.11,114,1,182,58,122,0,128,36,8,4,186
LOLTMNT01_252424,LCK,15.11,156,139,129,36,65,0,64,124,1,54,23
LOLTMNT01_251624,VCS,15.11,113,128,129,85,20,1,1,114,0,58,107
12439-12439_game_2,LPL,15.11,46,131,181,62,136,1,13,175,56,82,176
LOLTMNT01_252430,LCK,15.11,104,141,62,60,13,1,56,131,146,27,82
LOLTMNT01_252433,VCS,15.11,57,156,95,13,118,0,139,100,104,163,171
12439-12439_game_3,LPL,15.11,64,105,14,54,144,0,139,124,10,113,171
LOLTMNT01_252434,LCK,15.11,181,90,182,59,86,0,158,4,132,25,80
LOLTMNT01_251647,VCS,15.11,46,178,104,2,62,0,163,105,115,1,175
12439-12439_game_4,LPL,15.11,104,169,5,27,129,0,57,163,178,65,24
LOLTMNT01_252445,LCK,15.11,57,176,118,83,43,0,85,175,20,0,190
LOLTMNT01_251652,VCS,15.11,36,131,181,118,128,0,140,129,170,122,134
LOLTMNT04_117590,EM,15.11,14,60,156,27,103,0,128,113,1,85,20
LOLTMNT04_116540,EM,15.11,181,131,46,122,58,1,95,13,24,72,20
LOLTMNT04_117595,EM,15.11,178,142,118,5,2,1,132,122,46,170,129
LOLTMNT04_117596,EM,15.11,150,169,36,118,125,0,178,49,140,5,86
LOLTMNT04_116543,EM,15.11,150,175,139,64,124,1,49,90,58,82,38
LOLTMNT04_117597,EM,15.11,139,171,9,30,124,0,59,23,111,175,94
LOLTMNT04_117599,EM,15.11,103,100,155,56,78,1,132,1,137,82,50
LOLTMNT01_252598,LCK,15.11,139,178,171,27,34,0,104,129,112,64,175
LOLTMNT01_252614,LCK,15.11,46,58,107,2,118,1,128,163,1,4,54
LOLTMNT02_274401,LJL,15.12,5,104,163,56,1,1,125,150,40,140,24
LOLTMNT01_252626,LCK,15.11,150,182,131,82,36,0,14,141,125,85,15
LOLTMNT02_275363,LJL,15.12,20,80,85,13,0,1,10,46,122,2,75
12440-12440_game_1,LPL,15.11,46,169,13,27,122,1,131,128,181,85,20
LOLTMNT01_251863,LCK,15.11,5,113,13,176,20,0,158,156,23,122,188
LOLTMNT01_252641,VCS,15.11,113,150,36,134,4,1,46,107,13,58,103
12440-12440_game_2,LPL,15.11,150,114,5,82,95,0,139,113,129,103,58
LOLTMNT02_275376,LJL,15.12,113,150,128,9,4,1,129,156,139,132,122
LOLTMNT01_252642,VCS,15.11,169,163,1,124,128,0,27,52,122,85,112
12440-12440_game_3,LPL,15.11,57,36,65,141,146,1,175,8,112,140,94
LOLTMNT02_275398,LJL,15.12,46,114,14,58,20,0,85,80,171,43,118
LOLTMNT01_251882,VCS,15.11,128,58,103,146,170,0,129,163,178,20,2
12440-12440_game_4,LPL,15.11,163,124,40,186,56,1,118,156,176,43,24
LOLTMNT01_252663,VCS,15.11,57,132,4,8,156,0,150,139,169,36,82
LOLTMNT04_117613,EM,15.11,150,187,86,100,112,1,131,85,101,147,0
LOLTMNT04_116561,EM,15.11,163,175,111,60,103,1,36,113,139,78,82
LOLTMNT01_252687,CT,15.11,100,36,46,103,166,1,186,163,57,93,82
LOLTMNT01_251918,CT,15.11,163,54,111,4,139,0,58,128,122,78,100
LOLTMNT04_117616,EM,15.11,128,95,141,27,4,0,36,139,82,156,129
LOLTMNT04_117617,EM,15.11,14,156,56,122,27,1,178,1,5,58,118
LOLTMNT01_251939,LTA S,15.11,169,1,58,118,43,0,150,163,178,139,124
LOLTMNT01_252710,CT,15.11,169,122,95,5,147,1,178,104,176,93,112
LOLTMNT04_116566,EM,15.11,131,125,171,9,86,0,64,90,49,105,154
LOLTMNT04_117619,EM,15.11,113,62,104,60,146,0,175,49,103,136,140
LOLTMNT01_251949,LTA S,15.11,129,170,182,36,4,0,175,111,56,95,122
LOLTMNT01_252715,CT,15.11,163,175,20,60,1,1,122,169,62,125,129
LOLTMNT01_251950,CT,15.11,95,87,104,170,125,1,58,147,122,178,46
LOLTMNT04_116569,EM,15.11,65,141,22,38,40,1,107,104,95,0,129
LOLTMNT04_116570,EM,15.11,111,122,43,170,132,1,171,178,142,5,189
LOLTMNT01_251954,LTA S,15.11,46,65,10,40,100,0,104,5,62,8,107
LOLTMNT01_252720,CT,15.11,49,175,93,182,154,0,163,169,40,122,5
LOLTMNT01_251959,LTA S,15.11,13,142,82,141,60,1,103,132,146,125,114
LOLTMNT01_251963,CT,15.11,100,95,104,13,136,1,113,155,37,49,57
LOLTMNT01_251967,CT,15.11,104,95,170,87,23,0,163,103,105,171,125
LOLTMNT01_252738,LTA N,15.11,150,114,122,125,188,1,113,132,103,111,25
LOLTMNT01_252741,LTA N,15.11,14,62,104,0,141,0,163,175,146,139,15
LOLTMNT01_252745,LTA N,15.11,181,40,90,36,65,1,13,128,156,64,124
LOLTMNT01_252766,LCK,15.11,169,1,57,95,122,0,46,104,64,175,146
LOLTMNT01_253007,LCK,15.11,139,178,171,58,103,0,129,163,113,114,5
LOLTMNT02_275944,LJL,15.12,128,156,171,62,4,1,40,178,2,85,118
LOLTMNT01_252771,LCK,15.11,8,176,118,60,80,1,105,85,20,40,43
LOLTMNT02_275947,LJL,15.12,169,187,1,0,122,1,170,58,8,114,43
LOLTMNT01_252784,VCS,15.11,46,178,129,85,20,1,105,36,122,90,27
LOLTMNT02_275956,LJL,15.12,178,122,85,60,146,0,5,20,10,128,13
LOLTMNT01_252785,VCS,15.11,150,104,64,114,25,1,169,182,1,132,103
LOLTMNT02_275971,LJL,15.12,187,170,4,1,56,0,169,103,155,46,51
LOLTMNT01_253014,VCS,15.11,128,141,14,59,118,0,175,62,60,11,34
LOLTMNT02_274815,LJL,15.12,62,44,114,34,38,1,125,176,104,80,40
LOLTMNT01_253018,VCS,15.11,107,176,4,147,125,1,13,95,82,170,44
LOLTMNT01_252797,VCS,15.11,139,80,78,155,136,0,23,156,188,180,134
LOLTMNT01_253032,CT,15.11,113,163,104,125,87,1,175,36,65,5,129
LOLTMNT03_255617,HC,15.1,113,122,59,136,158,0,131,95,181,118,46
LOLTMNT01_252809,CT,15.11,150,113,132,20,60,0,58,1,170,118,139
LOLTMNT01_252834,CT,15.11,122,27,57,83,165,0,4,95,14,141,38
LOLTMNT03_255618,HC,15.1,178,111,155,128,4,1,175,132,147,82,182
LOLTMNT01_253050,CT,15.11,100,10,111,23,4,0,30,85,82,1,56
LOLTMNT01_252835,ROL,15.11,178,62,84,5,122,1,156,13,140,49,4
LOLTMNT01_252836,LTA S,15.11,104,1,36,139,169,0,150,178,58,4,23
LOLTMNT01_253053,CT,15.11,90,176,118,171,57,0,155,131,49,86,51
LOLTMNT01_252837,CT,15.11,169,93,103,9,112,0,90,171,148,140,23
LOLTMNT01_253055,ROL,15.11,54,163,40,60,111,0,113,1,82,85,43
LOLTMNT01_253056,LTA S,15.11,128,114,14,155,122,0,40,175,8,132,82
LOLTMNT03_254850,HC,15.1,100,93,139,15,27,0,141,85,30,53,89
LOLTMNT01_252840,ROL,15.11,171,95,182,15,80,1,147,59,94,139,185
LOLTMNT01_253063,LTA S,15.11,163,5,20,141,111,0,180,118,131,0,2
LOLTMNT01_252842,CT,15.11,163,178,5,124,111,1,95,169,122,174,171
LOLTMNT01_252841,CT,15.11,150,10,5,90,18,1,111,156,114,58,104
LOLTMNT03_255622,HC,15.1,90,57,163,124,7,0,173,104,5,140,150
LOLTMNT01_252843,ROL,15.11,57,14,141,187,118,0,58,188,30,46,146
LOLTMNT01_252844,CT,15.11,104,155,13,1,107,0,132,46,103,90,146
LOLTMNT01_252845,CT,15.11,122,1,169,163,139,1,14,178,148,95,0
LOLTMNT01_252846,ROL,15.11,27,52,152,134,168,0,175,20,132,125,93
LOLTMNT03_255627,HC,15.1,156,36,1,189,75,1,170,10,20,39,25
LOLTMNT01_252851,CT,15.11,175,129,27,136,101,1,59,131,4,24,23
LOLTMNT01_253072,CT,15.11,150,141,36,57,20,1,49,114,58,82,139
LOLTMNT01_253074,LTA N,15.11,14,62,104,125,131,1,163,175,146,122,128
LOLTMNT01_253075,LTA N,15.11,181,90,5,36,65,1,8,156,0,85,101
LOLTMNT01_253076,LTA N,15.11,129,139,142,118,178,0,132,114,111,4,43
LOLTMNT01_253078,LTA N,15.11,150,27,103,107,25,1,113,13,57,20,155
LOLTMNT01_252856,LTA N,15.11,64,54,124,49,60,0,22,171,34,72,44
LOLTMNT01_253090,PCS,15.11,169,132,49,57,103,0,114,129,60,36,82
LOLTMNT01_252864,PCS,15.11,150,85,20,175,5,0,178,4,1,62,23
LOLTMNT01_252867,PCS,15.11,104,139,64,90,171,1,56,131,95,18,146
LOLTMNT05_137130,EM,15.12,163,182,150,4,170,1,58,44,1,156,15
LOLTMNT05_137137,EM,15.12,14,57,114,122,27,0,100,36,150,5,103
LOLTMNT01_253108,CT,15.11,113,1,10,2,118,1,14,131,36,46,65
LOLTMNT01_252883,CT,15.11,122,146,95,136,175,1,132,4,171,141,46
LOLTMNT01_252881,CT,15.11,113,146,122,139,140,0,1,163,169,118,136
LOLTMNT01_253110,CT,15.11,104,95,5,175,13,0,163,170,82,57,40
LOLTMNT01_253111,CT,15.11,90,27,156,171,162,0,178,95,103,147,0
LOLTMNT05_137140,EM,15.12,14,95,122,0,178,0,25,49,20,155,175
LOLTMNT01_252886,CT,15.11,27,83,4,125,36,1,100,95,103,46,186
LOLTMNT01_253113,CT,15.11,170,93,104,118,43,1,163,90,103,36,49
LOLTMNT01_253114,CT,15.11,150,176,118,100,139,1,169,122,111,59,46
LOLTMNT05_137142,EM,15.12,85,101,158,5,107,0,9,86,40,80,28
LOLTMNT01_252889,CT,15.11,82,30,142,175,49,1,4,141,38,59,129
LOLTMNT05_137147,EM,15.12,36,136,82,30,129,0,187,114,118,56,24
LOLTMNT05_137148,EM,15.12,1,141,0,58,90,1,62,175,125,158,15
LOLTMNT01_252894,CT,15.11,163,113,82,14,2,1,93,122,46,54,95
LOLTMNT01_252895,CT,15.11,46,27,141,114,49,0,128,169,62,118,111
LOLTMNT05_138131,EM,15.12,173,140,189,74,94,1,27,131,146,104,22
LOLTMNT02_277053,LRS,15.12,169,13,36,4,139,0,178,150,176,122,5
LOLTMNT01_253122,CT,15.11,169,15,36,5,146,1,175,118,140,1,170
LOLTMNT01_253123,CT,15.11,163,4,139,70,13,0,132,122,0,83,14
LOLTMNT01_253124,CT,15.11,181,52,103,147,60,1,125,131,104,155,25
LOLTMNT02_277070,LRS,15.12,104,107,111,27,136,1,65,58,129,54,25
LOLTMNT02_276571,CD,15.12,163,131,150,103,125,1,90,36,57,122,93
LOLTMNT02_276591,CD,15.12,113,8,56,187,118,1,175,129,60,58,82
LOLTMNT02_276589,LRS,15.12,14,169,125,20,95,0,178,1,112,176,118
LOLTMNT02_277095,LRS,15.12,180,44,115,164,98,1,139,132,148,156,2
LOLTMNT02_277101,CD,15.12,163,169,46,1,118,0,182,107,111,36,40
LOLTMNT02_276619,CD,15.12,113,128,8,4,142,1,95,175,5,150,133
LOLTMNT01_253141,PCS,15.11,169,104,64,168,105,0,182,100,13,27,4
LOLTMNT01_252918,PCS,15.11,128,114,129,58,122,0,175,5,24,163,103
LOLTMNT01_253148,PCS,15.11,46,118,176,8,80,1,172,36,18,186,158
LOLTMNT05_137166,EM,15.12,178,95,46,158,103,0,128,163,175,150,4
LOLTMNT05_137164,EM,15.12,14,113,139,85,101,1,163,181,128,122,175
LOLTMNT01_252945,CT,15.11,100,1,118,62,139,1,107,111,44,90,163
LOLTMNT01_253176,CT,15.11,132,169,122,139,1,0,142,103,178,14,30
LOLTMNT05_138153,EM,15.12,36,141,14,82,0,1,62,100,1,104,23
LOLTMNT01_253182,CT,15.11,163,82,171,175,60,0,93,15,181,52,56
LOLTMNT05_137169,EM,15.12,36,156,147,118,25,1,187,178,111,125,103
LOLTMNT01_252952,CT,15.11,122,104,142,170,136,1,4,95,129,169,110
LOLTMNT05_137171,EM,15.12,122,170,176,13,125,0,111,27,20,80,56
LOLTMNT01_252953,CT,15.11,170,124,10,146,112,0,118,95,29,111,110
LOLTMNT05_138158,EM,15.12,27,90,56,176,20,1,155,170,71,4,62
LOLTMNT01_252954,CT,15.11,155,54,114,14,86,1,58,83,181,124,46
LOLTMNT05_137175,EM,15.12,5,156,2,106,132,1,57,131,129,187,86
LOLTMNT05_138162,EM,15.12,1,59,86,43,80,1,140,65,54,93,5
LOLTMNT01_252961,CT,15.11,60,147,175,5,65,1,156,85,101,125,13
LOLTMNT01_252964,CT,15.11,59,171,141,152,189,0,178,187,103,2,43
LOLTMNT02_276751,LRS,15.12,14,176,90,110,122,0,169,150,128,10,4
LOLTMNT02_276754,LRS,15.12,178,46,85,181,94,0,104,156,56,22,2
LOLTMNT02_276762,LRS,15.12,100,13,139,124,64,1,150,176,118,107,30
LOLTMNT02_277351,LRS,15.12,178,1,125,155,115,1,113,129,44,36,65
LOLTMNT02_276765,CD,15.12,163,131,14,4,56,1,58,90,93,82,60
LOLTMNT02_276777,LRS,15.12,169,146,5,140,4,1,1,170,36,82,23
LOLTMNT02_276779,CD,15.12,113,142,122,128,147,0,132,103,175,8,112
LOLTMNT02_277373,LRS,15.12,175,9,82,172,139,1,132,19,20,13,28
LOLTMNT02_277384,CD,15.12,107,86,187,146,125,0,176,118,169,1,161
LOLTMNT02_277389,CD,15.12,150,36,65,43,52,0,10,20,13,30,181
LOLTMNT01_252984,PCS,15.11,60,129,104,132,114,0,171,56,38,23,51
LOLTMNT01_253204,PCS,15.11,169,139,1,58,177,0,178,163,124,136,146
LOLTMNT01_252988,PCS,15.11,175,176,118,161,111,0,8,107,125,122,64
LOLTMNT01_253216,CT,15.11,163,170,20,139,129,0,1,62,118,107,136
LOLTMNT05_138191,EM,15.12,147,58,169,4,72,1,163,14,170,82,23
LOLTMNT01_252999,CT,15.11,150,103,175,95,57,1,49,178,132,90,182
LOLTMNT05_137194,EM,15.12,100,36,128,103,129,0,175,27,40,49,20
LOLTMNT01_254003,CT,15.11,111,86,187,125,83,1,27,4,147,114,186
LOLTMNT05_138194,EM,15.12,178,62,104,5,93,0,1,80,44,140,65
LOLTMNT01_254005,CT,15.11,169,155,14,112,65,0,52,82,176,171,134
LOLTMNT02_278079,LRS,15.12,113,13,62,82,139,1,178,129,103,95,98
LOLTMNT02_278088,LRS,15.12,169,1,58,18,46,0,74,10,40,133,56
LOLTMNT02_277810,CD,15.12,169,78,163,114,0,1,90,150,130,4,5
LOLTMNT02_277818,LRS,15.12,155,132,148,19,0,1,107,5,128,118,140
LOLTMNT02_277819,CD,15.12,113,139,187,49,122,1,95,175,103,134,129
LOLTMNT02_277825,LRS,15.12,27,191,187,4,182,1,156,36,14,122,105
LOLTMNT02_277831,CD,15.12,141,182,93,10,133,0,57,156,27,148,46
LOLTMNT02_277840,CD,15.12,131,56,82,181,66,1,178,128,20,1,9
LOLTMNT05_137307,EM,15.12,150,175,36,40,82,1,113,163,128,111,4
LOLTMNT05_137311,EM,15.12,100,146,95,5,103,1,147,178,139,122,85
LOLTMNT05_137314,EM,15.12,156,176,118,43,49,1,83,27,20,0,57
LOLTMNT05_138282,EM,15.12,14,131,56,18,58,0,1,25,80,59,90
LOLTMNT02_279380,CD,15.12,163,169,1,103,51,1,107,58,13,57,34
LOLTMNT02_279395,CD,15.12,93,52,56,10,20,1,181,131,128,82,36
LOLTMNT02_279400,NACL,15.12,163,139,122,2,175,1,188,131,82,181,25
LOLTMNT02_278383,CD,15.12,113,150,125,114,142,1,175,43,78,59,189
LOLTMNT02_279408,NACL,15.12,113,0,171,176,118,0,178,64,111,43,128
LOLTMNT02_279421,CD,15.12,5,118,32,46,54,1,0,95,111,133,74
LOLTMNT02_279425,NACL,15.12,14,175,118,62,46,0,181,131,103,132,56
LOLTMNT02_279429,NACL,15.12,85,90,101,43,155,1,187,141,86,0,146
LOLTMNT02_278396,NACL,15.12,163,82,54,111,28,0,27,104,5,107,40
LOLTMNT01_254048,VCS,15.11,14,36,82,178,105,0,150,58,175,122,30
LOLTMNT01_253260,VCS,15.11,169,1,27,15,57,0,129,114,176,4,5
LOLTMNT01_253263,VCS,15.11,85,139,103,171,170,0,128,156,181,62,134
LOLTMNT01_254053,VCS,15.11,46,95,54,133,13,0,182,22,20,100,172
LOLTMNT01_253270,VCS,15.11,107,2,56,187,86,0,10,146,141,60,78
LOLTMNT02_278795,CD,15.12,113,150,139,4,59,1,57,131,38,142,82
LOLTMNT02_278813,CD,15.12,163,169,1,56,124,1,178,58,14,122,60
LOLTMNT02_279889,NACL,15.12,14,141,0,163,103,0,171,125,72,27,122
LOLTMNT02_278818,NACL,15.12,85,101,171,112,54,0,113,111,128,22,87
LOLTMNT02_278826,CD,15.12,95,20,175,5,49,0,132,103,129,83,0
LOLTMNT02_278827,NACL,15.12,113,176,118,93,5,1,175,10,1,133,182
LOLTMNT02_279897,NACL,15.12,27,90,125,187,86,0,176,118,139,107,49
LOLTMNT02_279908,CD,15.12,27,90,125,18,13,1,85,101,128,156,24
LOLTMNT02_278841,NACL,15.12,56,60,140,65,147,1,128,36,4,100,49
LOLTMNT02_279914,NACL,15.12,14,163,114,5,122,1,169,36,65,188,136
LOLTMNT02_280028,LJL,15.12,178,46,22,171,103,1,141,85,128,163,122
LOLTMNT02_278996,LJL,15.12,80,176,118,125,1,1,114,82,36,182,2
LOLTMNT01_253299,VCS,15.11,113,85,20,1,128,0,163,150,118,141,5
LOLTMNT02_281039,LJL,15.12,170,62,104,78,43,0,0,86,9,100,89
LOLTMNT01_253301,VCS,15.11,104,175,2,58,60,1,107,146,62,4,161
LOLTMNT01_253303,VCS,15.11,129,169,36,134,122,1,147,139,176,103,170
LOLTMNT05_137439,EM,15.12,25,178,1,187,86,1,169,40,150,176,18
LOLTMNT05_138397,EM,15.12,14,85,101,175,136,0,49,170,58,118,173
LOLTMNT05_138398,EM,15.12,163,56,111,112,103,0,27,156,122,177,75
LOLTMNT02_280343,NACL,15.12,27,176,118,131,128,0,169,163,103,171,40
LOLTMNT02_281304,NACL,15.12,113,36,65,2,125,1,178,104,58,49,98
LOLTMNT02_281317,NACL,15.12,14,156,122,5,142,0,181,90,4,132,134
LOLTMNT02_281328,NACL,15.12,128,131,181,36,82,1,90,5,27,150,10
LOLTMNT02_280386,NACL,15.12,169,59,122,93,125,0,176,118,175,1,136
LOLTMNT02_280399,Asia Master,15.12,158,105,57,176,118,1,80,146,139,104,22
LOLTMNT02_281359,Asia Master,15.12,57,178,8,155,122,1,128,9,156,1,4
LOLTMNT02_280435,Asia Master,15.12,46,176,118,126,150,1,128,178,1,187,86
LOLTMNT02_281373,Asia Master,15.12,128,80,150,176,118,1,5,178,8,36,65
LOLTMNT02_280456,Asia Master,15.12,129,80,46,163,122,0,150,175,172,85,20
LOLTMNT02_281395,Asia Master,15.12,169,0,129,27,122,1,128,178,111,95,4
LOLTMNT02_281417,Asia Master,15.12,178,186,128,9,122,0,150,80,5,132,4
LOLTMNT02_280479,Asia Master,15.12,178,139,163,1,20,1,80,57,187,4,13
LOLTMNT02_280504,Asia Master,15.12,150,169,60,9,124,0,8,170,139,85,103
LOLTMNT02_281452,Asia Master,15.12,113,163,8,128,122,0,1,175,58,82,5
LOLTMNT02_280536,Asia Master,15.12,169,150,46,36,114,1,175,180,13,1,104
LOLTMNT02_281484,Asia Master,15.12,169,46,150,64,124,1,175,8,36,57,114
LOLTMNT02_280565,Asia Master,15.12,80,56,158,4,62,1,178,58,139,1,122
LOLTMNT01_254103,VCS,15.11,46,178,58,14,20,0,163,175,56,122,146
LOLTMNT02_281507,Asia Master,15.12,46,178,1,36,122,1,14,128,175,163,103
LOLTMNT01_254105,VCS,15.11,104,36,100,134,129,1,115,62,182,90,5
LOLTMNT01_254106,VCS,15.11,128,141,181,85,82,0,60,27,191,125,103
LOLTMNT01_253338,VCS,15.11,150,95,114,0,4,0,1,10,107,34,110
LOLTMNT02_280832,NACL,15.12,181,141,128,36,82,0,93,131,125,122,140
LOLTMNT02_281767,NACL,15.12,113,150,139,132,103,0,10,175,1,112,133
LOLTMNT02_280849,NACL,15.12,14,58,90,0,44,1,163,78,178,4,98
LOLTMNT02_281782,NACL,15.12,169,5,49,59,86,0,40,155,74,60,104
LOLTMNT02_281788,NACL,15.12,27,25,54,146,65,1,182,80,62,158,156
LOLTMNT02_281800,Asia Master,15.12,150,126,60,58,82,0,128,129,156,64,124
LOLTMNT02_281801,Asia Master,15.12,80,156,24,103,36,0,129,175,46,85,122
LOLTMNT02_281809,Asia Master,15.12,8,170,5,36,122,0,128,14,141,163,4
LOLTMNT02_280882,Asia Master,15.12,163,56,131,1,122,1,46,178,58,150,103
LOLTMNT02_281820,Asia Master,15.12,113,128,181,62,103,0,150,178,0,4,85
LOLTMNT02_280892,Asia Master,15.12,178,176,118,112,8,1,169,128,150,59,20
LOLTMNT02_280896,Asia Master,15.12,14,178,5,82,140,1,158,56,125,188,103
LOLTMNT02_280900,Asia Master,15.12,139,176,118,175,111,1,38,156,158,132,4
LOLTMNT02_281853,Asia Master,15.12,80,64,124,1,56,1,178,14,139,27,34
LOLTMNT02_281862,Asia Master,15.12,46,36,80,1,15,0,57,141,62,122,146
LOLTMNT02_280910,Asia Master,15.12,80,1,36,5,118,1,54,85,20,13,125
LOLTMNT02_281876,Asia Master,15.12,128,1,80,27,20,1,0,156,14,85,118
LOLTMNT02_281877,Asia Master,15.12,8,5,169,58,65,0,113,171,125,124,64
LOLTMNT02_281896,Asia Master,15.12,13,156,163,103,134,0,131,51,36,49,5
LOLTMNT02_281903,Asia Master,15.12,150,46,156,176,103,1,178,14,172,118,58
LOLTMNT02_282134,Asia Master,15.12,113,163,13,124,128,0,150,169,118,85,60
LOLTMNT02_283152,Asia Master,15.12,57,114,14,64,104,1,112,80,2,49,32
LOLTMNT02_283163,Asia Master,15.12,113,128,36,103,155,0,150,178,46,4,140
LOLTMNT02_282141,Asia Master,15.12,158,46,156,176,118,1,163,139,146,100,103
LOLTMNT02_282154,Asia Master,15.12,14,114,163,122,60,0,56,146,58,103,131
LOLTMNT02_282162,Asia Master,15.12,169,36,1,90,5,0,80,163,14,118,0
LOLTMNT02_283205,Asia Master,15.12,1,176,182,156,20,1,169,150,139,103,163
LOLTMNT02_283204,Asia Master,15.12,57,80,1,187,118,0,150,156,46,176,103
LOLTMNT02_282199,Asia Master,15.12,169,1,4,163,80,0,178,150,36,118,60
LOLTMNT02_283227,Asia Master,15.12,169,128,1,85,101,1,178,64,104,182,146
LOLTMNT02_283229,Asia Master,15.12,80,46,158,27,122,0,178,128,150,85,34
LOLTMNT02_282223,Asia Master,15.12,113,1,0,58,82,1,150,128,169,95,122
LOLTMNT02_283236,Asia Master,15.12,80,128,58,15,78,1,163,104,90,60,27
LOLTMNT02_283264,Asia Master,15.12,182,156,146,122,176,1,139,175,1,118,142
LOLTMNT02_283265,Asia Master,15.12,178,4,13,142,40,0,129,46,114,132,186
LOLTMNT02_282469,Asia Master,15.12,5,175,1,118,176,0,128,85,129,4,100
LOLTMNT02_283539,Asia Master,15.12,113,128,24,176,118,0,129,56,5,85,15
LOLTMNT02_283553,Asia Master,15.12,14,60,178,140,118,0,128,1,175,36,4
LOLTMNT02_283603,Asia Master,15.12,80,176,118,5,40,0,141,62,122,139,38
LOLTMNT02_283640,Asia Master,15.12,178,171,5,62,122,1,80,93,23,146,115
LOLTMNT02_282597,Asia Master,15.12,46,178,146,36,122,0,169,172,150,176,118
LOLTMNT02_282600,Asia Master,15.12,178,176,118,139,84,1,1,128,141,64,124
LOLTMNT02_282621,Asia Master,15.12,113,176,118,146,139,0,57,158,105,4,140
LOLTMNT02_282625,Asia Master,15.12,169,1,46,62,122,1,150,107,118,43,36
LOLTMNT02_282658,Asia Master,15.12,46,178,65,4,142,0,56,85,128,40,152
LOLTMNT02_283702,Asia Master,15.12,178,139,14,58,118,0,57,8,80,4,142
LOLTMNT02_283945,Asia Master,15.12,169,128,14,85,103,1,1,175,5,4,62
LOLTMNT02_282788,Asia Master,15.12,46,80,158,58,82,0,129,56,178,163,122
LOLTMNT02_282802,Asia Master,15.12,128,80,1,27,20,0,14,156,139,85,101
LOLTMNT02_283967,Asia Master,15.12,150,156,57,118,132,0,163,178,182,4,111
LOLTMNT02_283971,Asia Master,15.12,128,175,13,62,103,0,169,36,171,122,60
LOLTMNT02_283972,Asia Master,15.12,150,182,100,104,62,0,129,178,56,58,4
LOLTMNT02_282874,NEXO,15.12,100,111,163,104,139,0,114,27,15,188,38
LOLTMNT02_284042,NEXO,15.12,49,175,65,5,14,0,93,113,122,112,187
LOLTMNT02_282895,NEXO,15.12,163,15,136,178,13,1,95,5,103,100,78
LOLTMNT02_282899,NEXO,15.12,178,187,122,139,150,1,156,93,4,44,27
LOLTMNT02_282912,NEXO,15.12,141,163,182,133,49,0,161,27,51,65,93
LOLTMNT02_284070,NEXO,15.12,59,52,122,5,1,0,178,93,186,112,103
LOLTMNT03_258379,MSI,15.13,150,178,0,106,118,1,1,169,62,174,114
LOLTMNT03_257393,MSI,15.13,163,90,4,56,27,1,129,175,36,122,60
LOLTMNT03_257408,MSI,15.13,113,85,101,128,111,0,156,8,103,58,112
LOLTMNT03_258398,MSI,15.13,100,104,64,18,125,0,10,107,133,2,139
LOLTMNT03_257416,MSI,15.13,132,20,181,44,54,1,57,82,188,83,43
LOLTMNT03_257430,MSI,15.13,150,114,5,58,4,1,128,163,103,27,90
LOLTMNT03_258418,MSI,15.13,169,1,118,155,139,0,8,175,122,36,0
LOLTMNT03_257442,MSI,15.13,104,95,54,182,171,0,178,22,65,13,125
LOLTMNT02_285274,HLL,15.12,147,103,170,0,62,1,14,163,112,133,107
LOLTMNT02_284375,HLL,15.12,175,8,122,142,60,0,150,113,20,176,71
LOLTMNT02_284382,HLL,15.12,27,169,1,82,44,1,155,83,23,93,4
LOLTMNT03_258564,MSI,15.13,150,113,128,176,118,1,1,178,40,122,142
LOLTMNT03_258569,MSI,15.13,46,169,13,58,103,0,175,8,56,27,82
LOLTMNT03_258574,MSI,15.13,64,104,0,72,158,0,10,133,5,114,146
LOLTMNT03_258579,MSI,15.13,4,180,14,141,125,0,85,20,78,170,60
LOLTMNT03_257580,MSI,15.13,65,156,36,43,67,0,111,100,62,15,41
LOLTMNT03_257596,MSI,15.13,8,178,128,95,4,1,113,13,112,36,82
LOLTMNT03_257602,MSI,15.13,169,1,56,140,104,0,150,141,139,163,65
LOLTMNT03_258617,MSI,15.13,158,156,122,132,110,0,114,165,125,62,118
LOLTMNT03_258859,MSI,15.13,163,156,147,4,125,1,150,178,58,122,43
LOLTMNT03_257845,MSI,15.13,113,27,103,49,57,0,114,85,20,129,44
LOLTMNT03_257849,MSI,15.13,175,176,118,1,56,1,95,109,104,5,155
LOLTMNT03_257855,MSI,15.13,100,82,62,25,158,0,139,83,22,40,146
LOLTMNT03_258884,MSI,15.13,8,170,60,132,148,1,111,169,0,64,133
LOLTMNT03_260300,MSI,15.13,14,178,125,85,20,0,163,90,181,56,118
LOLTMNT03_260310,MSI,15.13,169,128,4,13,58,1,175,132,148,40,129
LOLTMNT03_260312,MSI,15.13,171,36,122,43,54,0,95,103,60,111,80
LOLTMNT03_259383,MSI,15.13,150,27,114,141,57,1,158,82,62,0,30
LOLTMNT03_261259,MSI,15.13,150,178,128,176,118,0,111,113,40,122,132
LOLTMNT03_261266,MSI,15.13,129,156,182,27,104,1,171,169,98,64,124
LOLTMNT03_261269,MSI,15.13,158,58,4,25,170,0,163,175,14,139,20
LOLTMNT03_261272,MSI,15.13,85,5,82,13,114,1,103,188,80,136,1
LOLTMNT03_261555,MSI,15.13,181,40,163,90,4,0,128,113,13,95,118
LOLTMNT03_261584,MSI,15.13,14,175,122,62,2,1,46,178,171,82,27
LOLTMNT03_261593,MSI,15.13,169,146,139,22,34,1,1,36,0,103,100
LOLTMNT03_261611,MSI,15.13,64,131,124,5,129,0,104,141,10,60,147
LOLTMNT03_261634,MSI,15.13,113,139,171,36,82,0,8,178,0,104,27
LOLTMNT03_262048,MSI,15.13,169,85,101,60,13,1,64,124,129,175,56
LOLTMNT03_262051,MSI,15.13,46,186,40,132,154,0,44,156,145,22,20
LOLTMNT03_262054,MSI,15.13,128,163,114,146,54,1,5,141,58,103,24
LOLTMNT03_261664,MSI,15.13,112,176,118,155,191,0,57,131,111,59,148
LOLTMNT03_261937,MSI,15.13,163,129,113,65,139,1,58,90,4,24,0
LOLTMNT03_261951,MSI,15.13,13,169,122,60,27,0,8,132,175,15,42
LOLTMNT03_261965,MSI,15.13,104,182,156,111,62,1,85,103,100,25,2
LOLTMNT03_261991,MSI,15.13,113,128,122,8,62,1,178,13,4,58,112
LOLTMNT03_261997,MSI,15.13,14,46,107,132,103,1,114,158,56,36,20
LOLTMNT03_262298,MSI,15.13,163,156,139,15,2,0,169,150,5,188,118
LOLTMNT03_262304,MSI,15.13,40,104,95,142,54,1,22,65,60,146,100
LOLTMNT03_263018,MSI,15.13,129,131,23,176,18,1,27,141,24,136,44
LOLTMNT03_262679,MSI,15.13,14,178,139,36,82,1,181,128,156,4,140
LOLTMNT03_262687,MSI,15.13,158,80,5,22,65,0,141,129,136,58,15
LOLTMNT03_263270,MSI,15.13,150,114,51,176,122,1,13,182,107,62,118
LOLTMNT03_263277,MSI,15.13,113,171,60,9,154,1,169,64,124,125,11
LOLTMNT03_263304,MSI,15.13,150,139,114,64,124,0,113,111,182,104,58
LOLTMNT03_262722,MSI,15.13,8,175,128,36,122,0,171,178,112,22,20
LOLTMNT03_262729,MSI,15.13,169,5,1,176,44,0,163,141,125,4,129
LOLTMNT03_265004,MSI,15.13,178,150,44,95,4,0,14,114,182,58,15
LOLTMNT03_264414,MSI,15.13,128,141,27,62,103,0,129,175,104,85,40
LOLTMNT03_265013,MSI,15.13,122,80,8,176,46,0,156,36,20,111,43
LOLTMNT03_264421,MSI,15.13,57,59,146,18,90,1,13,54,60,154,140
LOLTMNT03_265457,MSI,15.13,150,36,65,0,131,1,104,178,95,139,13
LOLTMNT03_264862,MSI,15.13,113,122,171,27,112,1,8,175,125,64,124
LOLTMNT03_265469,MSI,15.13,169,1,5,62,103,1,132,129,114,41,4
LOLTMNT03_264874,MSI,15.13,163,118,182,90,155,0,58,156,15,134,49
LOLTMNT03_264880,MSI,15.13,40,107,128,136,10,1,85,80,82,162,189
LOLTMNT03_267098,MSI,15.13,14,131,56,176,118,0,8,46,175,104,58
LOLTMNT03_267102,MSI,15.13,150,85,20,54,112,1,128,129,141,122,36
LOLTMNT03_266421,MSI,15.13,113,40,60,132,4,1,139,171,178,95,15
LOLTMNT03_266422,MSI,15.13,27,107,111,65,44,1,64,114,124,1,186
LOLTMNT03_266430,MSI,15.13,13,105,125,59,148,1,80,146,5,32,115
LOLTMNT03_270167,MSI,15.13,150,182,58,15,175,1,14,156,104,27,56
LOLTMNT03_269192,MSI,15.13,122,128,36,13,107,0,129,85,20,54,139
LOLTMNT03_270179,MSI,15.13,163,141,38,124,2,0,46,169,140,8,18
LOLTMNT03_270692,MSI,15.13,46,169,40,58,103,0,8,175,57,122,62
LOLTMNT03_270702,MSI,15.13,85,20,129,80,125,1,156,182,111,65,36
LOLTMNT03_270708,MSI,15.13,163,128,82,171,178,1,104,54,112,13,95
LOLTMNT03_270710,MSI,15.13,27,56,118,176,83,1,5,146,90,132,148
LOLTMNT03_269768,MSI,15.13,158,188,114,0,110,0,4,59,141,49,44
LOLTMNT03_271213,MSI,15.13,150,85,20,131,56,0,46,54,111,58,4
LOLTMNT03_271225,MSI,15.13,129,169,139,132,103,1,175,27,40,114,23
LOLTMNT03_271258,MSI,15.13,14,107,112,176,124,1,128,178,8,122,140
LOLTMNT03_272249,MSI,15.13,171,156,57,187,118,1,141,59,148,60,49
LOLTMNT03_272282,MSI,15.13,125,22,65,170,1,0,105,0,13,95,115
LOLTMNT03_272360,Asia Master,15.13,178,44,36,146,82,0,46,163,103,141,27
LOLTMNT03_272397,Asia Master,15.13,150,5,175,58,114,1,128,129,178,4,163
LOLTMNT03_272433,Asia Master,15.13,150,178,46,176,118,0,78,80,56,103,140
LOLTMNT03_271499,Asia Master,15.13,8,170,40,103,62,1,128,171,178,4,176
LOLTMNT03_272464,Asia Master,15.13,156,60,111,27,122,0,186,56,158,4,36
LOLTMNT03_271546,Asia Master,15.13,169,128,40,62,118,1,8,186,60,122,27
LOLTMNT06_128029,PRMP,15.13,27,169,8,125,122,1,3,5,34,58,104
LOLTMNT06_129022,PRMP,15.13,128,156,8,95,103,1,178,150,163,40,124
LOLTMNT06_128038,PRMP,15.13,169,139,13,82,27,0,1,175,0,104,62
LOLTMNT06_128039,PRMP,15.13,14,178,145,9,148,0,49,139,156,132,103
LOLTMNT06_128041,PRMP,15.13,163,4,170,44,171,0,178,27,114,56,147
LOLTMNT06_128042,PRMP,15.13,113,128,1,140,114,1,133,173,134,146,132
LOLTMNT06_129029,PRMP,15.13,122,46,95,141,129,1,85,20,2,16,111
LOLTMNT06_128046,PRMP,15.13,5,8,100,104,22,1,60,155,83,118,36
LOLTMNT03_271689,LRN,15.13,156,60,111,85,4,1,163,100,46,118,1
LOLTMNT03_272620,LRN,15.13,113,129,58,125,122,1,156,150,182,85,20
LOLTMNT03_272624,LRN,15.13,46,169,129,58,15,1,85,113,20,158,172
LOLTMNT03_272683,Asia Master,15.13,46,111,178,176,118,1,56,150,107,122,140
LOLTMNT03_271778,Asia Master,15.13,8,0,54,85,4,0,139,49,36,186,114
LOLTMNT03_271802,Asia Master,15.13,46,114,24,103,182,1,128,175,13,104,58
LOLTMNT03_272728,Asia Master,15.13,175,60,129,32,8,0,128,141,14,85,20
LOLTMNT03_272741,Asia Master,15.13,150,85,122,80,60,1,27,4,139,156,7
LOLTMNT03_271818,Asia Master,15.13,169,46,1,132,103,1,178,122,56,189,95
LOLTMNT03_271829,Asia Master,15.13,178,56,49,38,115,1,107,111,0,155,82
LOLTMNT06_129065,LIT,15.13,156,5,62,40,104,1,54,111,125,155,82
LOLTMNT06_129083,AL,15.13,113,150,122,62,125,0,175,13,103,36,0
LOLTMNT06_128106,LIT,15.13,150,60,156,176,82,0,111,169,46,27,20
LOLTMNT06_129100,AL,15.13,46,8,169,82,95,1,56,52,49,4,58
LOLTMNT06_129104,LIT,15.13,178,171,60,163,20,0,150,54,5,36,15
LOLTMNT06_129113,AL,15.13,128,8,54,176,118,1,46,175,40,85,15
LOLTMNT06_128120,AL,15.13,13,107,5,140,122,0,169,171,125,62,4
LOLTMNT03_274040,LRN,15.13,150,169,139,58,118,1,163,111,178,4,125
LOLTMNT03_273113,LRN,15.13,163,156,60,82,111,0,58,175,182,118,49
LOLTMNT03_273121,LRN,15.13,150,178,46,176,118,1,14,58,156,125,82
LOLTMNT03_273196,Asia Master,15.13,46,107,1,176,118,1,150,163,128,141,103
LOLTMNT03_274134,Asia Master,15.13,178,85,20,1,60,0,175,128,13,163,104
LOLTMNT03_273216,Asia Master,15.13,14,60,175,122,58,0,181,139,90,4,62
LOLTMNT03_274151,Asia Master,15.13,46,170,84,58,122,0,129,169,57,4,140
LOLTMNT03_273242,Asia Master,15.13,150,178,46,132,4,1,128,80,40,85,101
LOLTMNT03_274179,Asia Master,15.13,150,107,128,85,20,0,178,111,60,4,132
LOLTMNT03_274190,Asia Master,15.13,105,139,146,176,118,0,14,107,5,27,114
LOLTMNT03_273263,Asia Master,15.13,14,186,139,27,104,0,57,156,171,122,95
LOLTMNT03_273361,HLL,15.13,128,131,181,176,4,1,112,175,8,62,103
LOLTMNT03_273395,HLL,15.13,122,27,178,147,43,0,85,129,20,56,5
LOLTMNT03_273417,HLL,15.13,14,156,118,139,187,1,46,13,107,15,58
LOLTMNT03_274366,HLL,15.13,82,125,36,173,171,0,59,94,60,100,111
LOLTMNT03_273431,LVP SL,15.13,150,54,60,176,118,1,163,147,136,169,103
LOLTMNT06_129180,NLC,15.13,147,178,25,187,118,1,111,175,46,58,4
LOLTMNT06_128182,PRM,15.13,113,1,163,122,125,0,49,175,58,5,4
LOLTMNT06_128197,AL,15.13,178,0,140,49,82,1,60,131,95,13,103
LOLTMNT06_128193,LIT,15.13,14,175,36,82,56,0,13,169,62,118,139
LOLTMNT03_273445,LVP SL,15.13,178,128,8,58,104,1,150,175,122,60,163
LOLTMNT03_274385,ROL,15.13,155,90,128,118,142,1,169,171,112,122,140
LOLTMNT06_129202,PRM,15.13,14,74,114,140,118,0,155,52,46,36,18
LOLTMNT03_274389,HLL,15.13,90,95,18,93,0,1,141,163,154,1,23
LOLTMNT06_128208,AL,15.13,169,182,8,114,62,0,27,175,139,2,20
LOLTMNT06_129203,LIT,15.13,150,178,128,36,122,1,111,169,5,85,101
LOLTMNT03_274398,NLC,15.13,163,178,150,104,60,1,175,140,8,53,38
LOLTMNT03_274417,LVP SL,15.13,36,2,169,0,20,1,181,90,139,85,118
LOLTMNT06_129212,PRM,15.13,111,178,56,85,20,1,131,181,172,187,86
LOLTMNT03_274437,ROL,15.13,150,156,58,118,56,1,178,1,5,155,122
LOLTMNT06_128218,LIT,15.13,150,58,156,60,122,1,13,95,54,125,20
LOLTMNT06_128223,NLC,15.13,14,54,182,22,82,0,163,175,13,125,4
LOLTMNT03_274444,LVP SL,15.13,14,58,5,114,4,1,1,163,136,100,118
LOLTMNT06_129232,PRM,15.13,14,90,36,122,128,1,156,76,139,104,27
LOLTMNT03_274453,ROL,15.13,131,13,181,56,4,1,173,147,125,85,94
LOLTMNT03_274456,LRS,15.13,163,114,0,29,180,1,27,175,103,125,133
LOLTMNT03_274455,ROL,15.13,14,114,139,187,124,0,113,2,28,133,132
LOLTMNT06_128236,AL,15.13,122,131,146,176,57,0,175,4,8,5,59
LOLTMNT03_274472,NLC,15.13,147,156,114,58,118,1,131,2,170,163,103
LOLTMNT03_274473,LVP SL,15.13,46,175,1,122,36,1,178,163,43,118,146
LOLTMNT06_129240,PRM,15.13,178,58,57,15,171,0,85,111,182,118,141
LOLTMNT03_274476,LRS,15.13,156,171,139,140,104,1,175,13,182,176,4
LOLTMNT06_128239,NLC,15.13,128,58,4,8,178,1,5,175,122,142,24
LOLTMNT06_129242,AL,15.13,104,46,95,40,80,1,27,103,2,56,14
LOLTMNT03_273549,LRS,15.13,57,156,1,155,86,0,150,178,139,85,101
LOLTMNT06_128243,AL,15.13,163,129,139,173,118,0,140,111,0,100,82
LOLTMNT03_273562,LRS,15.13,169,13,5,140,118,0,178,1,125,176,4
LOLTMNT03_273607,Asia Master,15.13,150,156,56,58,122,0,178,111,5,163,103
LOLTMNT03_273608,Asia Master,15.13,60,111,114,62,4,1,150,5,131,58,15
LOLTMNT03_273621,Asia Master,15.13,128,85,20,131,146,1,175,112,8,104,27
LOLTMNT03_274553,Asia Master,15.13,178,49,122,139,140,0,129,85,20,175,38
LOLTMNT03_274580,Asia Master,15.13,129,176,118,182,141,0,139,13,4,140,54
LOLTMNT03_274578,Asia Master,15.13,128,178,27,51,122,0,40,85,156,13,20
LOLTMNT03_274589,Asia Master,15.13,46,107,111,62,103,1,14,56,176,118,80
LOLTMNT03_273658,Asia Master,15.13,131,2,56,187,86,1,141,146,136,4,59
LOLTMNT03_274603,Asia Master,15.13,113,0,171,140,4,0,175,139,13,95,114
LOLTMNT03_273677,Asia Master,15.13,169,1,5,140,4,1,178,150,182,62,104
LOLTMNT06_128269,EWC,15.13,169,46,8,140,118,1,128,178,40,36,15
LOLTMNT03_273681,Asia Master,15.13,57,85,171,122,80,1,139,14,186,103,132
LOLTMNT06_128276,EWC,15.13,13,131,181,95,4,1,175,111,5,62,118
LOLTMNT03_273690,Asia Master,15.13,163,175,118,56,29,1,111,107,32,115,112
LOLTMNT06_128289,EWC,15.13,113,132,103,147,125,1,8,175,122,27,56
LOLTMNT06_128309,EWC,15.13,14,44,114,58,65,1,125,156,150,36,15
LOLTMNT03_274679,HLL,15.13,8,85,20,178,125,1,113,95,118,171,60
LOLTMNT03_273774,HLL,15.13,175,46,122,111,132,0,90,36,4,43,2
LOLTMNT03_274722,CT,15.13,163,169,5,14,4,0,139,58,170,171,104
LOLTMNT06_128338,EWC,15.13,113,128,163,111,122,1,178,46,36,129,118
LOLTMNT03_274737,HLL,15.13,163,103,23,170,49,1,58,82,114,173,93
LOLTMNT06_128362,EWC,15.13,14,131,125,4,58,0,8,169,128,118,176
LOLTMNT03_274764,CT,15.13,128,85,20,147,141,1,112,155,65,131,180
LOLTMNT03_273821,HLL,15.13,128,129,80,142,124,0,40,27,107,14,18
LOLTMNT03_273830,LVP SL,15.13,111,54,60,140,4,1,178,49,43,142,114
LOLTMNT06_129365,PRM,15.13,14,54,60,85,20,1,8,175,43,36,122
LOLTMNT06_129371,LIT,15.13,155,80,1,23,122,0,27,178,0,14,20
LOLTMNT06_129367,NLC,15.13,113,150,163,122,0,1,59,139,111,169,104
LOLTMNT06_128369,AL,15.13,139,83,27,49,118,0,182,175,8,9,86
LOLTMNT06_128393,EWC,15.13,113,85,20,46,8,0,150,178,44,132,4
LOLTMNT06_129385,LIT,15.13,113,4,176,129,25,1,27,122,114,146,134
LOLTMNT03_273873,CT,15.13,122,142,136,175,111,0,103,27,178,41,78
LOLTMNT06_129386,PRM,15.13,113,111,112,176,118,1,74,44,27,147,25
LOLTMNT06_128395,NLC,15.13,163,139,170,129,103,0,36,169,150,60,4
LOLTMNT03_274811,LVP SL,15.13,178,13,56,27,15,1,46,181,131,163,103
LOLTMNT06_129387,AL,15.13,128,169,95,14,82,0,104,112,178,140,103
LOLTMNT06_128416,HLL,15.13,141,5,1,10,65,1,155,156,136,94,158
LOLTMNT06_128408,LIT,15.13,129,131,57,85,20,1,163,13,139,90,118
LOLTMNT03_273895,CT,15.13,95,82,105,60,1,1,93,54,118,125,172
LOLTMNT06_129402,EWC,15.13,46,131,181,27,122,0,150,178,5,132,4
LOLTMNT03_273897,LVP SL,15.13,150,156,139,58,122,0,163,14,60,175,20
LOLTMNT06_129404,PRM,15.13,171,103,58,131,16,0,129,156,82,59,125
LOLTMNT06_129405,NLC,15.13,59,51,80,53,93,0,85,46,20,114,13
LOLTMNT06_129407,AL,15.13,85,0,90,181,124,1,155,60,107,129,18
LOLTMNT06_129410,PRM,15.13,14,178,5,132,103,0,113,27,125,78,82
LOLTMNT03_273909,LVP SL,15.13,163,25,122,170,40,0,139,111,4,27,74
LOLTMNT06_128425,NLC,15.13,14,178,163,82,60,1,147,114,122,58,175
LOLTMNT03_274856,LRS,15.13,14,85,20,128,54,0,171,131,118,132,136
LOLTMNT06_128429,PRM,15.13,169,85,101,56,147,0,176,175,4,150,43
LOLTMNT03_274859,LVP SL,15.13,46,175,111,58,103,0,163,57,90,129,20
LOLTMNT06_129414,NLC,15.13,163,14,54,182,104,1,10,150,178,43,122
LOLTMNT06_128431,AL,15.13,128,169,8,85,20,0,46,1,175,27,4
LOLTMNT03_273942,LRS,15.13,104,150,62,170,125,1,65,175,1,176,139
LOLTMNT06_128433,AL,15.13,150,62,125,103,156,0,13,36,110,82,54
LOLTMNT06_128434,PRM,15.13,95,141,114,0,129,0,122,128,58,30,24
LOLTMNT03_274891,LRS,15.13,163,175,14,128,122,0,178,129,139,58,118
LOLTMNT03_274895,LRS,15.13,163,156,128,124,14,0,104,175,40,140,111
LOLTMNT03_273991,Asia Master,15.13,13,175,139,62,4,0,169,1,161,118,187
LOLTMNT03_273998,Asia Master,15.13,150,54,163,40,104,0,14,100,82,128,142
LOLTMNT03_274948,Asia Master,15.13,129,80,4,140,139,1,150,175,114,163,60
LOLTMNT03_274947,Asia Master,15.13,182,178,1,122,140,1,150,169,125,104,32
LOLTMNT03_275037,Asia Master,15.13,128,141,14,176,118,1,5,178,103,13,9
LOLTMNT03_275040,Asia Master,15.13,85,46,80,40,4,0,111,22,56,175,118
LOLTMNT06_129443,EWC,15.13,113,13,62,40,104,1,128,141,171,122,58
LOLTMNT03_274984,Asia Master,15.13,46,100,190,58,82,1,181,90,56,122,188
LOLTMNT03_274994,Asia Master,15.13,80,4,140,40,5,0,163,114,146,103,125
LOLTMNT06_129453,EWC,15.13,163,118,156,125,147,1,4,178,111,180,0
LOLTMNT03_275066,Asia Master,15.13,113,57,122,36,111,0,150,169,139,118,176
LOLTMNT06_128462,EWC,15.13,163,150,178,118,13,1,128,14,156,4,176
LOLTMNT03_276013,Asia Master,15.13,56,58,65,33,134,0,131,85,101,171,43
LOLTMNT06_129466,EWC,15.13,181,175,122,140,1,1,139,113,2,104,62
LOLTMNT06_129477,EWC,15.13,54,58,129,15,60,1,40,80,36,82,74
LOLTMNT06_129488,TCL,15.13,46,169,150,85,20,1,56,36,83,27,4
LOLTMNT06_128498,EWC,15.13,150,176,118,60,54,0,111,107,104,62,139
LOLTMNT06_129518,TCL,15.13,129,169,4,132,46,0,150,122,176,100,43
LOLTMNT06_128517,EWC,15.13,90,56,14,140,4,1,46,178,146,36,15
LOLTMNT03_275168,LVP SL,15.13,113,1,27,182,4,1,169,62,13,139,103
LOLTMNT06_128523,AL,15.13,27,156,146,139,103,0,122,175,13,62,5
LOLTMNT06_129537,EWC,15.13,169,13,128,64,124,0,156,122,112,27,78
LOLTMNT06_128525,TCL,15.13,5,169,111,85,20,1,178,150,139,27,122
LOLTMNT03_276111,LVP SL,15.13,111,175,112,142,20,0,14,178,176,136,15
LOLTMNT03_276110,ROL,15.13,113,125,163,171,4,0,5,150,131,27,103
LOLTMNT06_128529,AL,15.13,104,58,14,43,169,1,65,95,60,171,131
LOLTMNT03_276125,LVP SL,15.13,150,139,58,175,4,1,163,111,30,125,115
LOLTMNT03_276126,ROL,15.13,178,155,147,118,28,0,156,95,129,46,104
LOLTMNT03_276127,ROL,15.13,150,90,185,176,139,0,1,178,4,155,145
LOLTMNT06_129545,TCL,15.13,178,150,128,4,62,0,156,14,112,58,15
LOLTMNT06_128536,AL,15.13,113,1,0,132,103,0,13,175,5,27,82
LOLTMNT03_276138,ROL,15.13,122,173,139,176,49,1,60,175,82,142,93
LOLTMNT03_275214,ROL,15.13,13,95,122,141,125,0,14,132,20,173,136
LOLTMNT06_129547,AL,15.13,128,54,36,104,171,0,156,40,62,4,2
LOLTMNT03_276141,LVP SL,15.13,46,178,111,62,118,1,132,175,2,4,5
LOLTMNT03_275222,LVP SL,15.13,178,163,14,128,122,0,141,129,57,58,114
LOLTMNT01_259321,NACL,15.14,90,188,56,82,95,0,14,178,128,122,58
LOLTMNT01_259335,NACL,15.14,178,40,111,180,4,1,163,128,175,27,20
LOLTMNT01_261358,NACL,15.14,169,111,139,22,87,1,150,114,43,118,58
LOLTMNT01_261366,NACL,15.14,14,175,139,20,22,1,150,178,128,122,176
LOLTMNT01_261374,NACL,15.14,46,175,13,4,140,0,14,128,156,62,103
LOLTMNT03_276169,Asia Master,15.13,113,56,150,64,124,0,46,175,111,4,62
LOLTMNT03_275254,Asia Master,15.13,125,169,13,9,20,1,14,60,178,85,15
LOLTMNT03_275262,Asia Master,15.13,128,58,4,141,171,1,13,85,178,103,112
LOLTMNT03_275264,Asia Master,15.13,178,128,111,62,4,1,13,56,40,122,27
LOLTMNT03_276191,Asia Master,15.13,150,80,27,139,104,0,156,1,122,62,5
LOLTMNT03_275275,Asia Master,15.13,80,140,0,172,82,1,90,163,5,103,129
LOLTMNT03_275298,Asia Master,15.13,169,36,65,60,49,1,176,118,146,131,134
LOLTMNT06_129581,EWC,15.13,113,128,14,104,36,1,150,114,13,27,103
LOLTMNT03_275316,Asia Master,15.13,150,175,58,122,139,0,163,178,60,4,33
LOLTMNT06_128573,EWC,15.13,46,40,178,59,4,1,129,5,156,62,122
LOLTMNT03_275320,Asia Master,15.13,169,8,125,9,18,1,114,14,173,59,20
LOLTMNT06_129582,EWC,15.13,163,141,171,148,56,1,1,54,118,95,60
LOLTMNT03_276238,Asia Master,15.13,181,90,57,103,132,1,129,104,23,80,36
LOLTMNT06_129597,EWC,15.13,169,104,150,36,128,0,14,141,15,27,13
LOLTMNT06_129602,EWC,15.13,129,175,46,85,20,1,24,132,134,83,118
LOLTMNT06_128591,TCL,15.13,14,139,114,176,118,0,150,169,25,27,104
LOLTMNT06_129621,TCL,15.13,128,122,27,175,40,0,13,58,178,103,139
LOLTMNT06_129623,AL,15.13,163,14,4,141,125,1,122,175,146,140,57
LOLTMNT06_129630,TCL,15.13,46,178,14,27,4,0,122,170,62,43,146
LOLTMNT06_128612,AL,15.13,5,131,155,124,49,1,0,52,82,176,2
LOLTMNT06_128618,AL,15.13,169,62,139,115,40,1,90,27,43,104,129
LOLTMNT06_128619,TCL,15.13,14,156,36,82,127,1,111,95,100,5,20
LOLTMNT06_129640,AL,15.13,104,100,58,2,60,0,8,156,27,103,5
LOLTMNT06_129642,AL,15.13,13,175,82,132,14,1,169,49,20,176,57
LOLTMNT01_261677,NACL,15.14,150,156,128,27,114,1,49,178,5,122,59
LOLTMNT01_259696,NACL,15.14,14,178,27,103,128,0,171,85,156,101,13
LOLTMNT01_261709,NACL,15.14,85,156,56,13,20,1,46,95,104,107,111
LOLTMNT01_261718,NACL,15.14,14,46,54,36,65,1,156,85,57,101,78
LOLTMNT01_261724,NACL,15.14,178,139,111,9,86,0,175,150,0,85,101
12558-12558_game_1,LPL,15.14,8,178,163,122,60,1,128,175,129,4,140
12558-12558_game_2,LPL,15.14,169,40,5,58,118,0,156,13,125,27,114
LOLTMNT06_128649,EWC,15.13,14,85,20,13,156,1,46,8,175,58,122
LOLTMNT01_259773,LJL,15.14,113,128,13,132,118,1,46,111,107,4,95
12559-12559_game_1,LPL,15.14,113,111,57,176,118,1,150,46,178,103,36
LOLTMNT01_259784,LJL,15.14,14,186,60,82,140,0,165,170,0,122,62
LOLTMNT06_129670,EWC,15.13,150,27,141,118,128,0,40,178,4,132,182
12559-12559_game_2,LPL,15.14,128,181,131,85,152,1,13,175,5,82,140
LOLTMNT03_276428,VCS,15.13,14,156,132,148,139,0,150,140,80,4,5
LOLTMNT01_261809,LJL,15.14,104,5,175,129,163,0,171,103,125,169,130
LOLTMNT01_259806,LFL2,15.14,14,175,95,82,0,1,163,178,5,11,4
12559-12559_game_3,LPL,15.14,8,4,62,156,125,1,40,170,122,9,0
LOLTMNT03_275503,VCS,15.13,129,100,36,114,60,1,8,175,62,118,43
LOLTMNT06_129677,EWC,15.13,90,57,181,122,27,0,46,141,142,103,58
LOLTMNT04_123711,LFL2,15.14,14,175,46,85,20,0,150,95,56,178,118
LOLTMNT03_276440,VCS,15.13,163,170,1,112,115,0,58,178,146,125,78
12560-12560_game_1,LPL,15.14,14,176,118,139,54,1,8,175,128,58,4
LOLTMNT06_129680,EWC,15.13,156,8,125,176,118,1,14,169,0,4,140
LOLTMNT04_122511,LFL2,15.14,57,0,58,33,4,0,139,95,70,87,118
LOLTMNT01_261840,HM,15.14,13,156,58,103,5,1,163,129,128,80,122
12560-12560_game_2,LPL,15.14,150,156,57,82,36,1,111,85,122,44,186
LOLTMNT03_276451,HLL,15.13,163,150,112,100,118,0,60,58,49,107,122
LOLTMNT06_129681,EWC,15.13,85,20,178,5,40,1,36,65,175,139,147
12560-12560_game_3,LPL,15.14,178,2,140,103,60,1,171,27,5,131,20
LOLTMNT03_275532,HLL,15.13,27,175,82,125,13,1,103,178,14,132,136
LOLTMNT03_276477,HLL,15.13,5,169,62,8,124,1,139,170,148,59,111
LOLTMNT01_259890,HM,15.14,150,169,139,59,65,0,1,178,176,172,82
LOLTMNT06_129687,PRM,15.13,111,107,125,10,124,0,14,169,60,176,94
LOLTMNT06_129690,AL,15.13,163,13,122,60,156,1,1,58,4,175,182
LOLTMNT01_259902,HM,15.14,41,58,122,54,171,1,163,182,4,111,100
LOLTMNT06_129692,PRM,15.13,8,175,27,20,0,1,171,156,5,122,58
LOLTMNT06_128673,AL,15.13,178,36,103,111,25,0,139,27,20,100,8
LOLTMNT01_261896,HM,15.14,150,27,178,139,15,1,14,85,20,170,138
LOLTMNT06_128675,AL,15.13,113,176,118,23,78,0,82,54,95,43,40
LOLTMNT06_129693,PRM,15.13,128,132,103,141,93,1,100,163,82,112,13
LOLTMNT01_261923,HM,15.14,46,82,95,40,107,1,49,113,118,140,56
LOLTMNT06_128683,PRM,15.13,128,178,14,58,122,1,169,36,76,60,118
LOLTMNT06_128684,AL,15.13,0,178,1,176,118,0,128,175,111,85,124
LOLTMNT01_259962,HM,15.14,188,43,58,122,72,0,46,113,103,187,1
LOLTMNT06_129700,PRM,15.13,111,46,54,140,4,1,27,49,5,100,82
LOLTMNT06_128685,AL,15.13,5,114,27,171,104,0,56,169,13,9,15
LOLTMNT01_261956,HM,15.14,13,176,118,156,171,1,10,111,114,42,83
LOLTMNT06_128686,AL,15.13,100,4,2,59,23,1,14,170,20,139,62
LOLTMNT06_129717,EWC,15.13,14,85,20,178,13,1,8,156,132,103,139
LOLTMNT06_128698,EWC,15.13,90,56,4,140,155,0,46,169,146,58,15
LOLTMNT01_263041,LJL,15.14,150,62,178,4,5,0,104,36,175,40,125
12561-12561_game_1,LPL,15.14,150,178,46,122,58,1,129,156,56,176,118
LOLTMNT04_122714,LFL2,15.14,14,128,141,176,118,1,27,13,40,107,5
LOLTMNT01_262056,LJL,15.14,139,59,94,80,1,1,20,10,170,38,13
12561-12561_game_2,LPL,15.14,13,54,128,140,82,0,171,175,112,103,62
LOLTMNT01_263058,HM,15.14,150,85,101,139,156,1,65,175,60,132,68
LOLTMNT03_276551,VCS,15.13,14,131,140,118,5,0,129,132,4,175,60
LOLTMNT04_123909,LFL2,15.14,113,49,95,0,122,0,139,150,163,100,82
12562-12562_game_1,LPL,15.14,150,176,118,178,182,0,128,169,1,140,4
LOLTMNT01_262076,LJL,15.14,163,156,122,8,23,1,141,93,114,182,181
LOLTMNT03_275650,VCS,15.13,150,178,163,34,46,1,13,62,114,54,2
LOLTMNT06_128710,EWC,15.13,163,90,181,60,118,1,14,58,4,128,156
LOLTMNT01_263075,HM,15.14,112,20,36,6,115,0,41,103,93,83,155
LOLTMNT01_262092,LJL,15.14,14,85,103,71,169,0,56,82,171,95,173
LOLTMNT04_123918,LFL2,15.14,150,36,82,60,156,0,8,175,122,62,125
LOLTMNT01_262096,HM,15.14,46,178,58,2,4,1,163,128,175,171,118
12562-12562_game_2,LPL,15.14,163,54,13,56,114,1,58,156,146,82,44
LOLTMNT06_128713,EWC,15.13,169,8,139,59,20,0,132,40,5,107,15
LOLTMNT01_262114,HM,15.14,27,129,182,141,103,1,131,85,125,1,122
LOLTMNT03_276573,HLL,15.13,150,170,46,122,36,1,83,155,40,4,181
LOLTMNT04_122730,LFL2,15.14,14,139,178,142,4,1,181,90,42,140,86
LOLTMNT06_129742,EWC,15.13,122,178,150,140,125,1,27,103,175,13,1
12562-12562_game_3,LPL,15.14,141,111,0,64,124,1,27,122,125,8,107
LOLTMNT01_262137,HM,15.14,156,150,139,9,86,1,13,54,0,132,133
LOLTMNT03_275680,HLL,15.13,113,60,171,85,103,1,109,27,139,129,20
LOLTMNT06_129749,EWC,15.13,171,131,57,62,136,0,111,95,114,18,25
LOLTMNT03_276584,HLL,15.13,9,82,131,136,2,0,95,175,118,23,146
LOLTMNT01_262153,HM,15.14,27,78,80,69,4,0,43,14,178,58,118
LOLTMNT06_128727,EWC,15.13,141,176,124,158,23,1,85,82,146,186,172
LOLTMNT06_129762,AL,15.13,128,175,62,82,142,0,141,60,14,122,140
LOLTMNT01_262179,HM,15.14,128,85,20,90,181,1,139,95,72,122,13
LOLTMNT03_276588,PRM,15.13,111,175,125,36,82,0,14,178,56,27,122
LOLTMNT06_129763,AL,15.13,113,150,46,103,9,0,156,14,56,132,20
LOLTMNT06_128734,AL,15.13,104,178,36,173,20,0,40,54,5,118,176
LOLTMNT01_263192,HM,15.14,128,122,147,170,140,0,13,178,103,40,155
LOLTMNT03_276596,PRM,15.13,150,95,5,100,114,1,171,58,139,131,15
LOLTMNT06_128735,AL,15.13,175,4,49,155,5,0,82,178,36,1,125
LOLTMNT01_263208,HM,15.14,46,54,129,95,82,0,57,156,89,142,20
LOLTMNT06_129767,PRM,15.13,27,156,147,125,122,0,175,9,13,5,124
LOLTMNT06_128740,AL,15.13,139,175,13,118,176,0,5,156,1,27,104
LOLTMNT06_128741,AL,15.13,163,1,4,175,182,0,140,122,146,178,136
LOLTMNT01_262237,HM,15.14,111,4,60,27,141,0,46,122,146,131,132
LOLTMNT06_129772,AL,15.13,150,169,85,139,124,0,13,54,176,82,43
LOLTMNT06_128742,AL,15.13,178,163,112,65,14,0,128,169,140,20,2
LOLTMNT06_128743,PRM,15.13,113,46,158,142,118,0,173,49,56,4,106
LOLTMNT01_263254,HM,15.14,163,178,182,86,158,1,175,36,65,125,147
LOLTMNT06_129773,AL,15.13,8,100,20,110,187,1,147,170,118,59,56
LOLTMNT01_262285,LRN,15.14,113,58,129,15,128,1,178,163,4,49,139
LOLTMNT01_263291,LRN,15.14,150,178,60,9,154,0,169,139,58,4,129
LOLTMNT01_262296,LRN,15.14,150,128,170,20,10,1,13,175,51,103,132
LOLTMNT01_262355,LCKC,15.14,163,175,13,40,118,0,128,58,8,4,156
LOLTMNT01_262361,LCKC,15.14,46,131,181,122,27,0,129,178,57,140,82
LOLTMNT01_263362,PCS,15.14,14,156,58,4,0,1,163,139,104,11,186
12563-12563_game_1,LPL,15.14,150,178,139,36,20,1,128,169,1,4,142
LOLTMNT01_263381,PCS,15.14,46,118,132,141,27,0,56,131,150,103,32
12563-12563_game_2,LPL,15.14,8,132,103,60,80,1,175,13,140,82,43
LOLTMNT01_262384,LCKC,15.14,178,128,40,140,118,0,46,8,175,20,85
LOLTMNT01_262389,PCS,15.14,178,140,171,44,154,0,85,20,54,40,5
12563-12563_game_3,LPL,15.14,85,122,24,56,131,0,129,141,5,9,124
LOLTMNT01_263402,LCKC,15.14,169,129,56,58,103,0,5,114,111,4,62
12564-12564_game_1,LPL,15.14,150,178,163,5,124,0,128,169,146,132,20
12564-12564_game_2,LPL,15.14,129,56,4,100,140,0,158,80,118,60,187
LOLTMNT06_129781,AL,15.13,163,103,161,52,181,1,140,122,128,170,147
LOLTMNT06_128745,AL,15.13,95,5,156,2,82,0,27,175,8,0,114
LOLTMNT06_129782,AL,15.13,178,36,112,118,13,0,56,85,136,14,124
LOLTMNT06_128746,AL,15.13,100,40,125,146,176,1,107,111,104,88,62
LOLTMNT01_265044,CD,15.14,150,169,128,27,4,0,13,178,139,95,15
LOLTMNT01_264059,CD,15.14,100,111,104,36,5,1,150,178,103,46,58
LOLTMNT01_264071,CD,15.14,46,132,103,100,1,1,150,57,58,4,21
LOLTMNT01_264090,CD,15.14,163,175,150,57,122,1,156,4,111,180,139
LOLTMNT01_265090,LRN,15.14,113,111,128,64,118,1,150,178,139,122,62
LOLTMNT01_265094,CD,15.14,113,150,56,140,20,1,1,156,60,122,132
LOLTMNT01_264107,LRN,15.14,156,139,40,140,86,0,163,150,175,4,23
LOLTMNT01_265112,LRN,15.14,156,78,0,36,82,0,14,54,43,118,62
LOLTMNT01_264188,LCKC,15.14,46,186,1,36,118,0,150,156,56,176,103
LOLTMNT01_264199,LCKC,15.14,14,60,163,4,80,1,13,139,175,104,62
LOLTMNT01_264197,PCS,15.14,14,56,178,27,20,0,46,13,156,176,104
12565-12565_game_1,LPL,15.14,150,178,5,58,103,0,175,163,8,60,122
LOLTMNT01_264206,LCKC,15.14,128,113,64,114,158,1,40,140,122,169,111
12565-12565_game_2,LPL,15.14,128,181,142,156,20,1,139,132,13,141,101
LOLTMNT01_264209,PCS,15.14,129,80,139,32,115,1,8,175,5,118,85
12565-12565_game_3,LPL,15.14,40,118,170,140,0,1,56,80,1,82,32
LOLTMNT01_265211,PCS,15.14,150,163,4,60,170,0,111,107,58,122,0
LOLTMNT01_264247,LCKC,15.14,14,178,60,95,122,0,128,85,20,90,181
LOLTMNT01_264273,PCS,15.14,169,57,36,2,82,1,128,54,140,15,78
12566-12566_game_1,LPL,15.14,150,114,56,62,118,1,175,46,111,36,104
LOLTMNT01_265261,LCKC,15.14,150,5,114,54,62,1,175,139,140,4,13
LOLTMNT03_278028,HLL,15.13,46,131,181,95,103,1,57,90,142,36,4
LOLTMNT01_264315,LCKC,15.14,107,57,58,82,8,1,40,80,36,118,23
12566-12566_game_2,LPL,15.14,156,112,58,122,2,0,128,163,4,13,178
LOLTMNT01_264304,PCS,15.14,171,141,95,99,110,1,131,146,112,62,186
LOLTMNT03_278031,HLL,15.13,150,60,175,62,118,0,1,58,156,182,114
LOLTMNT01_264332,HM,15.14,150,54,41,82,58,1,163,90,42,111,103
LOLTMNT03_279020,HLL,15.13,163,141,171,0,104,0,140,178,5,40,65
LOLTMNT01_264366,HM,15.14,46,186,85,4,40,1,178,27,75,49,115
LOLTMNT01_265322,RL,15.14,113,150,82,27,57,1,122,129,16,171,140
LOLTMNT01_265366,HM,15.14,13,62,156,65,27,1,85,112,20,178,14
LOLTMNT04_126046,PRM,15.14,128,141,150,176,122,0,46,169,8,27,115
LOLTMNT03_278036,LVP SL,15.13,1,156,5,59,118,1,139,178,150,85,101
LOLTMNT06_130004,AL,15.13,46,140,175,145,122,1,113,163,2,5,103
LOLTMNT01_264399,RL,15.14,14,175,132,145,118,1,128,155,103,1,186
LOLTMNT01_264417,HM,15.14,150,140,4,60,6,0,188,122,54,132,0
LOLTMNT01_265390,ROL,15.14,150,155,175,4,13,1,111,58,46,114,82
LOLTMNT04_125046,PRM,15.14,163,54,171,118,60,1,156,58,40,103,57
LOLTMNT03_278042,LVP SL,15.13,139,107,1,176,118,1,150,169,112,122,187
LOLTMNT06_130005,AL,15.13,128,178,111,114,27,1,60,169,82,13,62
LOLTMNT01_264442,RL,15.14,156,187,4,7,60,0,111,54,65,22,0
LOLTMNT01_264450,ROL,15.14,188,60,54,18,1,0,95,125,15,80,67
LOLTMNT03_279026,LVP SL,15.13,150,156,56,58,4,1,46,163,100,129,118
LOLTMNT04_125053,PRM,15.14,178,129,139,59,94,1,147,114,182,4,9
LOLTMNT01_265440,ROL,15.14,178,171,36,128,18,0,8,175,62,104,139
LOLTMNT06_130008,AL,15.13,0,156,14,36,65,1,173,25,146,22,87
LOLTMNT01_265454,RL,15.14,100,27,114,104,147,0,14,156,46,85,20
LOLTMNT04_126072,PRM,15.14,150,139,16,176,124,1,111,169,136,4,142
LOLTMNT01_265458,ROL,15.14,13,131,181,9,94,0,150,163,173,122,51
LOLTMNT03_278052,LVP SL,15.13,36,178,0,4,129,1,169,62,5,103,8
LOLTMNT01_265469,RL,15.14,170,84,36,56,4,0,150,178,132,118,125
LOLTMNT04_126077,PRM,15.14,163,175,158,20,56,1,170,1,60,140,118
LOLTMNT03_279031,LVP SL,15.13,111,141,128,114,58,1,150,175,5,4,163
LOLTMNT01_264496,CD,15.14,46,1,107,103,95,0,150,57,90,122,36
LOLTMNT01_265501,LRS,15.14,163,139,104,156,8,0,58,186,115,171,164
LOLTMNT01_265517,CD,15.14,178,129,27,13,103,0,14,114,139,140,122
LOLTMNT01_264524,LRS,15.14,163,171,46,54,148,1,36,111,122,128,175
LOLTMNT01_265528,CD,15.14,113,58,5,146,122,0,163,169,1,125,114
LOLTMNT01_265531,LRS,15.14,150,188,82,173,186,0,58,156,5,15,1
LOLTMNT01_265539,CD,15.14,178,8,36,139,4,0,175,150,5,140,118
LOLTMNT01_265541,LRS,15.14,156,176,118,180,46,0,13,107,104,140,125
LOLTMNT01_264559,CD,15.14,150,114,5,36,4,0,8,175,125,10,133
LOLTMNT01_264593,LCKC,15.14,129,178,128,58,122,0,40,156,5,27,82
LOLTMNT01_265620,LCKC,15.14,169,8,4,132,60,1,13,175,118,36,0
LOLTMNT01_264629,LCKC,15.14,46,1,107,64,124,0,14,141,57,104,62
LOLTMNT01_265680,LCK,15.14,46,150,114,140,65,1,175,13,1,36,104
LOLTMNT01_265707,LCK,15.14,178,8,122,25,27,1,139,186,147,132,20
12567-12567_game_1,LPL,15.14,175,8,4,132,60,0,150,178,139,85,20
LOLTMNT01_264713,LCK,15.14,5,95,103,129,80,0,128,156,4,85,24
12567-12567_game_2,LPL,15.14,128,176,118,107,111,0,156,112,140,65,2
LOLTMNT01_264750,LCK,15.14,8,175,13,132,4,1,46,104,178,129,58
12568-12568_game_1,LPL,15.14,163,150,103,139,170,1,128,178,58,122,1
LOLTMNT01_264776,LCK,15.14,85,150,20,131,5,0,14,27,122,54,60
12568-12568_game_2,LPL,15.14,14,113,5,85,20,1,4,27,2,0,100
LOLTMNT03_279043,HLL,15.13,122,36,111,141,128,1,156,163,4,8,57
12568-12568_game_3,LPL,15.14,13,82,175,142,146,0,118,169,171,140,60
LOLTMNT03_279050,HLL,15.13,27,175,103,139,171,0,178,58,114,13,5
LOLTMNT03_278074,HLL,15.13,131,124,10,43,146,1,170,118,95,112,1
LOLTMNT01_265869,HC,15.14,128,85,181,131,94,0,5,27,52,13,103
LOLTMNT01_265872,RL,15.14,104,13,27,30,156,1,14,122,139,58,52
LOLTMNT03_278076,HLL,15.13,60,176,90,15,49,1,169,71,22,94,190
LOLTMNT03_279052,LVP SL,15.13,111,169,57,132,4,1,46,178,87,58,15
LOLTMNT01_265895,HC,15.14,122,156,142,171,182,0,178,118,59,111,56
LOLTMNT04_126161,PRM,15.14,14,175,27,46,82,1,128,58,147,114,4
LOLTMNT04_126159,LFL,15.14,128,169,150,58,4,1,0,156,82,111,62
LOLTMNT04_125124,NLC,15.14,14,132,175,20,56,1,58,156,150,122,60
LOLTMNT06_130015,AL,15.13,60,140,141,171,122,1,163,90,103,23,150
LOLTMNT01_265897,RL,15.14,178,188,5,114,0,0,95,175,125,118,171
LOLTMNT06_131014,AL,15.13,139,2,178,64,124,1,111,107,27,82,5
LOLTMNT03_278079,LVP SL,15.13,1,176,118,60,169,0,146,131,36,114,182
LOLTMNT04_125136,PRM,15.14,111,107,95,115,112,0,100,122,36,150,0
LOLTMNT04_126178,LFL,15.14,129,36,80,15,182,1,8,175,139,122,27
LOLTMNT04_126176,EBL,15.14,14,178,59,30,118,0,150,156,56,36,103
LOLTMNT04_125138,NLC,15.14,14,58,128,15,156,1,163,90,49,60,118
LOLTMNT01_264950,HC,15.14,169,150,187,0,86,1,54,1,9,139,15
LOLTMNT03_279062,LVP SL,15.13,14,56,178,62,122,1,46,181,90,27,20
LOLTMNT06_131015,AL,15.13,156,13,132,56,15,1,95,175,146,0,65
LOLTMNT04_125144,EBL,15.14,128,85,20,90,181,1,175,112,65,187,13
LOLTMNT04_126182,PRM,15.14,128,156,171,27,122,0,85,112,20,175,1
LOLTMNT04_126185,LFL,15.14,178,1,104,132,60,0,85,90,146,125,115
LOLTMNT04_125145,NLC,15.14,113,147,22,112,82,1,178,27,49,173,20
LOLTMNT01_264997,HC,15.14,14,156,125,176,118,1,181,163,46,175,104
LOLTMNT03_278082,LVP SL,15.13,113,56,14,140,4,1,46,175,150,27,114
LOLTMNT04_126193,EBL,15.14,113,111,125,95,82,1,150,27,60,177,122
LOLTMNT01_266003,RL,15.14,90,58,186,0,82,1,150,163,131,122,60
LOLTMNT04_125151,LFL,15.14,150,100,60,132,4,1,128,156,8,36,82
LOLTMNT01_266027,PRM,15.14,169,36,5,82,150,1,8,54,62,46,118
LOLTMNT04_126199,NLC,15.14,14,139,105,76,20,1,27,90,0,4,188
LOLTMNT01_266035,HC,15.14,5,83,95,8,4,0,178,140,44,171,20
LOLTMNT03_279066,LVP SL,15.13,60,131,171,187,118,0,163,0,156,14,15
LOLTMNT04_125156,EBL,15.14,46,58,104,107,180,1,59,170,40,158,38
LOLTMNT01_266041,RL,15.14,128,27,175,114,111,0,85,57,20,83,171
LOLTMNT04_125158,LFL,15.14,178,129,139,103,176,1,169,13,0,118,140
LOLTMNT01_266048,PRM,15.14,163,4,60,30,49,0,58,139,15,90,181
LOLTMNT01_267045,HC,15.14,122,40,59,91,136,0,114,49,155,131,172
LOLTMNT01_267040,LRS,15.14,104,169,171,62,139,1,178,65,129,58,0
LOLTMNT04_126201,NLC,15.14,128,175,13,22,104,1,113,150,60,27,103
LOLTMNT04_125161,LFL,15.14,85,175,122,114,111,1,62,104,5,90,2
LOLTMNT01_266076,LRS,15.14,156,139,78,140,20,0,175,14,5,4,62
LOLTMNT01_266115,LRS,15.14,163,15,169,146,57,1,104,58,170,1,139
LOLTMNT01_267173,LCKC,15.14,163,8,175,114,13,1,128,156,58,122,171
LOLTMNT01_267174,LCKC,15.14,46,175,13,122,85,0,56,129,178,58,103
LOLTMNT01_267187,LCKC,15.14,14,114,139,36,4,1,150,169,0,27,104
LOLTMNT01_267186,LCKC,15.14,14,176,118,60,90,0,1,132,4,5,54
LOLTMNT01_267210,LCKC,15.14,128,181,90,140,148,0,40,54,1,82,10
LOLTMNT01_266226,LCK,15.14,46,107,111,187,86,0,150,169,128,4,62
LOLTMNT01_266234,LCK,15.14,156,0,13,59,103,0,8,175,182,140,122
12569-12569_game_1,LPL,15.14,14,140,4,175,60,0,128,156,146,132,20
12569-12569_game_2,LPL,15.14,163,8,122,125,100,0,58,13,54,118,171
LOLTMNT01_266276,LCK,15.14,46,175,150,118,27,1,14,178,128,132,82
12570-12570_game_1,LPL,15.14,150,140,4,139,178,1,13,163,54,104,5
LOLTMNT01_266288,LCK,15.14,163,131,181,23,136,0,188,186,13,4,182
12570-12570_game_2,LPL,15.14,169,14,128,85,20,0,8,176,118,107,112
LOLTMNT04_125182,TCL,15.14,169,128,40,62,122,1,150,175,5,118,27
LOLTMNT01_266415,HC,15.14,113,122,163,171,173,0,175,128,4,58,147
LOLTMNT04_125190,TCL,15.14,14,57,131,4,176,1,128,122,27,111,178
LOLTMNT03_278121,LVP SL,15.13,1,131,118,59,0,0,14,90,36,122,125
LOLTMNT04_125197,LFL,15.14,175,139,147,106,132,0,150,169,5,62,104
LOLTMNT04_125196,LFL,15.14,163,14,5,15,141,1,58,128,150,122,178
LOLTMNT01_266437,HC,15.14,129,65,36,60,100,1,107,104,95,112,84
LOLTMNT04_125199,LIT,15.14,8,169,62,104,125,0,178,40,122,140,44
LOLTMNT04_126252,NLC,15.14,128,14,178,176,118,1,60,169,150,58,82
LOLTMNT06_130018,AL,15.13,60,140,90,171,103,0,0,163,156,150,4
LOLTMNT04_125215,TCL,15.14,46,170,36,122,129,1,13,175,56,85,20
LOLTMNT04_125222,LFL,15.14,178,58,112,103,111,0,128,156,146,27,122
LOLTMNT04_125223,LIT,15.14,188,54,181,82,125,0,163,111,178,103,182
LOLTMNT03_279112,LVP SL,15.13,150,156,139,85,20,1,14,80,0,163,104
LOLTMNT04_125221,EBL,15.14,163,90,125,171,4,0,58,156,112,13,103
LOLTMNT01_266467,ROL,15.14,163,122,125,44,141,0,5,58,4,56,19
LOLTMNT04_125224,LFL,15.14,129,176,118,80,139,1,8,85,54,101,0
LOLTMNT01_266474,HC,15.14,100,177,58,0,104,0,178,111,139,155,86
LOLTMNT06_130019,AL,15.13,5,59,178,122,105,1,125,27,175,65,82
LOLTMNT04_126272,NLC,15.14,188,139,156,118,140,1,41,14,169,122,164
LOLTMNT04_125230,TCL,15.14,139,111,107,58,122,1,156,85,40,128,4
LOLTMNT01_266487,LIT,15.14,178,1,155,56,20,0,175,13,182,85,101
LOLTMNT03_278128,LVP SL,15.13,139,175,14,85,20,1,25,178,147,27,118
LOLTMNT04_126277,LFL,15.14,113,8,58,128,4,0,163,129,175,44,118
LOLTMNT04_125236,LFL,15.14,113,27,43,82,146,0,13,156,103,95,182
LOLTMNT04_125238,EBL,15.14,14,141,60,187,118,1,150,178,43,140,104
LOLTMNT01_266491,HC,15.14,60,156,140,84,133,0,131,188,181,69,103
LOLTMNT04_126284,NLC,15.14,59,38,104,24,30,0,85,139,122,175,7
LOLTMNT01_267513,ROL,15.14,171,156,4,176,46,0,150,122,175,27,60
LOLTMNT01_267517,ROL,15.14,88,113,25,10,6,0,0,156,171,62,154
LOLTMNT06_131019,AL,15.13,128,131,181,142,115,1,46,95,145,141,114
LOLTMNT03_279116,LVP SL,15.13,147,156,139,176,118,0,178,2,5,62,122
LOLTMNT04_125240,LFL,15.14,46,54,132,171,82,0,141,172,122,36,2
LOLTMNT04_126287,LFL,15.14,14,85,20,141,5,1,78,175,118,36,56
LOLTMNT04_126288,NLC,15.14,46,175,150,122,142,1,56,147,169,176,118
LOLTMNT04_125241,EBL,15.14,14,85,20,170,139,0,150,175,118,140,30
LOLTMNT06_131021,AL,15.13,86,155,173,13,112,1,15,22,14,56,136
LOLTMNT01_267532,ROL,15.14,178,111,140,20,112,0,163,131,49,136,65
LOLTMNT01_266517,ROL,15.14,95,16,134,1,118,1,90,139,85,18,98
LOLTMNT03_279120,LVP SL,15.13,163,30,129,0,15,1,36,90,82,13,43
LOLTMNT04_126290,LFL,15.14,46,54,111,82,58,1,128,178,40,103,62
LOLTMNT04_126291,EBL,15.14,178,62,122,171,112,0,156,36,4,111,5
LOLTMNT04_125246,NLC,15.14,113,62,147,125,103,0,90,114,14,155,20
LOLTMNT06_130022,AL,15.13,113,182,9,144,129,0,85,80,101,139,93
LOLTMNT04_125249,EBL,15.14,147,27,103,134,90,1,40,59,148,136,72
LOLTMNT04_127001,LFL,15.14,4,100,150,0,140,0,122,156,1,139,176
LOLTMNT01_268021,NACL,15.14,163,139,65,178,147,0,58,104,60,111,175
LOLTMNT01_266580,NACL,15.14,175,171,128,27,118,0,85,156,40,111,122
LOLTMNT01_268058,NACL,15.14,46,58,90,27,118,0,44,163,65,156,24
LOLTMNT01_266610,NACL,15.14,85,46,150,54,20,0,178,132,103,171,128
LOLTMNT01_268075,NACL,15.14,150,169,85,46,20,1,14,131,110,132,103
LOLTMNT01_268135,LCKC,15.14,169,176,118,40,60,1,128,85,4,178,13
LOLTMNT01_268158,LCKC,15.14,150,175,58,56,122,0,163,14,125,54,124
LOLTMNT01_268160,LCKC,15.14,46,175,8,140,122,1,13,156,40,27,82
LOLTMNT01_266692,LCKC,15.14,150,0,169,36,65,1,139,178,14,104,58
LOLTMNT01_266699,LCKC,15.14,129,176,118,5,186,1,171,4,132,141,125
LOLTMNT01_266736,LCK,15.14,8,128,169,27,104,0,46,175,111,58,15
LOLTMNT01_266753,LCK,15.14,14,176,118,131,57,1,85,20,141,158,60
LOLTMNT01_268212,LJL,15.14,46,131,181,85,118,0,128,14,156,4,132
12571-12571_game_1,LPL,15.14,163,156,150,122,139,1,178,129,128,36,20
LOLTMNT01_266767,LCK,15.14,132,4,156,125,171,0,129,178,44,9,154
LOLTMNT01_266763,LJL,15.14,8,175,62,0,122,1,139,49,176,20,54
12571-12571_game_2,LPL,15.14,175,5,40,85,82,0,13,103,0,62,141
LOLTMNT01_266776,LJL,15.14,150,170,103,187,5,0,140,13,82,60,72
12572-12572_game_1,LPL,15.14,14,178,46,140,122,0,8,170,103,13,95
LOLTMNT01_266798,LCK,15.14,8,178,4,139,27,0,175,13,114,95,5
LOLTMNT01_268273,LJL,15.14,107,95,40,129,44,0,36,105,125,18,27
12572-12572_game_2,LPL,15.14,128,181,131,86,187,1,85,101,141,60,171
LOLTMNT01_266815,LCK,15.14,169,1,0,36,20,1,128,14,156,85,82
12572-12572_game_3,LPL,15.14,129,56,118,58,186,0,5,111,54,22,20
LOLTMNT01_266848,LCK,15.14,129,118,54,140,60,0,122,24,125,105,62
LOLTMNT01_266867,HM,15.14,27,156,1,86,5,1,85,150,20,83,125
LOLTMNT04_125273,TCL,15.14,46,131,181,122,36,1,128,178,142,58,82
LOLTMNT01_268382,HM,15.14,178,163,139,129,114,0,128,80,140,4,49
LOLTMNT01_268379,RL,15.14,85,13,101,5,175,1,46,14,27,82,169
LOLTMNT04_125279,TCL,15.14,156,176,150,112,82,1,14,169,57,4,140
LOLTMNT04_127041,LIT,15.14,150,175,139,36,15,1,111,178,60,59,103
LOLTMNT06_130024,AL,15.13,0,1,175,140,65,1,125,14,141,20,9
LOLTMNT04_127034,LFL,15.14,163,156,150,122,60,1,58,175,147,103,5
LOLTMNT01_266908,HM,15.14,13,139,156,187,118,1,128,8,170,4,155
LOLTMNT01_268390,RL,15.14,104,1,58,186,112,0,65,171,140,54,25
LOLTMNT06_130025,AL,15.13,156,171,22,82,0,0,14,27,103,170,181
LOLTMNT04_125284,TCL,15.14,156,40,46,187,103,0,170,8,5,140,20
LOLTMNT01_268416,HM,15.14,182,175,146,142,15,1,125,111,178,20,140
LOLTMNT06_131026,AL,15.13,46,163,54,111,122,1,56,178,27,146,4
LOLTMNT04_125288,LFL,15.14,139,80,78,64,104,1,178,111,86,25,27
LOLTMNT04_125286,EBL,15.14,14,176,103,125,105,1,147,118,95,156,112
LOLTMNT04_127043,LIT,15.14,46,54,85,49,65,0,178,125,62,129,122
LOLTMNT01_268412,RL,15.14,114,118,176,57,78,1,155,156,150,189,30
LOLTMNT06_131027,AL,15.13,178,86,2,160,139,0,150,118,169,176,25
LOLTMNT04_127046,TCL,15.14,46,175,111,27,15,0,57,58,40,131,103
LOLTMNT01_266961,HM,15.14,5,163,147,103,141,1,60,129,54,122,132
LOLTMNT04_125294,LFL,15.14,129,114,125,36,20,1,131,180,44,10,124
LOLTMNT04_125295,EBL,15.14,169,5,62,104,2,1,111,36,134,175,65
LOLTMNT04_127049,LIT,15.14,178,46,13,9,103,1,150,114,62,57,82
LOLTMNT01_268439,RL,15.14,163,156,150,139,118,1,128,58,111,178,103
LOLTMNT06_131029,AL,15.13,128,13,100,103,142,0,156,60,40,62,104
LOLTMNT04_125306,EBL,15.14,90,162,82,140,3,0,131,59,4,0,51
LOLTMNT04_125308,LFL,15.14,14,90,27,20,0,1,36,156,2,4,5
LOLTMNT01_268469,RL,15.14,27,141,122,1,60,0,95,175,20,147,0
LOLTMNT04_125309,EBL,15.14,111,107,163,114,4,1,1,85,178,122,110
LOLTMNT06_130029,AL,15.13,56,100,163,171,122,1,60,156,140,1,15
LOLTMNT04_127059,LFL,15.14,139,176,118,111,54,0,122,178,25,187,13
LOLTMNT04_127060,EBL,15.14,113,82,155,0,8,0,156,95,20,60,147
LOLTMNT06_130030,AL,15.13,113,139,58,4,111,0,128,27,82,30,181
LOLTMNT01_268521,NACL,15.14,14,139,36,90,20,1,163,150,178,5,104
LOLTMNT01_268537,NACL,15.14,14,176,118,128,169,0,85,8,101,114,56
LOLTMNT01_269075,NACL,15.14,169,125,150,58,118,0,14,178,139,65,164
LOLTMNT01_268569,NACL,15.14,111,132,175,20,13,1,46,156,2,36,65
LOLTMNT01_268577,NACL,15.14,128,156,129,104,95,0,40,175,150,58,65
LOLTMNT01_268648,LCK,15.14,156,132,4,158,57,1,85,150,20,5,54
LOLTMNT01_268653,LCK,15.14,46,178,163,118,1,0,175,128,111,58,90
12573-12573_game_1,LPL,15.14,46,150,178,62,122,1,129,175,128,36,20
12573-12573_game_2,LPL,15.14,163,139,54,4,33,1,80,58,182,171,118
LOLTMNT01_269192,LCK,15.14,163,175,8,114,128,1,46,156,58,122,89
12573-12573_game_3,LPL,15.14,5,170,40,142,114,1,60,82,85,27,105
LOLTMNT01_269211,LCK,15.14,150,54,4,140,57,0,14,178,118,27,60
LOLTMNT01_269213,LCP,15.14,14,140,65,60,107,1,104,175,150,163,112
LOLTMNT04_125327,LFL2,15.14,150,156,139,85,82,0,49,27,175,43,20
12574-12574_game_1,LPL,15.14,128,90,181,27,122,1,14,156,139,4,140
LOLTMNT01_269221,LCP,15.14,139,132,178,118,13,0,27,4,191,56,142
LOLTMNT04_127082,LFL2,15.14,13,178,95,82,147,0,163,175,49,122,0
12574-12574_game_2,LPL,15.14,150,175,46,176,118,1,40,178,104,58,57
LOLTMNT04_125338,LFL2,15.14,46,150,156,15,27,1,175,60,59,111,103
12574-12574_game_3,LPL,15.14,54,129,182,132,103,0,131,85,125,171,82
LOLTMNT01_268760,LCP,15.14,169,4,150,164,5,0,46,140,114,40,178
LOLTMNT03_279139,HLL,15.13,150,178,46,27,114,1,111,122,5,54,132
LOLTMNT04_125341,LFL2,15.14,14,85,20,114,139,1,8,95,118,169,5
12575-12575_game_1,LPL,15.14,150,178,112,62,118,1,128,175,4,36,146
LOLTMNT01_269280,LCP,15.14,175,8,128,58,118,0,129,156,139,27,15
LOLTMNT03_279140,HLL,15.13,57,131,58,13,82,0,128,90,181,36,103
12575-12575_game_2,LPL,15.14,163,139,13,103,141,1,58,54,8,5,82
LOLTMNT01_269288,HM,15.14,181,131,133,20,0,0,13,113,128,163,94
12575-12575_game_3,LPL,15.14,113,27,122,111,125,1,132,20,60,114,171
LOLTMNT03_278163,HLL,15.13,163,156,118,23,129,0,60,95,4,74,40
LOLTMNT01_269312,LTA S,15.14,14,156,58,46,118,1,2,10,175,4,13
LOLTMNT01_268820,HM,15.14,14,185,65,115,182,0,150,178,5,62,82
LOLTMNT03_278168,HLL,15.13,8,100,125,22,87,1,85,49,101,44,141
LOLTMNT04_125352,PRM,15.14,111,0,175,27,103,1,129,169,88,9,154
LOLTMNT06_130035,AL,15.13,46,178,171,176,103,0,14,156,56,36,82
LOLTMNT01_268829,LTA S,15.14,178,128,1,62,122,0,133,56,146,132,112
LOLTMNT01_268830,HM,15.14,46,141,176,2,122,0,5,85,101,54,165
LOLTMNT04_127106,PRM,15.14,163,122,146,156,125,1,58,1,178,20,56
LOLTMNT06_131032,AL,15.13,169,62,40,18,125,0,60,114,150,132,118
LOLTMNT01_268853,LTA S,15.14,128,90,181,4,95,1,139,14,178,140,20
LOLTMNT01_268855,HM,15.14,128,58,118,114,27,0,36,182,82,175,49
LOLTMNT04_125357,PRM,15.14,8,131,57,62,104,1,60,54,147,4,95
LOLTMNT01_269358,LTA S,15.14,169,1,62,60,122,0,107,40,56,27,118
LOLTMNT01_269350,RL,15.14,58,49,122,105,158,0,171,170,140,103,182
LOLTMNT01_269360,HM,15.14,178,9,86,150,139,0,90,140,65,0,166
LOLTMNT06_131035,AL,15.13,163,46,14,141,104,0,156,171,56,27,82
LOLTMNT04_127109,PRM,15.14,150,139,16,85,20,1,14,9,5,170,122
LOLTMNT01_269368,RL,15.14,27,178,150,129,15,0,85,111,20,175,112
LOLTMNT06_131036,AL,15.13,178,62,5,122,150,1,60,173,13,176,20
LOLTMNT04_125359,PRM,15.14,13,178,114,187,144,0,171,175,104,58,182
LOLTMNT01_269407,LTA N,15.14,163,8,178,118,145,1,13,175,139,4,140
LOLTMNT06_130039,AL,15.13,125,54,40,32,124,1,0,131,2,64,154
LOLTMNT01_269416,LTA N,15.14,14,131,56,27,122,0,90,181,128,36,20
LOLTMNT01_268930,LTA N,15.14,163,169,150,118,128,1,14,156,139,4,140
LOLTMNT01_269432,LTA N,15.14,175,44,129,9,20,0,125,141,111,122,132
LOLTMNT01_269486,LCKC,15.14,46,176,118,181,90,0,5,156,140,40,82
LOLTMNT01_268977,LCKC,15.14,14,85,20,60,141,1,8,178,132,139,122
LOLTMNT01_268996,LCK,15.14,128,107,111,187,86,0,150,178,112,85,103
LOLTMNT01_269509,LCKC,15.14,113,112,171,27,115,0,175,128,146,104,64
LOLTMNT01_270006,LCK,15.14,14,156,139,140,122,1,169,13,5,118,62
LOLTMNT01_269548,LCK,15.14,129,36,104,60,170,1,27,141,24,15,0
12576-12576_game_1,LPL,15.14,163,156,112,14,122,1,128,150,58,54,4
LOLTMNT01_270043,LCK,15.14,163,46,129,54,114,1,128,175,1,140,103
LOLTMNT01_270052,LCP,15.14,175,163,13,122,60,1,129,156,139,85,20
LOLTMNT04_125362,LFL2,15.14,163,141,14,128,103,1,175,58,150,5,122
12576-12576_game_2,LPL,15.14,46,175,13,62,103,0,85,20,57,178,8
LOLTMNT01_270056,LCK,15.14,132,40,170,60,148,0,107,111,5,58,15
LOLTMNT01_270059,LCP,15.14,14,176,118,52,56,1,140,90,181,103,5
LOLTMNT04_127115,LFL2,15.14,128,107,158,27,103,0,163,156,40,4,111
12577-12577_game_1,LPL,15.14,156,111,139,27,114,1,178,150,5,4,140
LOLTMNT01_270074,LCP,15.14,4,182,62,107,40,1,178,128,95,18,146
12577-12577_game_2,LPL,15.14,14,169,182,62,118,1,90,181,25,122,58
LOLTMNT04_125368,LFL2,15.14,5,156,163,122,129,0,139,95,70,15,11
LOLTMNT01_270113,LCP,15.14,113,46,1,140,122,1,150,178,44,27,20
12577-12577_game_3,LPL,15.14,85,15,146,142,54,0,20,171,36,60,107
LOLTMNT03_279151,HLL,15.13,128,111,178,176,118,1,40,27,175,147,15
LOLTMNT04_127119,LFL2,15.14,46,156,58,118,146,0,95,90,122,2,181
LOLTMNT01_269655,LCP,15.14,8,156,60,82,62,1,175,13,118,129,95
LOLTMNT03_278188,HLL,15.13,150,36,103,114,57,0,1,163,20,170,60
LOLTMNT01_270155,HM,15.14,46,58,111,178,20,0,41,163,82,175,49
LOLTMNT01_270158,LCP,15.14,103,85,139,181,191,0,154,9,5,141,158
LOLTMNT03_278195,HLL,15.13,122,90,95,49,125,0,129,156,4,85,112
LOLTMNT01_270181,HM,15.14,13,107,182,176,104,0,147,5,4,56,36
LOLTMNT01_270185,LTA S,15.14,150,128,175,58,118,0,111,156,125,36,82
LOLTMNT01_269701,LTA S,15.14,14,131,104,22,182,0,139,171,54,4,140
LOLTMNT04_125373,PRM,15.14,14,175,128,176,118,0,131,181,46,132,82
LOLTMNT01_270191,HM,15.14,46,58,181,54,82,0,44,163,49,175,114
LOLTMNT01_270198,LTA S,15.14,178,5,122,132,158,1,80,8,0,103,142
LOLTMNT04_125374,PRM,15.14,111,107,139,140,4,1,169,1,0,142,103
LOLTMNT01_270207,HM,15.14,128,169,188,95,15,0,178,111,40,140,65
LOLTMNT01_269731,LTA S,15.14,175,140,8,118,182,1,150,178,128,27,122
LOLTMNT04_127124,PRM,15.14,129,9,86,30,125,0,85,20,178,93,43
LOLTMNT01_270225,HM,15.14,139,187,118,100,13,1,25,27,83,122,142
LOLTMNT01_269749,LTA S,15.14,46,54,4,13,58,1,111,132,20,5,44
LOLTMNT04_127127,PRM,15.14,14,128,58,175,4,1,27,147,178,60,65
LOLTMNT01_269756,LTA S,15.14,131,171,139,36,15,0,107,62,104,60,146
LOLTMNT04_127128,PRM,15.14,46,62,118,1,80,1,57,36,103,156,93
LOLTMNT01_270271,LTA N,15.14,169,128,150,62,122,1,139,156,111,85,20
LOLTMNT01_270275,LTA N,15.14,132,54,171,60,103,0,175,8,125,4,36
LOLTMNT01_270288,LTA N,15.14,5,178,8,85,20,1,46,150,141,4,27
LOLTMNT01_269810,LTA N,15.14,169,40,104,64,13,0,128,54,171,36,122
LOLTMNT01_270295,LRN,15.14,156,40,118,27,128,0,111,175,4,85,112
LOLTMNT01_269819,LRN,15.14,163,111,139,178,15,1,169,150,25,4,140
LOLTMNT01_269822,LRN,15.14,163,118,175,13,125,1,85,20,114,129,0
LOLTMNT01_270352,LCKC,15.14,163,128,40,54,124,1,46,8,175,4,58
LOLTMNT01_270365,LCKC,15.14,150,85,20,186,125,1,90,181,60,118,36
LOLTMNT01_270361,PCS,15.14,163,54,8,57,34,0,156,140,14,20,139
12578-12578_game_1,LPL,15.14,14,156,5,82,140,0,8,175,125,103,62
LOLTMNT01_269902,LCKC,15.14,169,56,1,140,82,0,5,13,100,122,187
LOLTMNT01_270367,PCS,15.14,46,4,175,36,1,1,129,141,56,124,62
12578-12578_game_2,LPL,15.14,46,170,40,122,176,0,13,107,111,132,114
LOLTMNT01_270388,PCS,15.14,178,118,27,182,13,1,111,176,103,100,60
LOLTMNT01_270403,LCKC,15.14,13,178,150,27,122,0,14,175,128,85,20
12579-12579_game_1,LPL,15.14,14,156,112,140,4,1,128,181,90,118,187
12579-12579_game_2,LPL,15.14,150,54,60,9,103,0,178,171,43,62,122
LOLTMNT01_270433,LCKC,15.14,129,156,139,142,103,1,132,4,8,60,116
LOLTMNT01_269986,LCKC,15.14,163,90,181,112,118,0,111,107,104,125,62
LOLTMNT01_271110,CD,15.14,175,176,118,146,128,1,1,62,169,122,60
LOLTMNT01_270597,CD,15.14,150,128,156,140,118,0,1,169,5,103,59
LOLTMNT01_271134,CD,15.14,46,140,14,15,54,1,111,56,4,58,35
LOLTMNT01_271144,CD,15.14,113,58,46,171,122,0,163,178,128,129,4
LOLTMNT01_270635,CD,15.14,13,5,4,140,52,0,111,156,114,0,62
LOLTMNT01_271149,LRN,15.14,14,178,51,124,62,0,139,13,4,56,32
LOLTMNT01_271152,LRN,15.14,46,111,54,85,20,1,163,107,56,78,4
LOLTMNT01_271155,LRN,15.14,14,156,58,5,82,1,111,178,4,85,56
LOLTMNT01_270714,LCKC,15.14,169,1,5,27,122,0,150,178,125,85,20
LOLTMNT01_271234,LCKC,15.14,46,62,4,158,107,0,128,156,13,58,15
12580-12580_game_1,LPL,15.14,150,169,125,27,4,0,182,156,14,85,20
12580-12580_game_2,LPL,15.14,163,175,2,118,0,1,139,111,178,95,103
LOLTMNT01_270759,LCKC,15.14,128,156,1,58,15,1,60,111,175,4,62
12580-12580_game_3,LPL,15.14,5,54,40,154,59,1,128,171,114,176,82
LOLTMNT01_271285,LCKC,15.14,46,54,40,95,104,1,57,178,13,27,122
LOLTMNT01_271317,LCKC,15.14,163,129,5,103,105,0,140,8,0,74,118
12581-12581_game_1,LPL,15.14,150,175,46,27,122,1,169,111,13,4,132
12581-12581_game_2,LPL,15.14,114,112,171,36,65,0,178,128,146,85,154
LOLTMNT01_271367,HM,15.14,163,8,170,56,4,1,133,181,131,125,103
LOLTMNT01_270882,HM,15.14,60,147,141,155,94,0,43,129,175,132,188
LOLTMNT03_279191,HLL,15.13,163,82,150,30,112,0,176,118,139,147,156
LOLTMNT01_270880,RL,15.14,181,56,4,27,105,0,46,122,146,36,16
LOLTMNT01_270907,LVP SL,15.14,60,175,171,36,82,0,43,178,150,27,114
LOLTMNT01_270908,HM,15.14,113,8,5,36,104,1,150,27,125,178,15
LOLTMNT03_278239,HLL,15.13,27,43,111,4,72,1,178,60,171,36,65
LOLTMNT04_127191,PRM,15.14,128,175,27,13,114,0,46,169,1,62,15
LOLTMNT01_271409,RL,15.14,171,139,156,140,15,1,2,58,74,0,65
LOLTMNT03_278241,HLL,15.13,46,178,111,163,122,1,125,156,171,85,20
LOLTMNT01_270937,HM,15.14,163,60,156,103,93,1,128,58,181,170,82
LOLTMNT04_125442,PRM,15.14,178,147,5,95,4,0,111,56,54,85,82
LOLTMNT01_270936,LVP SL,15.14,139,90,111,176,118,1,178,128,8,27,15
LOLTMNT03_278242,HLL,15.13,136,107,2,59,154,1,129,125,62,122,141
LOLTMNT01_270938,ROL,15.14,150,185,5,90,62,1,147,156,4,136,155
LOLTMNT03_279195,HLL,15.13,150,27,103,170,136,0,13,132,148,90,182
LOLTMNT01_271437,RL,15.14,90,20,60,142,150,1,178,112,118,59,93
LOLTMNT03_279196,HLL,15.13,85,101,146,100,25,0,132,133,172,175,110
LOLTMNT04_125447,PRM,15.14,14,85,20,178,139,1,147,122,27,175,23
LOLTMNT03_278243,HLL,15.13,175,176,129,112,65,1,118,83,59,57,98
LOLTMNT01_271462,LVP SL,15.14,150,169,62,128,103,1,147,156,176,4,60
LOLTMNT01_270958,ROL,15.14,171,156,163,125,82,0,113,147,58,5,4
LOLTMNT01_270972,RL,15.14,85,13,100,156,103,0,163,14,114,139,124
LOLTMNT01_270977,ROL,15.14,13,141,110,140,82,1,175,139,165,103,164
LOLTMNT01_271468,LVP SL,15.14,36,107,1,128,122,1,150,169,62,139,4
LOLTMNT04_125450,PRM,15.14,163,171,156,15,5,0,111,36,74,118,125
LOLTMNT03_279197,HLL,15.13,128,154,62,30,147,1,0,191,36,82,51
LOLTMNT01_271470,ROL,15.14,122,27,131,134,49,1,85,20,90,60,2
LOLTMNT01_271474,RL,15.14,175,56,36,129,4,1,27,46,5,118,1
LOLTMNT01_270988,LVP SL,15.14,14,46,54,62,122,0,49,169,57,142,114
LOLTMNT01_272002,LRS,15.14,13,107,5,27,118,1,85,178,20,129,60
LOLTMNT01_272007,CD,15.14,111,52,125,122,85,1,14,156,140,0,114
LOLTMNT01_272022,CD,15.14,150,107,13,62,103,0,14,114,182,58,131
LOLTMNT01_271506,CD,15.14,113,111,58,122,5,0,163,8,175,118,125
LOLTMNT01_272036,CD,15.14,14,54,58,5,118,0,113,163,8,46,4
LOLTMNT01_271515,CD,15.14,150,132,103,175,46,1,13,85,54,82,56
LOLTMNT01_272041,LRS,15.14,104,171,169,95,139,1,65,156,111,27,50
LOLTMNT01_271577,LCKC,15.14,46,85,20,54,111,1,150,175,5,132,82
LOLTMNT01_272088,LCKC,15.14,14,85,20,141,125,0,150,175,5,122,140
LOLTMNT01_272094,LCKC,15.14,169,132,4,57,129,0,176,118,178,60,8
LOLTMNT01_271588,LCKC,15.14,14,107,40,27,122,0,128,178,146,140,124
LOLTMNT01_271620,LCK,15.14,175,150,46,95,122,1,178,13,158,36,20
12582-12582_game_1,LPL,15.14,156,112,111,62,118,1,128,150,4,27,54
LOLTMNT01_272131,LCK,15.14,14,141,5,140,65,1,128,131,181,104,27
12582-12582_game_2,LPL,15.14,139,141,129,22,20,1,171,178,131,122,58
LOLTMNT01_272144,LCK,15.14,163,4,54,24,139,0,103,58,146,170,25
12582-12582_game_3,LPL,15.14,113,8,140,25,18,1,182,13,132,90,107
LOLTMNT01_271687,LCK,15.14,175,128,24,27,103,0,178,129,112,104,140
LOLTMNT01_271704,LCK,15.14,163,171,56,141,114,0,46,107,40,118,176
LOLTMNT01_272256,HC,15.14,14,175,60,85,20,1,181,131,43,62,118
LOLTMNT01_271773,LVP SL,15.14,163,178,13,15,5,1,188,169,122,93,57
LOLTMNT04_127229,LFL,15.14,113,188,56,85,20,1,14,131,139,36,15
LOLTMNT04_127241,LIT,15.14,128,178,59,49,118,0,40,155,156,9,103
LOLTMNT04_125499,NLC,15.14,113,25,14,62,4,1,114,147,186,122,155
LOLTMNT01_271789,HC,15.14,163,156,49,0,122,0,169,171,5,36,4
LOLTMNT04_125502,LIT,15.14,163,14,170,182,82,1,1,140,169,46,20
LOLTMNT01_271802,LVP SL,15.14,169,49,5,142,15,1,112,54,176,188,103
LOLTMNT04_125501,EBL,15.14,163,107,122,171,162,1,85,170,154,147,112
LOLTMNT04_127245,NLC,15.14,27,175,1,70,15,1,22,80,146,112,18
LOLTMNT04_125504,LFL,15.14,156,27,60,13,104,1,128,54,122,150,140
LOLTMNT01_272315,HC,15.14,14,156,58,114,118,0,178,147,5,59,86
LOLTMNT04_125506,EBL,15.14,111,54,36,175,82,0,150,156,5,62,103
LOLTMNT04_127254,LIT,15.14,150,139,175,4,140,0,49,122,185,110,142
LOLTMNT01_272323,LVP SL,15.14,113,85,147,56,15,1,14,178,36,20,136
LOLTMNT04_127256,NLC,15.14,128,175,1,187,4,1,13,54,139,85,101
LOLTMNT01_271836,RL,15.14,150,178,46,59,86,1,171,132,170,80,82
LOLTMNT04_127259,PRM,15.14,14,139,175,103,132,1,181,90,60,4,140
LOLTMNT04_127260,LFL,15.14,90,132,103,24,5,1,4,175,129,187,23
LOLTMNT01_271841,HC,15.14,128,176,141,1,4,1,169,150,60,140,65
LOLTMNT04_127262,LIT,15.14,169,163,129,118,60,0,99,27,58,82,42
LOLTMNT01_271843,LVP SL,15.14,14,169,5,140,15,1,150,85,20,114,23
LOLTMNT04_127261,EBL,15.14,14,163,169,4,0,1,147,178,140,139,65
LOLTMNT04_127263,NLC,15.14,156,118,142,8,0,0,107,58,104,150,182
LOLTMNT04_125512,PRM,15.14,150,169,182,155,114,0,111,54,25,62,82
LOLTMNT01_272339,RL,15.14,128,54,1,140,65,0,147,118,187,60,74
LOLTMNT04_125514,LFL,15.14,150,175,56,132,118,0,46,156,8,176,122
LOLTMNT04_127265,EBL,15.14,150,30,58,125,104,1,175,111,5,122,76
LOLTMNT01_271856,LVP SL,15.14,14,175,128,140,20,1,139,36,122,90,181
LOLTMNT04_125515,PRM,15.14,128,58,118,72,129,1,163,122,171,107,40
LOLTMNT01_272354,RL,15.14,188,156,4,139,155,1,111,175,20,58,164
LOLTMNT01_271858,CD,15.14,46,175,40,176,118,1,113,8,140,5,20
LOLTMNT04_127266,LFL,15.14,85,40,54,129,4,0,178,128,13,27,15
LOLTMNT04_125516,EBL,15.14,62,182,13,107,40,0,95,60,129,118,80
LOLTMNT01_272369,CD,15.14,85,131,181,128,122,1,150,27,103,100,5
LOLTMNT01_271883,CD,15.14,13,178,139,58,4,0,175,8,0,132,20
LOLTMNT01_271894,CD,15.14,14,113,58,139,122,1,2,132,169,103,23
LOLTMNT01_271895,CD,15.14,181,131,128,36,15,1,111,104,100,136,62
LOLTMNT01_271936,LCKC,15.14,150,175,128,140,122,0,13,169,1,104,62
LOLTMNT01_272429,LCKC,15.14,163,5,40,54,118,0,46,8,178,27,20
LOLTMNT01_272433,LCKC,15.14,178,85,20,171,60,0,129,54,139,176,118
LOLTMNT01_271944,LCKC,15.14,175,111,60,85,122,1,139,13,156,36,82
LOLTMNT01_271956,LCKC,15.14,14,112,186,62,115,1,125,150,170,104,64
LOLTMNT01_272461,LCK,15.14,14,175,128,140,20,1,46,169,1,85,122
LOLTMNT01_272463,LCK,15.14,178,2,114,27,112,0,125,111,107,4,62
12584-12584_game_1,LPL,15.14,113,176,118,171,0,0,139,141,111,36,65
12584-12584_game_2,LPL,15.14,178,2,60,64,124,1,129,170,5,4,188
LOLTMNT01_273014,LCK,15.14,46,129,178,27,122,0,13,175,111,85,20
12584-12584_game_3,LPL,15.14,150,103,40,132,110,0,128,175,8,122,142
LOLTMNT01_273023,LCK,15.14,14,156,140,82,146,0,128,131,181,62,15
12585-12585_game_1,LPL,15.14,178,111,139,27,122,0,150,175,5,118,176
12585-12585_game_2,LPL,15.14,14,58,128,82,107,0,163,188,112,103,54
LOLTMNT04_127298,TCL,15.14,156,111,5,27,122,1,90,58,125,2,114
LOLTMNT01_272538,HC,15.14,111,161,122,60,187,1,178,147,53,10,28
LOLTMNT04_125555,TCL,15.14,113,111,58,43,122,1,150,163,156,112,82
LOLTMNT01_273067,LVP SL,15.14,111,54,112,58,15,1,147,163,156,38,18
LOLTMNT04_125561,LFL,15.14,14,27,156,115,0,1,58,90,188,144,182
LOLTMNT04_125562,NLC,15.14,60,175,150,36,82,1,14,156,182,58,4
LOLTMNT01_273068,HC,15.14,113,163,118,8,139,1,175,65,140,1,4
LOLTMNT04_125566,LIT,15.14,122,49,185,62,5,0,14,175,114,36,125
LOLTMNT04_125559,LFL,15.14,156,36,13,125,15,0,14,175,62,4,57
LOLTMNT04_125569,TCL,15.14,163,156,5,4,13,0,128,169,58,40,118
LOLTMNT04_127332,LIT,15.14,113,85,20,173,129,1,169,58,118,139,171
LOLTMNT04_125570,NLC,15.14,128,169,1,103,140,0,163,54,122,139,13
LOLTMNT04_127333,LFL,15.14,175,132,103,129,44,1,178,36,2,122,5
LOLTMNT01_272567,HC,15.14,104,170,84,160,112,0,142,90,40,124,110
LOLTMNT04_127331,EBL,15.14,14,54,139,36,15,1,150,58,5,70,118
LOLTMNT01_273080,ROL,15.14,188,90,38,104,27,1,46,175,163,15,1
LOLTMNT04_125571,LFL,15.14,111,122,54,132,25,1,27,178,114,139,129
LOLTMNT01_272576,LVP SL,15.14,150,176,118,175,5,1,1,169,15,163,44
LOLTMNT04_125576,LIT,15.14,178,95,103,13,69,0,186,163,82,60,40
LOLTMNT04_127335,TCL,15.14,46,90,27,114,58,0,156,5,150,122,62
LOLTMNT04_125574,NLC,15.14,150,46,178,132,122,1,40,175,44,140,152
LOLTMNT04_125577,EBL,15.14,13,156,10,133,0,0,104,62,169,112,115
LOLTMNT04_127338,LFL,15.14,128,141,62,15,57,1,85,80,101,40,111
LOLTMNT01_273101,HC,15.14,178,145,139,20,164,1,156,147,46,176,86
LOLTMNT04_127339,LFL,15.14,90,58,18,56,24,0,131,188,181,82,60
LOLTMNT01_273097,ROL,15.14,14,58,170,122,125,1,150,156,82,140,56
LOLTMNT01_272588,ROL,15.14,13,175,155,82,136,1,178,171,5,27,103
LOLTMNT01_272591,LVP SL,15.14,14,139,105,58,122,0,182,49,178,140,118
LOLTMNT04_127343,NLC,15.14,13,27,4,169,2,0,111,58,118,131,5
LOLTMNT04_127346,LFL,15.14,128,90,27,122,95,1,175,13,8,58,103
LOLTMNT01_272603,HC,15.14,5,122,54,142,7,0,173,175,114,187,1
LOLTMNT01_272602,ROL,15.14,128,90,142,140,144,0,181,139,4,188,170
LOLTMNT01_273118,ROL,15.14,54,133,111,23,118,1,80,95,146,5,103
LOLTMNT01_272604,LVP SL,15.14,163,156,111,139,115,1,14,178,27,122,5
LOLTMNT04_125584,LFL,15.14,111,175,4,36,43,0,14,156,139,176,118
LOLTMNT01_273124,HC,15.14,14,52,140,82,25,1,107,65,62,103,70
LOLTMNT04_125586,LFL,15.14,46,111,169,118,62,0,150,178,5,15,140
LOLTMNT01_273125,LVP SL,15.14,163,14,178,15,60,1,129,175,57,58,65
LOLTMNT04_125587,LFL,15.14,178,8,128,95,103,0,56,27,40,122,5
LOLTMNT02_291245,NACL,15.15,156,46,171,4,62,0,175,13,56,118,176
LOLTMNT02_290296,NACL,15.15,13,54,150,176,82,0,14,178,5,62,122
LOLTMNT02_290308,NACL,15.15,139,175,58,146,122,0,163,169,1,4,60
LOLTMNT02_290321,NACL,15.15,111,107,85,122,60,1,150,156,128,183,154
LOLTMNT01_272663,LCKC,15.14,14,178,139,140,122,1,8,175,181,27,103
LOLTMNT01_273194,LCKC,15.14,140,40,13,107,103,0,175,128,111,58,82
LOLTMNT01_272670,LCKC,15.14,178,14,4,125,62,0,150,56,118,95,60
LOLTMNT01_272671,LCKC,15.14,129,128,54,59,86,1,46,13,114,118,176
LOLTMNT01_272674,LCKC,15.14,163,111,82,56,170,1,58,156,15,60,146
LOLTMNT01_272688,LCK,15.14,175,46,40,62,122,1,8,178,13,140,103
LOLTMNT01_272695,LCK,15.14,156,182,150,188,82,0,129,169,5,132,15
LOLTMNT01_272691,LJL,15.14,13,186,60,4,176,0,128,131,51,122,85
12586-12586_game_1,LPL,15.14,178,112,150,36,20,0,175,128,111,85,101
LOLTMNT01_273224,LJL,15.14,139,178,49,118,125,1,29,180,38,133,101
12586-12586_game_2,LPL,15.14,163,74,40,4,23,0,156,139,13,122,27
LOLTMNT01_273235,LCK,15.14,169,150,163,139,65,1,14,114,140,122,25
LOLTMNT01_272712,LJL,15.14,113,153,59,148,65,0,175,44,103,9,190
LOLTMNT01_272717,LCK,15.14,156,85,20,171,128,0,129,186,132,13,40
12587-12587_game_1,LPL,15.14,113,111,139,62,122,1,150,178,5,4,140
12587-12587_game_2,LPL,15.14,169,171,46,64,124,0,118,13,176,181,90
LOLTMNT01_272748,HM,15.14,46,178,111,58,4,1,56,175,40,163,65
LOLTMNT04_127372,TCL,15.14,46,107,111,85,20,0,163,156,5,8,15
LOLTMNT01_272760,HM,15.14,14,85,20,42,54,0,5,122,188,107,43
LOLTMNT04_125630,TCL,15.14,14,128,156,58,104,1,8,178,139,82,62
LOLTMNT05_146030,PRM,15.15,14,128,54,176,118,1,111,175,60,62,122
LOLTMNT04_127389,LIT,15.14,46,169,150,62,122,0,5,178,111,36,20
LOLTMNT04_125634,LFL,15.14,14,36,103,131,0,0,27,78,122,175,60
LOLTMNT04_127398,NLC,15.14,147,54,139,4,27,1,90,95,181,136,40
LOLTMNT01_272763,HM,15.14,156,36,128,4,150,1,178,27,75,49,82
LOLTMNT05_146035,PRM,15.15,163,8,170,82,0,1,58,156,40,125,15
LOLTMNT04_127404,NLC,15.14,163,175,49,124,25,0,140,111,107,82,46
LOLTMNT04_125649,LIT,15.14,163,107,8,4,43,1,58,175,40,82,125
LOLTMNT04_125650,LFL,15.14,128,90,57,132,148,0,40,156,8,4,95
LOLTMNT04_125648,EBL,15.14,14,169,85,43,82,0,2,27,156,60,4
LOLTMNT01_272771,HM,15.14,14,90,140,65,125,0,175,13,118,142,146
LOLTMNT04_127405,TCL,15.14,128,181,90,36,103,1,150,58,178,122,46
LOLTMNT05_145038,PRM,15.15,46,141,27,147,103,0,57,131,24,95,4
LOLTMNT04_127407,NLC,15.14,13,176,118,156,182,1,114,62,122,129,186
LOLTMNT04_127408,LIT,15.14,1,142,103,131,56,0,171,27,60,118,100
LOLTMNT04_125653,EBL,15.14,178,147,125,15,188,1,175,111,112,95,104
LOLTMNT04_127409,LFL,15.14,156,139,14,132,103,0,13,175,5,85,122
LOLTMNT05_145040,PRM,15.15,183,171,54,4,43,0,111,156,5,118,62
LOLTMNT04_125654,EBL,15.14,122,58,40,57,90,0,163,103,46,170,129
LOLTMNT04_127411,LIT,15.14,182,65,140,146,30,1,139,188,104,22,186
LOLTMNT04_127412,LFL,15.14,178,111,36,60,65,0,141,129,62,4,112
LOLTMNT05_146041,PRM,15.15,113,112,1,36,82,0,128,178,122,27,13
LOLTMNT04_125655,LIT,15.14,128,90,181,85,15,1,112,155,83,94,176
LOLTMNT02_290562,NACL,15.15,163,156,139,53,150,1,132,175,5,118,147
LOLTMNT02_290580,NACL,15.15,163,137,122,28,146,0,90,139,27,4,36
LOLTMNT02_290599,NACL,15.15,128,178,171,114,140,1,13,175,60,122,183
LOLTMNT02_291570,NACL,15.15,163,178,1,23,118,1,111,54,58,4,128
LOLTMNT02_291588,NACL,15.15,14,56,175,140,122,0,163,181,90,118,44
LOLTMNT01_273344,LCK,15.14,46,40,54,15,58,1,111,175,5,118,85
LOLTMNT01_272834,LCK,15.14,14,132,4,0,90,0,150,156,60,104,140
12588-12588_game_1,LPL,15.14,156,40,13,62,4,0,128,181,90,58,118
12588-12588_game_2,LPL,15.14,178,114,111,95,103,0,5,175,129,22,20
LOLTMNT01_273361,LCK,15.14,163,107,111,0,122,1,128,156,58,4,1
LOLTMNT01_273364,HC,15.14,147,161,122,142,60,0,1,156,114,140,69
12589-12589_game_1,LPL,15.14,150,170,103,132,128,1,175,8,46,20,142
LOLTMNT01_273365,LCK,15.14,178,171,125,132,103,1,169,129,104,27,60
LOLTMNT02_290699,LCP,15.15,175,46,1,85,118,1,150,169,128,62,122
LOLTMNT04_125658,LFL2,15.14,14,156,13,140,4,1,46,90,181,58,118
LOLTMNT01_272859,HC,15.14,178,163,104,139,171,1,107,65,58,118,24
12589-12589_game_2,LPL,15.14,156,85,101,44,171,1,176,118,169,125,111
LOLTMNT01_273370,LCK,15.14,46,140,40,100,82,0,13,54,5,86,187
LOLTMNT02_290706,LCP,15.15,104,178,40,27,60,1,54,129,15,140,56
LOLTMNT04_127419,LFL2,15.14,46,156,14,82,36,1,13,178,181,103,62
12589-12589_game_3,LPL,15.14,13,141,27,122,105,0,178,60,158,62,4
LOLTMNT01_273382,HC,15.14,14,175,128,4,132,1,178,147,112,140,86
LOLTMNT02_290719,LCP,15.15,111,156,132,5,18,1,176,82,2,52,23
LOLTMNT04_125660,LFL2,15.14,95,175,14,4,128,1,22,156,188,125,15
LOLTMNT01_272868,HC,15.14,113,58,1,118,60,0,163,107,104,129,0
12590-12590_game_1,LPL,15.14,178,46,111,132,103,0,150,175,128,118,140
LOLTMNT02_290759,LCP,15.15,14,141,46,140,4,0,90,181,5,36,20
LOLTMNT04_125661,LFL2,15.14,163,156,20,147,139,0,140,175,118,171,43
12590-12590_game_2,LPL,15.14,113,27,122,129,60,0,156,8,62,104,112
LOLTMNT02_290774,LCP,15.15,156,182,129,183,86,0,13,54,125,104,62
LOLTMNT05_145072,LEC,15.15,113,111,0,183,4,0,150,139,175,118,176
LOLTMNT02_291800,LTA S,15.15,46,178,129,140,104,0,5,175,190,163,65
LOLTMNT05_145074,LEC,15.15,129,178,36,60,103,1,104,54,62,181,25
LOLTMNT02_290829,LTA S,15.15,14,114,139,62,4,0,54,188,128,95,118
LOLTMNT05_145075,LEC,15.15,183,60,150,122,107,0,128,175,111,62,4
LOLTMNT02_290843,LTA S,15.15,13,132,103,169,41,0,111,85,101,56,141
LOLTMNT05_145081,LEC,15.15,129,9,154,131,23,1,8,113,5,85,20
LOLTMNT02_290859,LTA S,15.15,8,175,5,183,103,0,139,14,178,118,176
LOLTMNT05_146099,LEC,15.15,156,104,36,147,44,1,176,118,56,13,0
LOLTMNT02_290875,LTA S,15.15,113,129,125,10,133,1,13,114,60,85,18
LOLTMNT02_290888,LTA S,15.15,169,4,140,182,171,1,56,131,146,27,122
LOLTMNT02_291885,LTA N,15.15,14,175,118,46,58,0,181,131,128,104,36
LOLTMNT02_291895,LTA N,15.15,169,4,13,62,125,0,150,178,15,27,60
LOLTMNT02_290962,LTA N,15.15,163,125,14,122,141,1,169,58,150,44,4
LOLTMNT02_290982,LTA N,15.15,46,175,8,124,183,1,5,156,40,27,103
LOLTMNT02_290987,LTA N,15.15,139,13,114,59,82,1,178,60,129,9,154
LOLTMNT01_273420,LCK,15.14,156,128,129,27,122,0,163,175,24,13,114
LOLTMNT01_272915,LCK,15.14,14,178,139,132,103,0,181,90,25,104,62
LOLTMNT01_273430,LCK,15.14,175,40,128,36,82,0,178,8,46,27,104
LOLTMNT01_272926,HC,15.14,163,60,169,111,118,1,58,128,156,8,122
12591-12591_game_1,LPL,15.14,156,46,150,20,132,0,8,175,13,4,27
LOLTMNT01_272927,LCK,15.14,14,141,5,187,136,0,113,13,182,140,122
LOLTMNT02_291994,LCP,15.15,14,132,4,5,191,1,150,175,27,122,182
LOLTMNT04_125685,LFL2,15.14,46,178,163,4,147,1,44,175,140,171,15
LOLTMNT01_273439,HC,15.14,59,56,86,147,112,1,155,178,13,18,0
12591-12591_game_2,LPL,15.14,113,58,125,111,122,0,163,178,60,171,114
LOLTMNT02_293009,LCP,15.15,113,176,118,112,171,0,85,54,103,60,49
LOLTMNT04_127436,LFL2,15.14,150,85,20,25,156,1,139,95,122,105,74
LOLTMNT01_272933,HC,15.14,150,175,140,98,124,1,186,85,33,125,104
12592-12592_game_1,LPL,15.14,156,58,188,103,128,1,163,14,82,105,60
LOLTMNT04_127437,LFL2,15.14,13,175,4,58,56,1,8,122,90,163,5
LOLTMNT01_273445,HC,15.14,178,176,65,114,28,1,169,27,128,118,14
LOLTMNT02_293056,LCP,15.15,107,111,62,112,114,1,128,140,4,14,156
12592-12592_game_2,LPL,15.14,5,175,8,27,122,0,118,176,139,178,13
LOLTMNT04_127438,LFL2,15.14,113,5,40,130,103,1,46,13,175,118,176
LOLTMNT02_293080,LCP,15.15,163,170,8,60,104,0,54,27,40,125,15
LOLTMNT01_273447,HC,15.14,139,175,145,140,20,0,131,122,142,146,30
LOLTMNT01_272940,HC,15.14,13,107,124,76,182,1,170,103,58,1,88
LOLTMNT05_146142,LEC,15.15,175,13,59,122,146,1,128,156,14,27,103
LOLTMNT02_293142,LTA S,15.15,46,156,129,132,103,0,111,175,56,27,122
LOLTMNT02_292203,LTA S,15.15,169,5,104,2,140,0,178,128,146,58,4
LOLTMNT05_146144,LEC,15.15,129,113,5,62,82,0,131,57,171,9,20
LOLTMNT02_293178,LTA S,15.15,111,178,125,176,118,0,175,150,182,36,15
LOLTMNT05_146146,LEC,15.15,46,156,111,4,85,0,129,56,54,36,104
LOLTMNT02_293204,LTA S,15.15,5,62,122,173,13,1,8,4,132,169,0
LOLTMNT05_146151,LEC,15.15,139,178,8,122,59,1,13,60,113,9,154
LOLTMNT02_293222,LTA S,15.15,113,40,146,27,82,1,128,54,181,58,103
LOLTMNT05_146152,LEC,15.15,14,176,118,141,40,1,128,169,103,27,146
LOLTMNT02_292285,LTA N,15.15,46,178,129,118,176,0,5,169,111,104,140
LOLTMNT02_293271,LTA N,15.15,128,141,150,85,4,1,175,183,1,75,15
LOLTMNT01_273460,LRS,15.14,113,27,103,62,172,1,178,104,140,14,60
LOLTMNT02_292306,LTA N,15.15,169,40,128,36,15,1,46,8,156,27,122
LOLTMNT02_293287,LTA N,15.15,150,125,178,103,62,1,171,141,60,104,183
LOLTMNT02_292316,LTA N,15.15,175,118,176,182,49,0,131,85,111,101,56
LOLTMNT02_292391,LCKC,15.15,46,8,178,104,58,1,163,5,40,107,103
LOLTMNT02_293365,LCKC,15.15,128,54,1,59,154,0,150,112,183,20,74
LOLTMNT02_292400,PCS,15.15,14,56,156,183,4,0,46,13,186,27,122
12593-12593_game_1,LPL,15.15,156,112,129,62,4,0,128,27,122,1,169
LOLTMNT02_292411,PCS,15.15,163,175,139,15,111,0,104,169,5,85,40
12593-12593_game_2,LPL,15.15,150,141,103,183,182,1,60,13,178,140,134
LOLTMNT02_292425,LCKC,15.15,14,178,46,4,58,1,8,175,5,104,62
LOLTMNT02_292437,LCKC,15.15,129,60,54,9,86,0,113,139,171,85,101
12593-12593_game_3,LPL,15.15,139,170,8,58,15,0,0,22,20,49,90
LOLTMNT02_292433,PCS,15.15,118,60,141,140,129,0,176,80,57,34,1
LOLTMNT05_146170,LEC,15.15,46,129,113,62,103,0,128,175,111,183,20
LOLTMNT05_146172,LEC,15.15,150,178,118,85,60,0,36,90,181,15,57
LOLTMNT05_145155,LEC,15.15,14,131,5,122,27,1,60,90,188,85,20
LOLTMNT05_145156,LEC,15.15,156,171,112,15,58,0,128,175,118,111,140
LOLTMNT02_293671,CD,15.15,175,56,111,58,15,1,46,156,150,36,122
LOLTMNT02_293688,CD,15.15,175,111,56,36,15,1,46,54,163,40,104
LOLTMNT02_293692,CD,15.15,46,52,181,122,58,1,14,131,56,104,27
LOLTMNT02_292743,CD,15.15,183,156,128,146,4,1,178,62,118,182,24
LOLTMNT02_293714,LRN,15.15,150,58,54,60,122,1,163,128,40,175,20
LOLTMNT02_293734,CD,15.15,150,52,125,118,27,0,156,181,128,122,36
LOLTMNT02_292763,LRN,15.15,46,178,111,58,4,1,44,27,40,100,118
LOLTMNT02_292839,LCKC,15.15,14,128,114,54,58,1,8,175,139,4,62
LOLTMNT02_292846,LCKC,15.15,150,176,118,80,5,1,1,178,140,15,125
12595-12595_game_1,LPL,15.15,169,150,5,183,122,0,13,176,118,125,107
LOLTMNT02_292849,PCS,15.15,169,128,1,155,122,0,46,8,156,85,20
LOLTMNT02_292854,LCKC,15.15,129,131,57,36,103,0,111,156,182,82,183
12595-12595_game_2,LPL,15.15,113,0,132,2,103,1,139,178,111,85,20
LOLTMNT02_292891,LCKC,15.15,183,175,13,60,118,0,169,129,5,95,114
12595-12595_game_3,LPL,15.15,181,131,4,62,43,0,129,80,142,60,124
LOLTMNT02_292928,LCKC,15.15,113,171,140,25,103,0,156,111,139,27,122
12596-12596_game_1,LPL,15.15,14,141,46,176,118,1,113,8,128,183,122
12596-12596_game_2,LPL,15.15,139,175,62,103,111,1,178,171,25,4,140
12596-12596_game_3,LPL,15.15,13,85,20,0,54,1,129,36,65,182,90
LOLTMNT02_294002,HM,15.15,46,107,111,187,4,1,128,27,156,40,20
LOLTMNT02_293991,HM,15.15,163,178,5,171,82,0,139,58,8,80,122
LOLTMNT02_293987,RL,15.15,14,170,58,171,118,0,147,27,112,156,15
LOLTMNT02_295018,LVP SL,15.15,14,85,54,112,15,0,111,178,36,13,122
LOLTMNT05_146330,PRM,15.15,183,169,150,114,118,1,14,62,131,5,103
LOLTMNT02_294080,RL,15.15,183,173,1,4,125,0,178,187,111,82,50
LOLTMNT02_294089,HM,15.15,183,83,40,57,82,1,128,131,59,65,180
LOLTMNT02_294105,LVP SL,15.15,13,141,128,27,122,1,175,85,40,1,118
LOLTMNT02_295042,ROL,15.15,113,58,4,46,8,0,183,175,44,136,146
LOLTMNT05_146335,PRM,15.15,147,156,0,187,15,0,139,40,83,140,122
LOLTMNT02_294118,RL,15.15,59,60,49,74,103,1,140,188,122,54,88
LOLTMNT02_294122,HM,15.15,163,54,118,110,49,1,140,141,139,20,150
LOLTMNT02_294135,LVP SL,15.15,14,178,13,58,103,1,36,128,175,147,82
LOLTMNT02_294140,ROL,15.15,13,173,181,155,114,1,60,131,171,27,122
LOLTMNT02_295070,ROL,15.15,14,46,175,95,118,1,171,131,56,58,114
LOLTMNT01_273464,LRS,15.15,46,178,8,103,62,1,5,175,40,122,27
LOLTMNT02_295091,RL,15.15,183,111,118,139,100,0,90,122,180,36,181
LOLTMNT02_294154,LVP SL,15.15,150,175,5,183,118,1,1,169,43,104,62
LOLTMNT02_295099,ROL,15.15,188,156,125,48,82,1,178,147,112,122,36
LOLTMNT02_294168,RL,15.15,46,141,150,140,144,0,5,20,171,131,155
LOLTMNT02_295125,CD,15.15,46,14,114,140,54,0,56,131,181,188,82
LOLTMNT02_295132,RL,15.15,114,65,27,188,56,1,163,103,173,1,170
LOLTMNT02_294199,CD,15.15,175,40,36,182,122,0,111,107,62,139,4
LOLTMNT02_295171,CD,15.15,13,182,54,62,104,1,183,156,139,146,122
LOLTMNT02_295183,CD,15.15,181,90,128,176,118,0,156,171,5,85,20
LOLTMNT02_294235,LRS,15.15,3,28,147,125,15,0,163,150,169,122,57
LOLTMNT02_294256,CD,15.15,150,103,112,100,85,1,128,115,156,1,62
LOLTMNT02_294257,LRS,15.15,183,83,51,122,164,0,9,175,125,154,153
LOLTMNT02_294331,LCKC,15.15,175,5,8,62,103,0,156,128,129,122,183
LOLTMNT02_295274,LCKC,15.15,14,56,128,58,15,1,46,178,150,104,27
LOLTMNT02_294351,LCKC,15.15,14,139,4,27,186,0,150,58,60,114,100
LOLTMNT02_294360,LCKC,15.15,8,170,139,62,118,0,111,54,0,176,114
LOLTMNT02_294403,LCK,15.15,175,111,128,118,176,1,178,8,46,183,86
LOLTMNT02_295361,LCK,15.15,129,136,140,107,57,0,150,104,62,54,60
12597-12597_game_1,LPL,15.15,156,40,112,27,122,0,128,150,175,183,124
12597-12597_game_2,LPL,15.15,14,104,62,131,125,1,176,118,188,141,60
LOLTMNT02_295398,LCK,15.15,14,112,156,85,20,0,175,128,150,183,118
12597-12597_game_3,LPL,15.15,13,169,5,9,4,0,178,20,85,111,182
LOLTMNT02_294485,LCK,15.15,163,90,181,56,104,0,111,178,58,5,15
12598-12598_game_1,LPL,15.15,113,111,183,122,112,1,62,150,175,139,103
12598-12598_game_2,LPL,15.15,13,85,20,141,5,0,8,54,128,132,4
LOLTMNT02_294616,HC,15.15,128,107,183,14,4,1,46,156,140,1,103
LOLTMNT02_294633,HC,15.15,147,175,122,27,173,0,178,142,5,20,150
LOLTMNT02_295565,LVP SL,15.15,13,175,139,62,104,0,36,178,0,147,103
LOLTMNT05_145434,PRM,15.15,113,125,129,85,20,0,111,54,112,36,118
LOLTMNT05_146435,LFL,15.15,156,60,129,122,10,1,183,175,111,43,115
LOLTMNT02_295602,LVP SL,15.15,14,131,105,85,20,0,163,181,90,15,60
LOLTMNT05_146444,NLC,15.15,163,49,178,122,128,1,62,111,107,15,36
LOLTMNT05_146445,PRM,15.15,139,74,183,147,104,1,46,156,171,22,15
LOLTMNT02_294662,HC,15.15,163,54,40,56,4,0,178,111,46,122,58
LOLTMNT05_145443,LFL,15.15,113,27,118,0,147,0,13,178,85,124,112
LOLTMNT05_145444,NLC,15.15,14,54,27,5,101,1,65,30,127,76,53
LOLTMNT02_295629,LVP SL,15.15,111,107,46,9,118,1,150,178,13,36,103
LOLTMNT05_146447,EBL,15.15,156,103,36,171,60,0,175,13,27,82,5
LOLTMNT05_146451,PRM,15.15,14,140,4,175,60,1,178,163,146,115,25
LOLTMNT02_294692,RL,15.15,183,171,156,65,112,1,111,175,118,62,181
LOLTMNT02_295637,HC,15.15,156,60,171,59,103,1,169,150,118,176,136
LOLTMNT02_295634,LPLOL,15.15,100,58,156,128,103,0,150,163,122,90,5
LOLTMNT05_146450,LFL,15.15,111,60,178,36,103,0,128,175,171,122,62
LOLTMNT02_294707,LVP SL,15.15,175,5,129,62,122,1,156,171,125,142,4
LOLTMNT05_145451,EBL,15.15,111,0,183,178,4,1,150,125,85,105,154
LOLTMNT05_146456,NLC,15.15,173,169,150,9,4,1,125,135,147,58,114
LOLTMNT02_294715,RL,15.15,46,169,8,140,4,0,56,131,13,36,82
LOLTMNT05_145452,LFL,15.15,150,176,118,139,107,1,156,27,15,8,0
LOLTMNT02_294716,LPLOL,15.15,163,147,169,112,65,0,13,183,175,0,122
LOLTMNT05_145454,LFL,15.15,163,82,141,2,57,1,140,4,13,169,112
LOLTMNT02_294737,LPLOL,15.15,163,105,5,131,173,0,175,188,125,122,160
LOLTMNT02_294753,LPLOL,15.15,113,82,13,142,46,0,156,103,129,140,44
LOLTMNT02_294756,NACL,15.15,150,128,178,118,27,0,188,54,13,4,62
LOLTMNT02_295727,NACL,15.15,128,156,111,142,103,1,90,4,36,85,5
LOLTMNT02_294775,NACL,15.15,113,150,46,164,20,1,156,60,147,62,104
LOLTMNT02_294779,NACL,15.15,163,156,46,4,129,1,111,175,134,118,132
LOLTMNT02_295752,NACL,15.15,85,175,40,43,94,0,169,1,139,104,62
LOLTMNT02_295790,LCKC,15.15,14,54,58,112,15,0,163,8,175,128,118
LOLTMNT02_294827,LCKC,15.15,113,150,125,27,122,0,14,141,60,95,4
LOLTMNT02_294839,LCKC,15.15,163,139,111,118,100,1,169,58,0,129,115
LOLTMNT02_294848,LCKC,15.15,113,111,5,62,4,0,178,129,125,183,103
LOLTMNT02_295824,LCKC,15.15,175,128,40,86,187,1,5,178,114,112,188
LOLTMNT02_294883,LCK,15.15,175,46,13,176,103,0,183,8,169,128,122
LOLTMNT02_294895,LCK,15.15,178,150,4,58,0,1,14,141,139,132,15
12599-12599_game_1,LPL,15.15,128,113,146,62,4,1,181,90,5,122,176
LOLTMNT02_294910,LCK,15.15,54,104,62,44,40,1,107,140,86,125,146
12599-12599_game_2,LPL,15.15,14,178,182,140,82,0,150,175,125,103,59
12600-12600_game_1,LPL,15.15,8,169,183,86,112,1,139,175,150,4,140
LOLTMNT02_295940,LCK,15.15,175,46,8,140,122,0,156,129,13,58,15
LOLTMNT02_295962,LCK,15.15,183,178,40,118,5,1,128,54,111,85,101
12600-12600_game_2,LPL,15.15,163,178,103,171,60,1,176,118,54,1,5
LOLTMNT02_295986,LCK,15.15,104,107,146,56,176,0,27,169,103,182,188
12600-12600_game_3,LPL,15.15,13,107,111,27,104,0,46,129,156,62,18
LOLTMNT05_146494,TCL,15.15,14,178,176,103,46,0,169,1,128,59,154
LOLTMNT02_297031,HC,15.15,175,147,62,15,43,1,14,156,183,124,56
LOLTMNT05_145498,TCL,15.15,128,150,58,15,178,1,5,14,27,104,186
LOLTMNT02_297046,LVP SL,15.15,27,14,90,43,122,1,139,156,147,58,4
LOLTMNT05_146523,LIT,15.15,139,83,163,129,104,0,5,156,140,103,40
LOLTMNT05_146517,NLC,15.15,147,175,139,140,86,1,13,156,187,125,118
LOLTMNT05_145520,LFL,15.15,111,178,128,85,20,0,14,175,183,40,118
LOLTMNT05_146515,LFL,15.15,14,141,183,103,60,0,150,178,9,13,20
LOLTMNT02_297051,HC,15.15,112,131,146,59,94,1,125,90,40,142,133
LOLTMNT02_297070,LVP SL,15.15,178,150,36,112,118,1,163,131,181,125,82
LOLTMNT05_145524,TCL,15.15,111,156,139,140,4,1,13,175,25,176,118
LOLTMNT05_146537,NLC,15.15,178,25,150,176,4,1,170,1,56,62,53
LOLTMNT05_145527,LFL,15.15,156,171,139,103,95,0,90,27,0,62,82
LOLTMNT05_145529,LFL,15.15,175,111,122,0,132,1,58,156,4,171,125
LOLTMNT02_297079,HC,15.15,181,173,1,58,104,0,178,140,44,172,122
LOLTMNT05_146540,LIT,15.15,178,112,1,9,94,0,128,175,20,147,76
LOLTMNT02_297075,ROL,15.15,14,175,46,10,94,0,183,156,134,118,33
LOLTMNT05_145525,EBL,15.15,14,54,58,60,18,0,163,150,154,178,0
LOLTMNT02_296124,LVP SL,15.15,107,1,103,44,140,1,13,170,124,56,10
LOLTMNT05_145532,TCL,15.15,156,5,40,65,58,1,128,175,13,104,140
LOLTMNT05_146545,LFL,15.15,169,128,27,118,142,1,40,5,54,85,15
LOLTMNT05_145537,NLC,15.15,113,44,20,76,189,1,54,122,142,60,188
LOLTMNT02_296141,LFL,15.15,46,14,156,132,4,1,13,175,150,58,15
LOLTMNT05_146547,LIT,15.15,46,176,111,141,133,0,107,125,171,36,118
LOLTMNT02_296136,ROL,15.15,90,60,181,114,95,1,111,54,142,122,145
LOLTMNT02_297105,ROL,15.15,163,46,175,15,49,1,58,156,56,150,103
LOLTMNT02_296148,LPLOL,15.15,46,183,103,111,178,0,58,139,170,122,171
LOLTMNT05_145540,EBL,15.15,107,2,139,140,122,1,111,175,176,134,4
LOLTMNT02_297109,HC,15.15,175,58,65,98,177,0,163,14,113,0,122
LOLTMNT02_297114,LVP SL,15.15,14,74,56,140,4,1,156,183,150,112,118
LOLTMNT05_145544,LFL,15.15,113,46,129,15,95,0,150,178,44,183,86
LOLTMNT05_146555,LIT,15.15,54,188,0,114,27,1,60,170,122,183,49
LOLTMNT05_146554,NLC,15.15,175,60,150,183,82,0,178,128,111,140,114
LOLTMNT05_145547,EBL,15.15,90,183,147,110,82,1,181,131,71,59,148
LOLTMNT02_296161,ROL,15.15,5,169,62,122,13,0,182,183,114,82,129
LOLTMNT02_297130,LFL,15.15,183,178,40,128,122,1,111,107,118,62,60
LOLTMNT02_297139,HC,15.15,128,176,118,131,146,1,60,183,103,107,99
LOLTMNT02_296181,LPLOL,15.15,139,171,170,176,20,1,175,111,112,62,118
LOLTMNT05_146557,LIT,15.15,90,4,57,142,182,1,52,82,146,164,25
LOLTMNT02_297159,LVP SL,15.15,169,1,176,25,103,1,122,60,27,129,170
LOLTMNT05_146558,EBL,15.15,14,163,156,139,4,0,150,175,5,140,118
LOLTMNT05_145552,NLC,15.15,14,107,62,125,103,1,131,58,146,118,56
LOLTMNT02_296190,LFL,15.15,139,169,27,147,20,1,5,129,176,131,86
LOLTMNT05_146559,LFL,15.15,175,132,0,14,82,1,131,85,182,103,11
LOLTMNT02_296203,LPLOL,15.15,58,47,65,34,46,0,59,156,146,118,57
LOLTMNT02_296204,LVP SL,15.15,111,178,0,9,20,1,113,13,43,187,124
LOLTMNT05_146560,EBL,15.15,178,59,129,44,148,1,183,131,56,147,115
LOLTMNT05_145553,NLC,15.15,54,132,129,148,5,0,36,156,4,1,139
LOLTMNT05_146561,LFL,15.15,60,54,111,9,124,0,141,43,122,146,140
LOLTMNT02_296231,NACL,15.15,85,178,150,152,60,0,169,118,176,13,0
LOLTMNT05_145554,EBL,15.15,113,188,186,60,104,0,13,107,103,36,2
LOLTMNT02_297221,NACL,15.15,113,13,150,104,62,0,111,175,139,118,176
LOLTMNT02_297237,NACL,15.15,163,156,129,172,4,1,46,175,95,171,20
LOLTMNT02_297254,NACL,15.15,90,36,27,104,60,1,163,54,139,171,101
LOLTMNT02_297271,NACL,15.15,128,156,58,15,111,1,163,49,100,4,60
LOLTMNT02_296356,LCKC,15.15,183,54,46,114,1,1,14,175,5,27,15
LOLTMNT02_297328,LCKC,15.15,175,5,8,155,122,1,13,46,178,183,20
LOLTMNT02_297334,LCKC,15.15,150,113,57,132,4,1,129,156,60,95,44
LOLTMNT02_296367,LCKC,15.15,14,60,141,82,58,0,150,139,140,103,74
LOLTMNT02_297346,LCKC,15.15,13,140,118,56,74,1,111,182,141,187,86
LOLTMNT02_296408,LCK,15.15,14,46,178,85,20,1,163,128,181,131,4
LOLTMNT02_297382,LJL,15.15,128,132,4,178,150,1,175,13,118,183,51
LOLTMNT02_296421,LCK,15.15,183,129,5,104,80,0,156,62,125,1,122
12601-12601_game_1,LPL,15.15,150,113,139,62,122,0,128,175,8,118,176
LOLTMNT02_296426,LJL,15.15,163,188,104,56,141,0,14,58,65,54,125
12601-12601_game_2,LPL,15.15,178,129,5,20,140,1,141,13,125,4,59
LOLTMNT02_296450,LCK,15.15,150,128,178,9,103,0,183,175,112,129,4
LOLTMNT02_297427,LJL,15.15,46,82,2,95,23,1,5,171,80,62,103
12601-12601_game_3,LPL,15.15,170,103,58,114,146,0,85,60,82,54,2
LOLTMNT02_296483,LCK,15.15,156,139,171,58,65,0,54,111,0,104,62
LOLTMNT02_297463,LJL,15.15,1,169,140,139,86,1,8,186,122,176,182
12602-12602_game_1,LPL,15.15,156,112,14,85,20,0,183,128,4,181,131
12602-12602_game_2,LPL,15.15,139,140,114,171,122,1,175,27,0,13,103
LOLTMNT02_296538,HM,15.15,46,131,181,62,122,1,178,5,129,183,118
12602-12602_game_3,LPL,15.15,113,176,124,56,146,0,118,178,125,111,58
LOLTMNT05_146601,TCL,15.15,113,40,59,154,0,1,183,129,54,60,18
LOLTMNT02_297538,HM,15.15,175,163,49,114,60,1,52,27,82,2,75
LOLTMNT05_146610,TCL,15.15,156,11,62,82,5,0,175,111,183,118,57
LOLTMNT05_146617,NLC,15.15,163,2,178,139,118,0,175,147,136,58,122
LOLTMNT05_145606,PRMP,15.15,14,56,156,103,132,0,46,57,90,4,36
LOLTMNT05_145602,LIT,15.15,122,142,139,146,107,1,188,4,5,54,155
LOLTMNT05_146619,LFL,15.15,156,111,139,64,124,1,129,54,27,70,104
LOLTMNT02_297560,HM,15.15,182,113,8,9,154,1,25,54,171,59,86
LOLTMNT05_146624,TCL,15.15,175,40,128,58,104,1,111,80,183,5,118
LOLTMNT05_146626,NLC,15.15,1,169,59,148,56,1,40,27,74,103,182
LOLTMNT05_145619,LFL,15.15,175,46,8,62,118,1,178,86,44,2,176
LOLTMNT05_146627,LIT,15.15,178,176,118,14,60,0,27,104,128,169,49
LOLTMNT02_296594,HM,15.15,128,131,181,62,103,0,60,175,8,183,4
LOLTMNT05_146628,PRMP,15.15,183,169,128,8,118,0,178,27,13,82,129
LOLTMNT05_146629,TCL,15.15,128,176,150,122,170,0,5,169,59,158,154
LOLTMNT05_146630,NLC,15.15,113,111,0,9,86,0,156,171,125,183,166
LOLTMNT05_146631,LFL,15.15,131,188,181,36,4,1,150,183,112,122,30
LOLTMNT02_296623,HM,15.15,178,139,140,86,146,0,90,27,136,160,144
LOLTMNT05_145622,LIT,15.15,111,185,125,15,183,1,171,131,114,59,86
LOLTMNT05_146632,PRMP,15.15,5,114,95,172,131,1,125,122,150,58,83
LOLTMNT05_146633,NLC,15.15,43,22,82,13,170,1,104,107,36,120,180
LOLTMNT05_145625,LFL,15.15,111,156,139,59,103,0,128,175,171,27,122
LOLTMNT05_146634,LIT,15.15,113,150,9,82,0,1,175,36,103,1,162
LOLTMNT05_146635,PRMP,15.15,183,139,113,147,15,0,128,175,59,129,103
LOLTMNT05_146637,LFL,15.15,46,54,8,65,132,0,150,178,56,4,142
LOLTMNT05_146638,PRMP,15.15,14,54,46,58,4,1,49,169,5,62,114
LOLTMNT02_297694,NACL,15.15,85,156,128,94,111,1,46,132,175,122,171
LOLTMNT02_297718,NACL,15.15,113,132,103,188,128,1,85,131,14,101,60
LOLTMNT02_296747,NACL,15.15,175,176,118,128,40,1,126,132,135,188,50
LOLTMNT02_296760,NACL,15.15,90,24,56,127,118,1,156,129,57,122,27
LOLTMNT02_297760,NACL,15.15,104,90,27,155,125,1,14,183,52,20,56
LOLTMNT02_296815,LCK,15.15,183,178,40,46,118,1,13,169,62,122,24
LOLTMNT02_296825,LCK,15.15,175,128,8,27,103,1,54,111,4,58,5
12603-12603_game_1,LPL,15.15,163,139,14,124,90,0,150,113,5,103,140
LOLTMNT02_296837,LCK,15.15,129,25,170,9,154,0,171,139,186,140,18
12603-12603_game_2,LPL,15.15,178,128,13,27,122,1,104,62,112,175,111
12603-12603_game_3,LPL,15.15,125,176,118,107,8,1,0,22,20,131,49
LOLTMNT02_297840,LCK,15.15,156,128,129,176,86,0,111,107,13,4,58
LOLTMNT02_296879,LCP,15.15,183,178,150,56,20,0,85,175,8,4,5
12604-12604_game_1,LPL,15.15,183,175,8,103,139,1,13,62,178,118,60
LOLTMNT05_145643,LFL2,15.15,13,5,175,4,183,1,27,111,125,156,20
LOLTMNT02_297863,LCK,15.15,175,46,27,64,124,0,178,40,5,140,114
LOLTMNT02_296892,LCP,15.15,104,62,60,181,90,1,65,54,36,161,13
12604-12604_game_2,LPL,15.15,156,150,56,132,114,0,182,169,1,4,140
LOLTMNT05_146651,LFL2,15.15,150,156,163,103,0,1,13,178,140,65,82
LOLTMNT02_297888,LCP,15.15,169,132,103,188,57,1,176,118,156,14,112
12605-12605_game_1,LPL,15.15,163,111,141,139,4,1,150,113,5,122,27
LOLTMNT05_146665,LFL2,15.15,13,178,163,122,60,0,175,111,139,36,4
LOLTMNT02_296951,LCP,15.15,14,52,139,140,122,0,181,90,13,183,118
12605-12605_game_2,LPL,15.15,178,176,118,128,129,0,62,8,104,169,112
LOLTMNT05_146671,LFL2,15.15,150,156,46,183,114,1,1,175,13,58,15
LOLTMNT02_297941,LCP,15.15,169,1,128,27,103,0,150,178,40,62,20
LOLTMNT05_146696,LEC,15.15,139,114,8,59,4,1,14,175,60,183,20
LOLTMNT02_299001,LTA S,15.15,46,54,62,171,122,0,13,183,178,129,124
LOLTMNT02_299012,LTA S,15.15,163,156,40,5,103,1,128,169,140,1,20
LOLTMNT05_146700,LEC,15.15,111,56,113,22,15,1,171,178,44,118,95
LOLTMNT02_299022,LTA S,15.15,113,139,8,95,4,0,27,141,2,60,104
LOLTMNT05_146705,LEC,15.15,14,175,13,140,104,0,150,156,60,62,103
LOLTMNT02_299061,LTA S,15.15,175,111,128,140,4,1,139,183,150,169,103
LOLTMNT05_145693,LEC,15.15,139,113,40,118,36,1,178,111,25,176,122
LOLTMNT02_299077,LTA S,15.15,163,13,156,25,15,0,85,8,5,182,115
LOLTMNT05_146708,LEC,15.15,128,90,181,58,15,0,129,114,112,9,4
LOLTMNT02_299125,LTA N,15.15,8,178,46,122,27,0,183,175,56,118,111
LOLTMNT02_299145,LTA N,15.15,14,54,139,58,15,0,181,90,5,36,4
LOLTMNT02_299161,LTA N,15.15,156,104,140,171,25,1,62,107,82,125,1
LOLTMNT02_299175,LTA N,15.15,183,128,175,171,122,1,156,111,112,104,62
LOLTMNT02_299179,LTA N,15.15,169,13,4,0,59,0,150,178,139,118,176
LOLTMNT02_298258,LCK,15.15,156,5,129,58,122,0,46,150,169,27,104
LOLTMNT02_299237,LCK,15.15,178,112,8,176,118,0,141,128,40,36,114
LOLTMNT02_299274,LCK,15.15,169,128,1,85,20,0,175,150,46,140,104
12606-12606_game_1,LPL,15.15,13,169,128,142,20,1,14,156,4,60,27
LOLTMNT02_298318,LCK,15.15,5,54,40,176,118,0,156,57,13,27,53
LOLTMNT02_298324,LCP,15.15,14,139,178,132,4,0,183,175,150,60,103
LOLTMNT05_146714,LFL2,15.15,14,156,142,60,103,1,49,58,90,5,4
12606-12606_game_2,LPL,15.15,183,175,103,111,0,1,178,9,124,146,114
LOLTMNT02_298338,LCP,15.15,111,27,107,128,40,1,85,169,20,13,112
12606-12606_game_3,LPL,15.15,163,139,122,1,107,0,5,58,82,54,40
LOLTMNT02_299326,LCP,15.15,54,176,118,1,0,0,62,122,5,131,146
LOLTMNT05_145702,LFL2,15.15,14,114,139,62,104,1,1,175,181,142,103
12607-12607_game_1,LPL,15.15,113,5,40,176,118,1,150,128,178,27,103
LOLTMNT05_145707,LFL2,15.15,163,156,60,11,122,1,175,58,129,125,15
LOLTMNT02_299385,LCP,15.15,13,175,62,40,122,0,113,183,139,8,20
LOLTMNT05_146737,LFL2,15.15,113,85,20,13,128,1,178,111,27,122,40
12607-12607_game_2,LPL,15.15,163,111,182,124,110,1,139,14,140,4,186
LOLTMNT02_299427,LCP,15.15,156,188,58,15,56,0,14,163,5,178,104
12607-12607_game_3,LPL,15.15,104,125,131,24,155,1,62,122,112,129,170
LOLTMNT02_298552,LTA S,15.15,156,14,5,132,122,0,107,111,125,140,103
LOLTMNT05_146756,LEC,15.15,163,54,128,4,129,1,139,9,171,178,118
LOLTMNT05_146759,LEC,15.15,183,14,114,104,182,1,57,131,150,142,65
LOLTMNT02_298566,LTA S,15.15,178,139,171,36,82,0,169,129,60,27,118
LOLTMNT05_146760,LEC,15.15,14,128,141,183,94,1,181,13,83,4,9
LOLTMNT02_299540,LTA S,15.15,183,54,150,122,60,0,175,27,2,104,25
LOLTMNT05_146765,LEC,15.15,150,114,5,118,140,1,139,8,178,59,86
LOLTMNT02_299571,LTA S,15.15,163,178,128,118,146,1,140,156,40,15,5
LOLTMNT05_145755,LEC,15.15,169,60,104,27,171,1,113,122,176,111,112
LOLTMNT02_299643,LTA N,15.15,14,175,128,27,104,1,183,156,8,139,124
LOLTMNT02_299654,LTA N,15.15,125,178,188,62,118,0,13,141,40,58,4
LOLTMNT02_299679,LTA N,15.15,14,178,139,58,114,0,128,169,188,4,62
LOLTMNT02_299683,LRN,15.15,163,175,128,82,171,0,46,58,178,104,181
LOLTMNT02_299690,LTA N,15.15,129,125,27,104,110,1,175,89,60,9,154
LOLTMNT02_298710,LRN,15.15,150,32,182,20,107,1,147,183,25,103,137
LOLTMNT02_299694,LTA N,15.15,46,150,54,122,59,1,156,5,1,85,15
LOLTMNT02_298716,LRN,15.15,13,176,118,49,109,1,85,8,101,114,40
LOLTMNT02_298720,LRN,15.15,183,113,46,40,122,1,188,175,139,13,152
LOLTMNT02_298727,LRN,15.15,60,186,147,27,189,0,150,178,43,118,36
LOLTMNT02_299782,LCKC,15.15,128,163,156,146,15,1,183,169,1,104,0
LOLTMNT02_299792,PCS,15.15,14,13,141,140,104,0,183,181,131,139,4
12608-12608_game_1,LPL,15.15,150,178,46,85,20,0,169,111,13,122,27
LOLTMNT02_299798,LCKC,15.15,46,54,111,27,122,0,5,175,40,85,20
LOLTMNT02_299802,PCS,15.15,150,128,58,103,156,0,163,111,178,40,122
12608-12608_game_2,LPL,15.15,129,175,0,9,103,0,5,40,170,140,82
LOLTMNT02_298833,LCKC,15.15,46,156,40,140,114,0,5,8,186,4,27
LOLTMNT02_298837,PCS,15.15,171,80,60,36,152,0,175,118,5,62,24
12609-12609_game_1,LPL,15.15,163,178,150,118,139,1,128,58,122,54,2
LOLTMNT02_298856,LCKC,15.15,128,169,181,76,86,0,139,129,175,122,155
12609-12609_game_2,LPL,15.15,113,27,103,60,1,0,14,62,104,125,131
LOLTMNT02_299927,HM,15.15,46,156,36,65,1,1,163,5,56,104,13
LOLTMNT02_298951,HM,15.15,153,62,60,146,11,0,102,132,180,173,116
LOLTMNT05_145767,PRM,15.15,128,90,57,20,183,1,112,150,113,122,140
LOLTMNT02_298972,HM,15.15,183,54,188,82,112,1,163,111,60,100,4
LOLTMNT05_146800,PRM,15.15,14,178,139,124,155,1,169,13,70,62,104
LOLTMNT05_146799,EBL,15.15,27,131,46,22,105,1,175,1,71,140,103
LOLTMNT02_301010,HM,15.15,178,140,147,43,118,0,173,27,177,182,101
LOLTMNT05_146802,EBL,15.15,163,122,128,52,84,0,111,107,5,36,15
LOLTMNT05_146801,PRM,15.15,175,163,43,82,171,1,60,27,103,170,129
LOLTMNT02_300031,HM,15.15,139,8,80,59,122,0,44,156,102,22,104
LOLTMNT05_146805,EBL,15.15,60,107,2,183,82,0,128,156,129,176,122
LOLTMNT05_146806,PRM,15.15,44,59,86,141,1,1,118,176,0,131,69
LOLTMNT05_146809,EBL,15.15,163,169,40,118,114,0,113,58,1,4,182
LOLTMNT05_146810,PRM,15.15,111,100,4,106,71,1,85,156,101,136,67
LOLTMNT02_300083,CD,15.15,183,169,128,150,103,0,8,175,112,62,122
LOLTMNT02_300093,CD,15.15,183,107,1,46,4,0,27,111,54,5,118
LOLTMNT02_301073,CD,15.15,90,125,62,122,129,0,183,131,56,118,171
LOLTMNT02_301079,LRN,15.15,183,150,139,4,54,1,111,58,182,90,53
LOLTMNT02_301084,CD,15.15,163,156,1,122,28,1,150,60,180,118,54
LOLTMNT02_300113,LRN,15.15,46,114,122,171,36,0,56,169,13,85,20
LOLTMNT02_301087,CD,15.15,183,178,129,15,5,0,131,62,14,104,0
LOLTMNT02_300117,LRN,15.15,150,139,54,27,15,0,175,40,5,4,142
LOLTMNT02_300120,LRN,15.15,156,176,118,125,188,0,169,60,13,122,140
LOLTMNT02_301158,LCKC,15.15,150,178,5,58,15,1,46,175,14,118,176
LOLTMNT02_300178,PCS,15.15,113,111,60,62,118,1,178,13,4,38,142
LOLTMNT02_301175,LCKC,15.15,163,100,1,139,44,1,111,54,183,4,60
12610-12610_game_1,LPL,15.15,46,169,40,27,104,1,175,56,129,85,122
LOLTMNT02_301188,PCS,15.15,183,156,40,182,86,0,8,175,5,104,22
LOLTMNT02_301193,LCKC,15.15,140,182,129,107,122,1,57,85,20,80,78
12610-12610_game_2,LPL,15.15,14,161,178,58,118,0,5,113,150,4,187
12611-12611_game_1,LPL,15.15,163,111,5,118,175,0,150,113,182,27,4
LOLTMNT02_301246,LCKC,15.15,175,8,128,27,103,1,13,169,40,58,122
12611-12611_game_2,LPL,15.15,156,171,60,58,15,1,128,13,36,141,65
LOLTMNT02_301266,LCKC,15.15,163,150,54,44,104,0,129,156,183,125,15
12611-12611_game_3,LPL,15.15,62,122,125,40,169,0,178,8,57,20,176
LOLTMNT02_301322,HM,15.15,113,8,140,25,82,1,163,150,178,139,4
LOLTMNT02_301352,RL,15.15,27,175,171,15,56,0,36,156,150,118,38
LOLTMNT02_300308,HM,15.15,128,62,169,27,104,0,183,175,40,118,13
LOLTMNT02_301374,RL,15.15,111,139,169,85,20,0,13,107,5,122,188
LOLTMNT05_146885,PRM,15.15,163,46,175,4,129,1,128,58,178,122,147
LOLTMNT02_300329,HM,15.15,46,131,181,118,176,1,5,175,8,85,101
LOLTMNT02_301403,LVP SL,15.15,129,178,46,62,4,0,147,175,5,36,15
LOLTMNT05_146891,PRM,15.15,111,139,74,36,20,0,40,54,59,136,143
LOLTMNT05_145876,EBL,15.15,163,107,111,122,139,1,169,95,1,82,164
LOLTMNT02_300344,ROL,15.15,183,129,182,104,80,1,8,156,56,22,37
LOLTMNT02_301410,HM,15.15,178,44,2,155,122,1,13,54,40,183,4
LOLTMNT02_300347,RL,15.15,85,139,20,146,175,1,169,62,118,181,24
LOLTMNT02_301415,LVP SL,15.15,128,141,183,124,150,0,139,27,122,169,1
LOLTMNT05_146893,PRM,15.15,183,131,103,13,60,0,62,107,118,146,43
LOLTMNT05_146894,EBL,15.15,113,147,62,56,103,0,178,129,5,58,4
LOLTMNT02_301425,ROL,15.15,150,169,58,4,145,1,188,90,139,27,124
LOLTMNT02_300367,ROL,15.15,171,58,156,57,189,0,13,163,5,105,103
LOLTMNT02_300376,RL,15.15,46,36,122,1,156,1,120,27,4,49,80
LOLTMNT05_146896,PRM,15.15,8,140,169,115,0,1,27,156,1,15,71
LOLTMNT02_300378,LVP SL,15.15,111,107,128,140,104,0,14,178,46,122,176
LOLTMNT05_145883,EBL,15.15,14,107,122,183,0,0,178,188,4,150,125
LOLTMNT02_301440,ROL,15.15,13,114,62,122,5,1,113,1,95,118,0
LOLTMNT02_300387,ROL,15.15,155,173,128,82,176,0,141,111,112,118,36
LOLTMNT02_301445,LRS,15.15,46,140,118,180,44,0,163,13,178,103,56
LOLTMNT02_300389,RL,15.15,183,2,114,72,110,1,155,178,40,25,124
LOLTMNT02_301451,LVP SL,15.15,175,118,13,132,182,0,4,80,60,27,129
LOLTMNT05_146899,EBL,15.15,5,62,103,90,129,0,60,58,20,83,56
LOLTMNT02_301473,LRS,15.15,183,156,122,147,139,1,85,101,54,14,60
LOLTMNT02_301479,CD,15.15,183,111,54,86,139,1,62,56,2,118,0
LOLTMNT02_301496,LRS,15.15,163,169,150,122,5,1,58,178,172,4,23
LOLTMNT02_301499,CD,15.15,113,40,46,118,58,0,13,178,142,4,140
LOLTMNT02_301509,LRS,15.15,183,54,128,114,49,1,140,118,40,186,78
LOLTMNT02_300424,CD,15.15,129,59,182,90,103,0,8,183,175,5,4
LOLTMNT02_301511,CD,15.15,183,156,111,46,65,1,150,169,62,104,57
LOLTMNT02_300429,CD,15.15,183,54,111,0,122,0,58,156,2,5,103
LOLTMNT02_301554,LCKC,15.15,175,111,5,62,122,0,8,178,128,58,104
LOLTMNT02_301557,LCKC,15.15,163,150,128,4,186,1,156,129,5,58,15
LOLTMNT02_301563,LCKC,15.15,113,139,24,27,4,1,129,54,0,118,176
LOLTMNT02_301567,LCKC,15.15,46,40,169,95,104,1,183,113,56,86,27
LOLTMNT02_301578,LCKC,15.15,156,85,20,171,114,1,13,140,103,60,74
LOLTMNT02_301583,LCKC,15.15,139,85,20,158,74,0,181,60,83,132,122
LOLTMNT02_301617,LCK,15.15,163,54,111,5,15,1,129,178,140,139,104
LOLTMNT02_301624,LCK,15.15,150,128,156,27,122,0,175,8,46,58,18
12612-12612_game_1,LPL,15.15,163,113,13,118,112,0,128,58,4,54,111
12612-12612_game_2,LPL,15.15,14,178,60,85,20,1,150,139,141,140,122
LOLTMNT02_301649,LCK,15.15,175,46,8,187,86,1,40,178,5,85,101
12612-12612_game_3,LPL,15.15,8,64,124,100,43,1,125,175,171,27,15
LOLTMNT02_301669,LCK,15.15,113,128,13,140,122,1,129,107,0,118,62
LOLTMNT02_301689,LCK,15.15,14,139,4,58,80,1,150,156,103,60,9
12613-12613_game_1,LPL,15.15,156,128,13,36,65,1,150,62,104,5,186
12613-12613_game_2,LPL,15.15,113,139,111,140,4,1,85,20,182,171,178
12613-12613_game_3,LPL,15.15,183,112,103,8,107,0,125,14,114,95,82
LOLTMNT02_301762,HC,15.15,113,27,125,111,101,1,183,86,175,60,49
LOLTMNT05_145925,PRM,15.15,14,54,140,20,112,1,163,90,4,181,56
LOLTMNT05_145926,LFL,15.15,139,90,57,183,118,1,14,113,25,27,82
LOLTMNT05_146931,NLC,15.15,46,183,60,129,103,0,44,175,150,59,20
LOLTMNT02_300636,HC,15.15,156,176,118,171,0,1,83,140,147,122,28
LOLTMNT05_145933,PRM,15.15,113,27,171,182,15,0,183,111,122,156,88
LOLTMNT05_145934,NLC,15.15,139,85,13,122,170,0,27,5,169,101,40
LOLTMNT05_145937,EBL,15.15,163,107,104,71,4,1,5,27,40,83,118
LOLTMNT05_146937,LFL,15.15,178,111,132,106,128,1,140,141,2,122,40
LOLTMNT02_300648,HC,15.15,178,104,10,139,124,1,163,150,169,128,103
LOLTMNT05_146938,PRM,15.15,178,95,103,150,60,1,62,104,139,175,49
LOLTMNT05_146939,EBL,15.15,131,182,122,132,171,1,46,178,20,140,2
LOLTMNT05_145939,NLC,15.15,178,173,1,176,118,1,141,125,62,171,154
LOLTMNT02_301817,LPLOL,15.15,111,62,139,156,118,1,2,36,46,175,65
LOLTMNT05_145940,LFL,15.15,129,103,100,58,0,1,4,36,156,5,147
LOLTMNT02_301825,HC,15.15,128,187,178,65,111,1,175,183,40,118,1
LOLTMNT02_300661,RL,15.15,188,90,181,139,20,0,171,155,122,107,172
LOLTMNT05_145941,EBL,15.15,169,60,13,187,103,1,112,54,1,82,142
LOLTMNT05_146940,PRM,15.15,36,107,1,118,134,0,170,85,40,114,44
LOLTMNT02_300685,RL,15.15,183,13,103,178,1,0,27,65,147,54,23
LOLTMNT02_300688,LRS,15.15,183,175,139,40,20,1,156,27,98,147,118
LOLTMNT02_301838,LPLOL,15.15,163,90,122,27,46,1,175,103,140,1,44
LOLTMNT02_301846,HC,15.15,122,43,105,59,57,1,44,156,171,172,140
LOLTMNT05_145942,LFL,15.15,46,40,114,27,122,1,175,111,56,4,36
LOLTMNT05_146941,EBL,15.15,14,176,113,20,5,0,183,169,1,82,164
LOLTMNT05_146942,PRM,15.15,82,100,155,78,43,1,169,188,125,152,142
LOLTMNT02_301859,LRS,15.15,169,171,125,140,82,1,150,114,103,0,62
LOLTMNT05_145945,EBL,15.15,27,170,103,181,11,1,156,150,122,62,125
LOLTMNT02_300713,LPLOL,15.15,122,60,62,83,49,1,173,187,4,139,171
LOLTMNT05_146944,LFL,15.15,169,5,1,142,103,0,183,178,60,8,124
LOLTMNT02_301870,LRS,15.15,139,178,40,183,124,1,182,175,8,62,103
LOLTMNT02_300719,LPLOL,15.15,13,113,2,59,118,0,173,111,140,112,20
LOLTMNT02_301881,LRS,15.15,169,1,5,27,82,1,111,107,125,85,20
LOLTMNT02_300727,LRS,15.15,150,156,128,4,132,0,181,90,112,36,15
LOLTMNT02_301916,LCKC,15.15,163,100,139,2,118,0,14,156,60,32,4
LOLTMNT02_300756,LCKC,15.15,163,46,156,111,15,1,175,140,5,4,146
LOLTMNT02_301942,LCKC,15.15,14,112,58,122,186,0,150,128,114,62,100
LOLTMNT02_300777,LCKC,15.15,175,46,1,36,82,1,128,54,111,58,122
LOLTMNT02_300791,LCKC,15.15,140,56,13,0,15,1,150,178,5,59,154
LOLTMNT02_301984,LCK,15.15,175,104,8,46,27,1,178,111,58,4,5
LOLTMNT02_301999,LCK,15.15,14,141,140,128,103,0,113,13,182,118,62
LOLTMNT02_301993,LJL,15.15,113,155,150,139,103,0,13,183,4,169,60
12614-12614_game_1,LPL,15.15,46,175,8,103,140,0,150,178,5,132,20
LOLTMNT02_302021,LJL,15.15,46,176,118,107,111,1,44,178,49,36,170
LOLTMNT02_300855,LCK,15.15,111,156,13,104,27,1,46,178,140,129,65
12614-12614_game_2,LPL,15.15,129,4,170,155,60,1,111,122,107,27,43
LOLTMNT02_302035,LJL,15.15,128,54,146,187,86,1,112,156,14,122,27
12614-12614_game_3,LPL,15.15,113,171,125,32,124,0,141,0,2,58,104
LOLTMNT02_300868,LCK,15.15,113,128,171,95,103,0,8,175,112,58,122
LOLTMNT02_302049,LJL,15.15,182,62,18,90,181,0,25,141,20,140,38
12615-12615_game_1,LPL,15.15,128,181,131,187,122,0,112,156,13,27,4
LOLTMNT02_302065,LJL,15.15,114,9,94,88,71,0,57,82,188,105,161
12615-12615_game_2,LPL,15.15,150,141,103,5,58,0,113,182,8,62,104
LOLTMNT05_146979,TCL,15.15,169,150,104,62,56,1,113,40,103,58,0
LOLTMNT02_302102,HC,15.15,5,171,122,140,60,1,125,13,131,4,142
LOLTMNT05_146983,TCL,15.15,8,169,5,59,122,1,129,156,139,183,124
LOLTMNT05_146991,NLC,15.15,13,54,46,140,4,1,147,156,182,163,166
LOLTMNT02_300921,LVP SL,15.15,46,175,150,176,118,1,111,169,5,104,58
LOLTMNT05_146988,PRM,15.15,128,54,147,62,4,0,13,183,33,156,15
LOLTMNT02_300922,HC,15.15,46,52,27,183,114,1,129,107,98,58,104
LOLTMNT05_146990,LFL,15.15,128,113,8,132,4,0,13,175,40,183,15
LOLTMNT05_146987,LFL,15.15,175,111,60,114,62,1,128,113,2,122,140
LOLTMNT05_145999,TCL,15.15,14,170,58,82,44,1,175,150,9,4,0
LOLTMNT02_300925,LVP SL,15.15,156,59,13,60,103,0,129,183,139,122,178
LOLTMNT05_147003,PRM,15.15,111,113,139,122,176,1,175,8,5,140,20
LOLTMNT05_148002,LFL,15.15,46,111,107,62,118,1,156,56,2,36,122
LOLTMNT05_147006,NLC,15.15,14,176,118,112,110,0,183,175,103,177,25
LOLTMNT02_302116,HC,15.15,175,147,139,132,20,0,178,111,43,76,144
LOLTMNT02_300926,ROL,15.15,14,54,95,20,125,1,150,58,113,103,114
LOLTMNT05_147005,EBL,15.15,128,156,111,132,4,0,27,60,175,40,104
LOLTMNT05_148005,LFL,15.15,156,59,13,103,0,1,52,183,4,171,5
LOLTMNT05_147014,TCL,15.15,163,156,129,71,122,1,46,13,58,175,118
LOLTMNT05_147016,PRM,15.15,163,155,131,136,125,0,150,169,103,36,60
LOLTMNT02_300930,LVP SL,15.15,36,20,0,74,40,0,128,4,62,54,57
LOLTMNT05_148011,LFL,15.15,175,9,86,2,112,0,156,183,111,18,5
LOLTMNT05_148013,NLC,15.15,139,27,122,8,170,0,111,107,114,59,20
LOLTMNT02_302124,ROL,15.15,175,111,82,76,28,1,49,80,4,40,56
LOLTMNT05_148014,EBL,15.15,183,129,169,114,0,1,13,113,176,122,182
LOLTMNT02_300942,HC,15.15,111,156,46,140,86,1,175,139,188,59,65
LOLTMNT02_302120,LPLOL,15.15,178,59,44,20,1,0,183,175,0,82,13
LOLTMNT02_302126,ROL,15.15,14,9,139,141,154,1,183,150,5,178,94
LOLTMNT05_147017,LFL,15.15,118,178,27,44,8,0,129,176,82,80,23
LOLTMNT05_148015,PRM,15.15,178,65,59,43,158,1,104,58,107,129,71
LOLTMNT05_147019,LFL,15.15,113,13,104,36,60,0,178,150,122,58,182
LOLTMNT05_147020,EBL,15.15,46,113,150,27,118,0,56,183,156,49,86
LOLTMNT02_302137,HC,15.15,113,125,118,27,49,0,10,107,20,28,177
LOLTMNT02_300949,LPLOL,15.15,46,62,4,156,150,1,140,170,112,152,68
LOLTMNT05_148016,LFL,15.15,46,183,54,150,4,0,14,5,114,103,59
LOLTMNT02_302138,ROL,15.15,113,58,125,2,20,0,163,156,60,122,129
LOLTMNT05_148017,EBL,15.15,178,0,111,4,140,1,175,139,2,20,76
LOLTMNT05_148018,LFL,15.15,111,156,139,176,82,1,40,122,113,56,142
LOLTMNT02_300954,LPLOL,15.15,183,156,0,65,171,1,140,86,112,83,84
LOLTMNT02_300957,HC,15.15,5,99,170,142,114,1,183,169,23,40,104
LOLTMNT05_148019,EBL,15.15,125,131,129,9,154,0,43,58,173,122,171
LOLTMNT05_147025,LFL,15.15,90,85,20,125,147,1,27,175,104,0,146
LOLTMNT02_300965,LPLOL,15.15,183,175,86,129,112,0,170,76,103,8,182
LOLTMNT03_280302,NACL,15.16,183,156,46,124,8,0,111,175,118,27,128
LOLTMNT03_280311,NACL,15.16,163,56,129,30,122,1,178,150,103,36,60
LOLTMNT03_280325,NACL,15.16,13,58,15,43,107,0,4,132,110,93,185
LOLTMNT03_281334,NACL,15.16,27,36,65,44,156,1,163,13,169,103,150
LOLTMNT03_280358,NACL,15.16,183,139,124,113,129,0,175,62,56,118,49
LOLTMNT02_300991,LCKC,15.15,46,169,8,85,114,1,5,175,40,58,15
LOLTMNT02_302184,LCKC,15.15,175,128,111,104,27,1,8,178,13,140,65
LOLTMNT02_302189,LCKC,15.15,183,156,129,103,57,0,150,54,182,86,9
LOLTMNT02_302197,LCKC,15.15,163,40,54,20,125,1,156,58,146,103,41
LOLTMNT02_302209,LCKC,15.15,129,141,5,36,82,0,46,1,114,95,122
LOLTMNT02_302238,LCK,15.15,183,90,181,103,125,1,163,14,156,122,139
LOLTMNT02_302252,LCK,15.15,175,128,8,85,20,1,169,13,4,27,46
12616-12616_game_1,LPL,15.15,113,128,14,140,4,1,150,46,141,122,58
LOLTMNT03_281419,LCP,15.16,175,46,8,27,118,1,14,178,128,122,58
LOLTMNT02_302264,LCK,15.15,5,65,58,171,141,0,104,62,129,60,47
12616-12616_game_2,LPL,15.15,8,5,169,36,104,0,139,27,114,40,15
LOLTMNT03_280421,LCP,15.16,150,85,20,186,56,1,129,54,36,5,4
LOLTMNT02_303069,LCK,15.15,163,178,40,56,122,0,111,175,5,15,140
12617-12617_game_1,LPL,15.15,183,175,13,46,122,0,150,156,62,4,5
LOLTMNT03_280451,LCP,15.16,113,62,104,150,0,0,132,54,103,60,14
LOLTMNT02_302301,LCK,15.15,128,181,90,27,18,0,182,156,8,85,20
LOLTMNT03_280467,LCP,15.16,175,8,5,140,20,1,129,178,125,122,27
12617-12617_game_2,LPL,15.15,113,104,182,8,187,1,139,118,176,141,146
12617-12617_game_3,LPL,15.15,178,57,129,15,95,0,125,171,131,58,18
LOLTMNT05_147125,TCL,15.15,111,169,58,4,182,1,175,8,62,122,25
LOLTMNT02_303098,HC,15.15,183,169,1,4,43,1,111,178,140,118,146
LOLTMNT05_147133,TCL,15.15,111,169,58,13,103,1,171,178,139,27,122
LOLTMNT02_303106,HC,15.15,156,20,27,44,62,0,107,122,128,36,172
LOLTMNT05_147136,PRM,15.15,27,13,113,129,103,1,128,175,122,36,171
LOLTMNT05_148142,NLC,15.15,46,150,114,9,113,1,175,44,13,132,20
LOLTMNT05_147135,LFL,15.15,139,9,86,150,169,0,183,178,103,25,171
LOLTMNT05_147140,TCL,15.15,128,90,181,176,118,0,175,13,112,58,4
LOLTMNT05_147143,PRM,15.15,14,56,141,114,183,0,46,169,24,4,140
LOLTMNT05_147144,NLC,15.15,183,125,54,129,103,1,156,5,187,1,4
LOLTMNT05_148151,LFL,15.15,156,129,60,124,36,1,13,107,5,27,15
LOLTMNT02_303110,HC,15.15,163,111,139,91,65,0,58,113,104,0,40
LOLTMNT05_148152,TCL,15.15,163,14,139,170,4,0,111,175,0,140,118
LOLTMNT05_148154,NLC,15.15,14,27,107,25,101,0,178,171,62,139,15
LOLTMNT05_147147,LFL,15.15,175,2,62,4,43,1,113,147,104,58,136
LOLTMNT05_148155,PRM,15.15,111,100,95,65,139,0,156,40,62,104,182
LOLTMNT02_303117,HC,15.15,14,175,122,85,98,0,156,13,183,118,60
LOLTMNT05_148158,LFL,15.15,156,139,111,62,122,1,150,113,5,104,140
LOLTMNT05_147150,PRM,15.15,8,20,176,110,112,1,170,82,150,132,23
LOLTMNT05_147151,LFL,15.15,175,8,13,85,20,0,183,178,147,182,15
LOLTMNT02_302345,HC,15.15,54,128,140,171,4,0,125,27,74,78,20
LOLTMNT03_281576,NACL,15.16,14,52,56,122,140,0,181,90,128,58,15
LOLTMNT03_281593,NACL,15.16,46,178,147,142,103,0,175,111,2,132,82
LOLTMNT03_281599,NACL,15.16,90,36,27,4,60,1,111,103,95,139,107
LOLTMNT03_280603,NACL,15.16,169,13,118,62,5,1,46,175,1,82,58
LOLTMNT02_303137,LCK,15.15,175,111,103,9,128,0,129,178,140,4,112
LOLTMNT02_303138,LCK,15.15,163,40,5,34,170,1,58,8,125,141,114
12618-12618_game_1,LPL,15.15,183,141,104,128,111,1,62,113,13,103,112
LOLTMNT02_303139,LCK,15.15,14,54,104,36,139,1,150,156,15,27,23
12618-12618_game_2,LPL,15.15,163,169,1,20,0,1,150,178,4,60,36
12618-12618_game_3,LPL,15.15,182,8,27,82,107,0,125,129,122,85,74
LOLTMNT02_303157,LCK,15.15,175,8,13,176,118,1,46,178,40,85,20
LOLTMNT03_281671,LCP,15.16,113,46,150,85,20,1,27,191,5,140,118
LOLTMNT02_303158,LCK,15.15,150,54,128,58,122,1,104,156,1,27,0
12619-12619_game_1,LPL,15.15,113,111,128,122,62,0,156,150,139,4,140
LOLTMNT05_147164,LFL2,15.15,46,183,111,100,4,0,27,156,56,171,103
LOLTMNT03_280676,HM,15.16,175,27,112,4,129,0,128,103,85,65,142
LOLTMNT03_280679,LCP,15.16,128,169,129,132,103,1,54,171,60,36,82
LOLTMNT02_302398,LCK,15.15,140,5,129,131,15,1,169,139,24,65,187
12619-12619_game_2,LPL,15.15,13,103,132,175,0,1,129,178,5,85,20
LOLTMNT05_148177,LFL2,15.15,175,111,27,0,103,1,139,156,132,129,57
LOLTMNT03_281693,HM,15.16,139,19,155,51,15,0,156,183,182,118,49
LOLTMNT03_280688,LCP,15.16,175,62,104,136,2,1,178,139,58,111,114
LOLTMNT05_148182,LFL2,15.15,113,147,36,60,82,1,183,111,175,128,118
12619-12619_game_3,LPL,15.15,169,2,118,60,95,1,8,82,80,112,142
LOLTMNT03_281706,HM,15.16,13,178,20,187,125,0,150,122,141,140,0
LOLTMNT03_280720,LCP,15.16,107,111,62,60,118,0,113,183,40,128,20
LOLTMNT03_281726,HM,15.16,131,36,104,186,40,0,188,82,43,100,111
LOLTMNT05_147181,LFL2,15.15,46,175,2,9,86,0,183,5,114,40,104
12620-12620_game_1,LPL,15.15,113,13,182,85,20,0,139,150,178,4,140
LOLTMNT03_280734,LCP,15.16,163,125,14,146,122,0,27,175,43,2,103
12620-12620_game_2,LPL,15.15,8,46,114,122,27,1,111,175,57,58,103
LOLTMNT03_281747,HM,15.16,163,171,30,25,148,1,58,107,11,133,38
12620-12620_game_3,LPL,15.15,128,176,104,141,171,0,112,118,36,54,40
LOLTMNT06_133372,LEC,15.16,14,156,5,62,118,1,139,59,191,2,82
LOLTMNT06_133374,LEC,15.16,57,175,129,176,4,0,150,113,128,27,104
LOLTMNT03_280786,LTA S,15.16,183,113,8,139,122,1,27,150,141,128,118
LOLTMNT03_281799,LTA S,15.16,13,103,132,56,54,0,14,131,5,140,104
LOLTMNT06_132374,LEC,15.16,163,60,103,27,19,0,111,107,140,13,122
LOLTMNT03_280803,LTA S,15.16,129,170,60,9,148,0,40,107,23,59,154
LOLTMNT06_133390,LEC,15.16,128,181,58,83,118,1,156,150,5,85,15
LOLTMNT06_132386,LEC,15.16,46,169,40,59,86,1,129,56,114,104,9
LOLTMNT03_281842,LTA N,15.16,14,128,163,141,4,1,150,183,40,175,15
LOLTMNT03_280867,LTA N,15.16,125,171,54,27,103,0,111,85,139,80,122
LOLTMNT03_281867,LTA N,15.16,181,90,188,60,114,0,24,140,169,118,25
LOLTMNT03_281872,LTA N,15.16,5,132,156,2,20,1,36,65,56,131,78
LOLTMNT03_281876,LTA N,15.16,178,82,8,59,0,1,104,129,62,43,120
LOLTMNT02_302438,LCK,15.15,183,1,128,114,4,0,14,46,175,27,118
LOLTMNT02_303218,LCK,15.15,13,169,5,176,82,1,178,129,182,122,36
LOLTMNT02_303220,LCK,15.15,113,85,20,139,188,1,40,54,140,65,0
LOLTMNT02_302449,LCK,15.15,175,128,8,27,122,1,111,156,112,140,15
12621-12621_game_1,LPL,15.15,46,62,104,141,111,0,128,175,8,27,15
LOLTMNT03_280938,HM,15.16,111,30,60,15,58,1,107,128,171,163,103
LOLTMNT03_281922,LCP,15.16,163,178,46,118,13,1,104,175,62,128,40
LOLTMNT03_281923,HM,15.16,113,27,150,82,182,1,175,183,20,1,41
12621-12621_game_2,LPL,15.15,156,171,182,140,122,0,13,113,125,4,132
LOLTMNT05_148221,LFL2,15.15,13,175,59,181,4,0,183,111,156,103,139
LOLTMNT02_302450,LCK,15.15,169,1,5,36,65,0,181,90,125,85,103
LOLTMNT03_281932,LCP,15.16,139,90,181,85,20,0,150,54,4,27,5
LOLTMNT03_281937,HM,15.16,191,139,155,122,40,1,13,178,118,172,176
LOLTMNT05_148226,LFL2,15.15,183,169,150,112,4,0,175,59,186,128,103
12622-12622_game_1,LPL,15.15,163,13,4,128,54,1,14,58,104,178,5
LOLTMNT03_281969,HM,15.16,169,125,147,142,94,0,114,129,36,43,115
LOLTMNT03_280991,LCP,15.16,175,5,40,36,118,1,111,128,107,27,20
12622-12622_game_2,LPL,15.15,156,36,65,171,125,0,176,118,60,8,186
LOLTMNT05_148235,LFL2,15.15,113,150,60,183,4,0,27,5,66,136,82
LOLTMNT03_282001,LCP,15.16,150,186,60,140,15,1,14,156,125,58,4
LOLTMNT05_148241,LFL2,15.15,113,139,147,20,176,0,13,175,60,103,142
LOLTMNT03_282019,LCP,15.16,85,122,169,98,171,0,139,132,13,151,18
LOLTMNT06_132462,LEC,15.16,111,54,128,118,176,1,57,171,113,27,15
LOLTMNT06_132463,LEC,15.16,129,175,139,20,85,0,178,8,5,4,188
LOLTMNT03_282074,LTA S,15.16,163,14,156,4,128,1,107,111,5,36,15
LOLTMNT05_147272,AL,15.15,156,8,139,4,59,1,52,14,82,0,36
LOLTMNT05_147268,AL,15.15,113,104,62,2,125,0,156,183,103,147,60
LOLTMNT06_132464,LEC,15.16,14,139,54,85,20,0,150,113,75,62,4
LOLTMNT03_283073,LTA S,15.16,183,178,139,65,129,1,27,90,25,104,62
LOLTMNT05_147273,AL,15.15,150,113,60,176,118,0,13,54,43,122,142
LOLTMNT06_133477,LEC,15.16,104,175,8,58,60,0,178,65,40,36,120
LOLTMNT05_147274,AL,15.15,5,175,122,155,111,0,169,118,176,128,40
LOLTMNT03_282101,LTA S,15.16,182,64,124,158,141,0,176,125,118,8,191
LOLTMNT05_148303,AL,15.15,178,62,111,115,125,0,131,27,2,15,56
LOLTMNT03_282116,LTA S,15.16,169,132,103,150,0,1,85,13,82,30,95
LOLTMNT05_148304,AL,15.15,178,20,8,27,0,0,82,107,188,57,181
LOLTMNT05_147276,AL,15.15,5,40,140,86,173,1,182,107,129,76,65
LOLTMNT03_282144,LTA N,15.16,183,40,175,65,171,1,128,156,24,104,27
LOLTMNT03_282158,LTA N,15.16,169,46,188,4,36,0,150,178,15,138,58
LOLTMNT05_148306,AL,15.15,183,20,110,83,147,1,103,141,163,23,67
LOLTMNT03_283147,LTA N,15.16,125,8,62,122,170,0,111,60,90,85,124
LOLTMNT03_282167,LRN,15.16,183,4,150,146,60,1,32,103,115,158,0
LOLTMNT03_282173,LRN,15.16,113,13,182,59,15,1,90,14,25,9,154
LOLTMNT03_283164,LRN,15.16,104,64,5,129,120,1,169,139,27,118,111
LOLTMNT03_282254,LCKC,15.16,175,46,111,27,122,0,8,178,5,118,176
LOLTMNT03_282261,LCKC,15.16,14,54,0,85,20,0,139,150,186,140,4
LOLTMNT03_282260,PCS,15.16,14,169,128,36,20,1,163,171,156,112,124
12623-12623_game_1,LPL,15.15,163,141,128,146,122,0,46,175,4,140,40
LOLTMNT03_282263,PCS,15.16,13,178,4,176,139,0,8,175,5,85,136
12623-12623_game_2,LPL,15.15,139,104,62,107,1,0,118,178,176,182,111
LOLTMNT03_282279,LCKC,15.16,14,54,128,58,82,0,178,150,5,140,122
LOLTMNT03_283249,PCS,15.16,122,170,62,56,147,0,27,118,146,125,40
LOLTMNT03_282300,LCKC,15.16,46,107,111,132,4,1,57,175,40,27,103
12624-12624_game_1,LPL,15.15,113,13,128,176,118,0,8,54,112,140,104
LOLTMNT03_283277,LCKC,15.16,183,156,171,25,86,1,129,139,80,36,65
12624-12624_game_2,LPL,15.15,163,5,169,111,82,1,139,183,40,175,15
12624-12624_game_3,LPL,15.15,114,62,129,122,43,1,125,131,24,103,27
LOLTMNT06_133504,LEC,15.16,183,14,128,114,118,1,178,150,5,62,122
LOLTMNT06_133506,LEC,15.16,169,57,8,27,82,0,129,54,182,4,188
LOLTMNT05_148319,AL,15.15,113,122,49,176,43,1,156,111,139,103,59
LOLTMNT06_133510,LEC,15.16,175,140,40,43,65,0,111,156,176,60,115
LOLTMNT05_147303,AL,15.15,14,178,60,4,58,0,131,181,5,140,86
LOLTMNT06_133511,LEC,15.16,183,156,20,8,60,1,27,103,14,175,5
LOLTMNT05_147305,AL,15.15,46,82,27,8,173,1,13,104,107,155,40
LOLTMNT06_133519,LEC,15.16,111,176,118,30,114,1,131,171,9,56,18
LOLTMNT05_148320,AL,15.15,171,80,62,114,125,1,9,54,20,1,112
LOLTMNT03_283495,CD,15.16,156,150,27,118,46,0,14,113,36,15,5
LOLTMNT03_283507,CD,15.16,175,2,62,125,103,0,183,111,141,122,56
LOLTMNT03_283521,CD,15.16,139,129,169,85,101,0,107,182,104,171,64
LOLTMNT03_282559,LRN,15.16,183,139,181,90,65,1,163,111,104,5,169
LOLTMNT03_282565,CD,15.16,111,9,154,5,131,0,183,113,150,15,128
LOLTMNT03_283536,CD,15.16,13,56,46,122,58,1,129,178,57,118,62
LOLTMNT03_283530,LRN,15.16,13,176,118,191,125,0,129,175,182,85,101
LOLTMNT03_282578,LRN,15.16,27,60,107,171,115,0,128,58,15,109,93
LOLTMNT03_282662,LCKC,15.16,46,169,8,15,36,1,5,175,111,58,104
LOLTMNT03_283636,LCKC,15.16,13,156,0,95,122,0,139,129,186,27,20
LOLTMNT03_283634,PCS,15.16,183,175,8,122,5,1,111,178,27,118,125
12625-12625_game_1,LPL,15.16,163,141,150,5,122,1,128,113,140,4,13
LOLTMNT03_283643,PCS,15.16,46,100,171,15,36,0,129,113,128,62,18
12625-12625_game_2,LPL,15.16,125,19,82,142,57,0,132,60,20,83,171
LOLTMNT03_282695,LCKC,15.16,128,129,54,58,4,0,46,156,8,104,62
LOLTMNT03_282697,PCS,15.16,13,186,155,82,147,0,156,85,103,60,49
LOLTMNT03_282716,LCKC,15.16,163,14,60,118,90,0,150,178,183,57,103
12626-12626_game_1,LPL,15.16,128,178,40,118,132,0,8,175,112,62,4
12626-12626_game_2,LPL,15.16,139,111,169,64,124,0,27,0,122,2,54
LOLTMNT03_282800,HM,15.16,175,182,111,118,187,0,178,183,14,139,104
LOLTMNT03_283796,HM,15.16,150,54,41,93,122,0,8,163,128,170,4
LOLTMNT03_282847,HM,15.16,181,82,60,140,105,0,27,103,2,43,16
LOLTMNT03_283818,LVP SL,15.16,14,178,139,15,27,0,128,175,111,118,140
LOLTMNT06_132504,PRM,15.16,150,169,128,183,104,1,113,46,129,4,27
LOLTMNT05_148341,AL,15.15,183,54,111,4,182,0,156,150,27,103,25
LOLTMNT03_282863,LVP SL,15.16,129,183,80,5,103,0,147,156,176,122,60
LOLTMNT06_132506,PRM,15.16,163,131,57,103,49,0,13,175,140,122,182
LOLTMNT03_282861,ROL,15.16,150,139,103,30,187,0,111,58,20,110,54
LOLTMNT05_147333,AL,15.15,13,178,38,140,122,0,118,175,176,40,5
LOLTMNT03_282883,LVP SL,15.16,113,1,125,132,20,1,114,0,150,4,155
LOLTMNT06_133524,PRM,15.16,156,139,59,86,146,1,56,118,0,176,171
LOLTMNT03_282889,ROL,15.16,46,156,95,118,147,0,56,141,122,140,171
LOLTMNT03_282894,ROL,15.16,183,49,120,15,178,1,14,9,141,5,122
LOLTMNT03_283862,RL,15.16,171,65,140,112,107,1,128,27,103,191,58
LOLTMNT05_148343,AL,15.15,1,107,82,188,43,1,113,190,20,85,110
LOLTMNT06_132507,PRM,15.16,14,125,54,155,15,0,8,62,112,82,170
LOLTMNT03_283880,ROL,15.16,188,150,169,0,103,0,111,62,54,128,4
LOLTMNT03_282923,ROL,15.16,188,170,125,146,115,1,13,90,4,42,36
LOLTMNT03_282919,RL,15.16,183,4,175,129,56,0,122,155,146,156,57
LOLTMNT06_133525,PRM,15.16,178,60,85,143,93,0,1,120,43,9,189
LOLTMNT03_283901,CD,15.16,175,183,111,170,118,0,139,191,181,176,122
LOLTMNT03_283902,LRS,15.16,85,186,14,46,103,0,183,169,118,49,42
LOLTMNT03_283911,CD,15.16,150,178,27,4,128,1,113,129,46,36,15
LOLTMNT03_283914,ROL,15.16,156,82,8,22,125,1,58,191,154,129,136
LOLTMNT03_282955,LRS,15.16,150,54,4,59,71,0,129,156,114,27,8
LOLTMNT03_283925,CD,15.16,182,146,131,85,20,0,125,40,156,140,86
LOLTMNT03_282967,LRS,15.16,180,83,57,44,139,0,125,131,188,88,115
LOLTMNT06_133530,CD,15.16,163,178,125,118,13,0,113,140,139,4,145
LOLTMNT03_282980,LRS,15.16,163,175,111,124,128,1,140,107,2,82,40
LOLTMNT06_132516,CD,15.16,156,1,27,122,60,0,5,150,54,62,114
LOLTMNT03_283998,LCKC,15.16,113,128,13,58,103,0,8,175,60,122,140
LOLTMNT03_284040,LCKC,15.16,175,5,40,132,4,0,183,46,169,1,15
LOLTMNT03_285012,LCKC,15.16,111,107,140,0,118,1,178,139,129,27,122
LOLTMNT03_284056,LCKC,15.16,169,5,150,36,104,0,129,27,125,178,65
LOLTMNT03_284067,LCKC,15.16,14,125,156,36,65,1,182,2,100,85,18
LOLTMNT03_284103,LCK,15.16,178,40,13,85,20,1,128,111,107,4,58
LOLTMNT03_285066,PCS,15.16,113,14,5,58,103,0,46,178,158,4,62
LOLTMNT03_284115,LCK,15.16,150,175,139,62,122,0,113,129,5,140,82
12627-12627_game_1,LPL,15.16,175,128,40,27,122,1,8,169,112,4,140
LOLTMNT03_285069,PCS,15.16,163,54,40,182,115,0,140,111,15,141,51
12627-12627_game_2,LPL,15.16,5,54,2,36,65,0,150,156,182,104,62
LOLTMNT03_284142,LCK,15.16,14,46,141,27,15,1,150,175,13,4,58
LOLTMNT03_285090,PCS,15.16,183,60,8,120,104,0,85,20,13,139,186
12628-12628_game_1,LPL,15.16,175,46,40,36,104,0,8,128,114,140,122
LOLTMNT03_284170,LCK,15.16,129,114,5,36,34,0,169,40,125,104,22
LOLTMNT03_284166,PCS,15.16,156,129,122,36,38,1,27,90,181,118,136
12628-12628_game_2,LPL,15.16,156,85,103,125,1,0,27,118,14,54,43
LOLTMNT03_285203,RL,15.16,85,113,150,94,57,0,27,175,2,104,5
LOLTMNT03_285213,HC,15.16,113,140,150,25,86,0,175,163,139,176,133
LOLTMNT06_132531,NLC,15.16,175,139,111,176,118,1,13,178,40,163,104
LOLTMNT06_133557,LFL,15.16,111,175,27,5,122,0,183,13,139,141,4
LOLTMNT03_284303,HC,15.16,183,169,0,103,1,0,187,131,43,118,170
LOLTMNT03_284302,RL,15.16,59,146,118,107,139,0,132,14,15,116,98
LOLTMNT06_132543,NLC,15.16,150,156,5,27,15,1,113,1,62,4,23
LOLTMNT06_133566,EBL,15.16,14,175,139,187,104,1,2,27,46,54,103
LOLTMNT03_284326,HC,15.16,59,114,156,144,49,1,10,60,20,6,177
LOLTMNT06_133568,LFL,15.16,14,113,60,85,82,0,54,118,188,62,23
LOLTMNT03_284325,RL,15.16,170,147,187,50,114,1,140,80,40,122,75
LOLTMNT06_133569,NLC,15.16,54,147,59,25,94,0,140,90,181,125,18
LOLTMNT03_285282,HC,15.16,163,14,122,110,139,1,93,178,150,103,164
LOLTMNT06_132550,EBL,15.16,183,173,13,136,15,0,59,156,60,150,154
LOLTMNT03_284356,LPLOL,15.16,113,176,118,30,14,1,156,58,103,129,182
LOLTMNT06_132551,LFL,15.16,156,14,46,155,15,0,90,183,57,128,115
LOLTMNT06_133575,NLC,15.16,107,122,182,187,49,0,171,131,0,142,114
LOLTMNT03_284367,RL,15.16,183,156,128,171,103,1,155,13,57,72,20
LOLTMNT03_284371,HC,15.16,175,180,44,59,86,0,170,147,20,176,98
LOLTMNT06_132553,EBL,15.16,13,113,155,110,103,0,183,111,107,118,5
LOLTMNT06_133579,LFL,15.16,163,169,40,65,0,1,175,150,140,4,5
LOLTMNT03_285320,LPLOL,15.16,183,111,175,4,0,0,9,129,170,122,127
LOLTMNT03_285321,RL,15.16,139,163,175,36,82,1,60,178,150,27,122
LOLTMNT06_132557,EBL,15.16,188,80,1,56,114,1,27,54,78,82,181
LOLTMNT06_132558,LFL,15.16,111,62,103,44,100,1,107,27,13,118,60
LOLTMNT03_284421,LPLOL,15.16,183,113,171,122,60,1,104,62,2,103,125
LOLTMNT03_284422,RL,15.16,113,176,40,147,125,0,107,118,140,145,182
LOLTMNT03_285354,NACL,15.16,113,150,46,27,4,1,183,128,54,8,20
LOLTMNT03_285364,LPLOL,15.16,175,59,147,75,20,1,62,111,116,128,103
LOLTMNT03_284454,NACL,15.16,163,191,82,139,51,0,111,175,118,36,5
LOLTMNT03_284479,NACL,15.16,156,62,104,44,147,1,13,85,101,80,158
LOLTMNT03_284489,NACL,15.16,122,182,178,58,146,1,140,43,171,65,131
LOLTMNT03_285468,LCKC,15.16,175,111,112,58,15,1,128,8,104,156,155
LOLTMNT03_285467,LCKC,15.16,150,178,13,95,103,0,46,8,186,36,82
LOLTMNT03_285479,LCKC,15.16,178,176,118,182,171,0,129,169,140,139,4
LOLTMNT03_285480,LCKC,15.16,111,156,5,132,4,0,128,40,100,85,15
LOLTMNT03_284605,LCK,15.16,113,46,129,27,103,1,128,175,40,15,58
LOLTMNT03_285537,LCK,15.16,13,54,4,187,5,1,111,140,178,20,125
12629-12629_game_1,LPL,15.16,150,58,5,156,118,0,128,163,54,4,1
12629-12629_game_2,LPL,15.16,175,171,139,176,20,0,178,40,0,27,104
LOLTMNT03_285549,LCK,15.16,156,139,1,9,86,0,150,104,62,0,52
12630-12630_game_1,LPL,15.16,14,114,139,27,122,0,150,128,141,4,140
LOLTMNT03_284666,LCK,15.16,175,46,1,140,122,0,128,150,178,118,62
12630-12630_game_2,LPL,15.16,175,62,40,82,56,1,8,183,5,103,178
LOLTMNT03_284695,LCK,15.16,139,111,156,27,104,1,125,169,4,171,58
12630-12630_game_3,LPL,15.16,156,176,118,112,188,1,125,13,54,85,20
LOLTMNT03_284713,LCK,15.16,14,54,60,64,124,1,85,113,20,182,78
LOLTMNT06_132570,TCL,15.16,128,116,8,183,122,1,163,111,112,186,114
LOLTMNT03_284745,HC,15.16,19,27,5,103,100,0,52,14,182,36,104
LOLTMNT06_133601,TCL,15.16,14,113,125,27,15,1,181,19,60,85,122
LOLTMNT03_285695,HC,15.16,113,183,111,112,86,1,142,175,136,171,15
LOLTMNT06_133603,NLC,15.16,14,113,27,56,15,1,150,175,122,36,60
LOLTMNT03_285694,LVP SL,15.16,14,183,139,175,103,1,107,36,1,125,20
LOLTMNT06_133605,LFL,15.16,183,139,14,114,103,1,175,62,25,150,4
LOLTMNT06_132589,TCL,15.16,113,129,5,58,15,0,175,150,62,98,104
LOLTMNT03_285720,LVP SL,15.16,111,176,118,156,112,1,169,59,147,154,60
LOLTMNT06_133621,NLC,15.16,5,107,111,118,187,0,173,147,54,140,86
LOLTMNT03_284794,HC,15.16,111,107,183,20,0,1,13,175,85,2,101
LOLTMNT06_132597,EBL,15.16,60,176,156,128,4,0,27,175,13,104,5
LOLTMNT03_285727,ROL,15.16,183,170,139,65,8,1,171,178,5,142,118
LOLTMNT06_132601,LFL,15.16,85,20,46,1,113,0,128,122,57,132,172
LOLTMNT06_133628,NLC,15.16,25,170,129,58,4,1,0,156,49,142,185
LOLTMNT06_133627,TCL,15.16,163,113,150,139,4,0,111,54,58,103,0
LOLTMNT03_284822,LVP SL,15.16,5,129,54,155,82,1,150,131,182,15,58
LOLTMNT06_132606,EBL,15.16,183,169,56,144,129,1,9,178,148,44,19
LOLTMNT03_285747,ROL,15.16,46,27,131,1,104,1,128,54,187,24,90
LOLTMNT03_285750,HC,15.16,178,133,140,28,82,1,27,173,46,118,9
LOLTMNT06_132605,LFL,15.16,163,178,60,40,15,1,175,128,140,13,103
LOLTMNT03_284825,ROL,15.16,46,171,141,27,124,0,5,150,169,62,82
LOLTMNT03_285759,LPLOL,15.16,13,175,40,187,118,0,139,178,147,62,122
LOLTMNT06_132608,EBL,15.16,14,178,46,27,122,0,13,175,183,2,114
LOLTMNT03_285764,LVP SL,15.16,90,57,27,146,124,0,64,141,4,25,40
LOLTMNT03_284849,ROL,15.16,139,156,49,122,9,0,0,13,187,19,118
LOLTMNT06_133637,LFL,15.16,175,56,2,85,103,0,46,111,141,62,114
LOLTMNT06_133638,LFL,15.16,14,139,183,100,122,0,131,188,181,43,4
LOLTMNT06_132616,EBL,15.16,111,80,118,187,0,1,129,54,5,85,101
LOLTMNT03_285779,LPLOL,15.16,111,156,9,103,44,0,58,113,2,65,5
LOLTMNT03_285800,LVP SL,15.16,113,115,32,71,171,0,178,62,18,0,2
LOLTMNT06_132621,EBL,15.16,107,43,163,124,150,1,1,60,58,4,186
LOLTMNT03_285815,LPLOL,15.16,183,30,86,1,41,1,59,54,154,14,69
LOLTMNT06_133640,LFL,15.16,183,146,181,0,82,1,90,27,5,118,176
LOLTMNT06_133641,LFL,15.16,118,54,2,56,187,0,111,113,0,62,104
LOLTMNT06_133642,LFL,15.16,156,122,140,13,60,0,58,19,4,129,23
LOLTMNT03_284914,LPLOL,15.16,122,27,171,90,0,1,20,111,175,140,88
LOLTMNT03_285844,NACL,15.16,90,128,181,176,118,1,103,27,146,122,5
LOLTMNT03_284930,LPLOL,15.16,64,139,105,40,6,1,183,156,112,8,15
LOLTMNT03_286004,NACL,15.16,113,46,111,148,58,0,13,175,1,82,164
LOLTMNT03_286013,NACL,15.16,183,156,86,49,60,0,178,9,154,150,42
LOLTMNT03_287005,LCKC,15.16,14,175,46,58,4,1,128,181,90,27,114
LOLTMNT03_286073,LCKC,15.16,128,156,163,104,129,1,183,112,86,186,146
LOLTMNT03_287015,LCKC,15.16,46,8,54,140,118,0,56,113,111,27,122
LOLTMNT03_287019,LCKC,15.16,5,54,40,85,101,1,169,140,13,122,182
LOLTMNT03_287036,LCKC,15.16,125,83,170,95,103,1,175,1,60,82,36
LOLTMNT03_287037,LCKC,15.16,183,111,86,0,116,1,118,176,60,100,146
LOLTMNT03_287069,LCK,15.16,175,111,112,140,4,0,128,178,40,58,114
LOLTMNT03_287081,LCK,15.16,113,5,150,188,82,1,163,13,15,54,1
12631-12631_game_1,LPL,15.16,156,8,139,140,118,1,62,175,13,5,122
LOLTMNT03_286147,LCP,15.16,163,169,150,40,103,1,128,58,104,129,156
LOLTMNT03_287101,LCK,15.16,129,85,20,56,186,1,8,156,59,182,94
12631-12631_game_2,LPL,15.16,178,46,27,33,103,0,128,114,14,85,20
LOLTMNT03_287110,LCP,15.16,113,171,5,85,20,1,13,27,15,60,116
LOLTMNT03_286183,LCK,15.16,175,112,111,27,82,0,8,128,113,122,62
12632-12632_game_1,LPL,15.16,163,178,150,112,103,0,128,175,140,104,146
LOLTMNT03_286201,LCP,15.16,128,175,14,62,104,1,27,13,15,40,178
LOLTMNT03_286208,LCK,15.16,13,24,54,58,15,1,46,129,178,4,36
12632-12632_game_2,LPL,15.16,139,62,4,13,141,0,5,40,169,64,124
LOLTMNT03_286227,LCP,15.16,8,170,125,76,20,0,156,111,139,140,118
LOLTMNT03_286241,LCK,15.16,150,140,103,60,170,0,1,156,182,59,148
LOLTMNT06_134017,TCL,15.16,113,13,183,20,40,1,128,175,62,4,142
LOLTMNT06_133672,TCL,15.16,175,40,62,122,46,0,169,111,140,4,43
LOLTMNT03_287233,HC,15.16,44,113,14,58,122,1,46,175,1,140,4
LOLTMNT06_134029,NLC,15.16,175,40,139,187,86,0,111,178,27,60,103
LOLTMNT06_133678,LFL,15.16,183,141,13,15,125,0,175,111,59,118,56
LOLTMNT03_287263,HC,15.16,103,85,105,23,170,0,146,27,82,112,106
LOLTMNT06_134040,TCL,15.16,46,163,150,4,170,1,5,113,129,140,118
LOLTMNT06_133683,NLC,15.16,113,129,125,122,142,0,150,156,140,112,15
LOLTMNT06_134043,LFL,15.16,128,27,122,8,113,1,62,156,112,103,171
LOLTMNT03_287286,HC,15.16,59,15,139,19,181,1,65,76,156,60,18
LOLTMNT06_134045,TCL,15.16,183,150,103,116,56,1,14,59,4,54,71
LOLTMNT06_133688,NLC,15.16,5,116,163,82,147,0,171,0,114,62,54
LOLTMNT06_134049,LFL,15.16,46,114,188,27,122,1,14,175,56,58,103
LOLTMNT03_286383,LPLOL,15.16,14,175,139,20,85,0,183,150,46,122,54
LOLTMNT03_286389,HC,15.16,175,140,147,103,44,1,19,58,4,171,30
LOLTMNT06_134055,LFL,15.16,156,59,111,0,104,1,169,183,118,1,75
LOLTMNT03_286414,LPLOL,15.16,113,140,171,118,110,1,120,147,4,176,25
LOLTMNT03_287329,HC,15.16,178,111,139,9,86,0,14,52,46,163,82
LOLTMNT06_134059,LFL,15.16,90,85,20,43,13,1,116,62,5,15,2
LOLTMNT03_286451,LPLOL,15.16,58,112,37,171,170,1,59,116,98,147,124
LOLTMNT03_286506,LPLOL,15.16,183,54,86,146,125,0,10,104,114,15,113
LOLTMNT03_286517,NACL,15.16,113,150,128,183,20,1,111,175,118,161,27
LOLTMNT03_286563,NACL,15.16,46,127,4,147,170,1,103,58,110,49,191
LOLTMNT03_287409,NACL,15.16,90,27,36,118,125,1,14,146,140,20,60
LOLTMNT03_287424,NACL,15.16,183,86,40,182,74,0,150,4,5,142,131
LOLTMNT03_286946,LCK,15.16,183,150,169,122,46,0,175,128,104,27,111
LOLTMNT03_286952,LCK,15.16,14,85,20,5,114,1,113,188,118,58,182
12633-12633_game_1,LPL,15.16,175,112,1,118,62,1,128,150,156,4,27
LOLTMNT03_287529,LCK,15.16,178,129,125,18,155,1,156,4,62,24,44
12633-12633_game_2,LPL,15.16,8,139,107,142,122,0,113,111,60,140,82
12634-12634_game_1,LPL,15.16,14,128,141,62,104,1,46,150,175,118,176
LOLTMNT03_286994,LCK,15.16,14,114,13,58,15,0,128,169,188,27,118
LOLTMNT03_287000,LCP,15.16,183,178,8,118,60,1,14,27,116,122,120
12634-12634_game_2,LPL,15.16,139,85,20,129,54,1,178,60,13,27,4
LOLTMNT06_133702,LFL2,15.16,113,27,122,49,161,0,139,103,142,111,54
LOLTMNT03_287593,LCK,15.16,163,90,181,20,182,1,150,54,5,85,122
LOLTMNT03_288014,LCP,15.16,13,107,128,142,4,1,85,129,20,156,112
12634-12634_game_3,LPL,15.16,183,110,124,136,1,0,8,163,65,186,43
LOLTMNT06_133703,LFL2,15.16,113,140,128,122,146,0,163,14,60,116,4
LOLTMNT03_288022,HM,15.16,156,49,128,36,118,1,146,27,15,5,58
LOLTMNT03_287634,LCK,15.16,111,62,4,80,60,1,104,139,140,186,8
LOLTMNT03_288046,LCP,15.16,104,140,5,141,111,1,62,40,103,182,74
12635-12635_game_1,LPL,15.16,128,150,114,58,15,0,46,113,111,140,65
LOLTMNT03_287647,HM,15.16,163,13,107,60,122,0,169,85,150,182,20
LOLTMNT06_133704,LFL2,15.16,183,113,13,40,104,1,27,90,128,122,62
LOLTMNT03_287669,LCP,15.16,175,8,5,140,104,1,163,169,182,129,103
12635-12635_game_2,LPL,15.16,175,40,5,27,104,1,8,118,176,178,139
LOLTMNT03_288085,HM,15.16,10,25,147,170,18,0,139,59,54,190,4
LOLTMNT06_133706,LFL2,15.16,183,90,150,82,0,1,175,62,8,118,5
LOLTMNT03_288101,LCP,15.16,183,54,188,161,4,1,113,14,139,27,15
12635-12635_game_3,LPL,15.16,129,62,4,182,100,1,13,85,20,141,60
LOLTMNT03_288108,HM,15.16,128,83,181,27,118,0,5,156,93,163,94
LOLTMNT03_288133,LCP,15.16,111,176,118,114,57,1,60,49,178,122,95
LOLTMNT03_287714,HM,15.16,178,160,111,4,0,1,170,183,86,129,125
LOLTMNT03_288156,HM,15.16,85,114,150,139,122,1,62,175,49,82,25
LOLTMNT03_287743,LVP SL,15.16,14,178,128,62,4,1,163,175,60,2,118
LOLTMNT03_287765,LTA S,15.16,156,129,46,176,118,1,8,54,13,27,103
LOLTMNT03_288191,LVP SL,15.16,46,13,54,140,103,0,150,5,114,122,9
LOLTMNT06_133712,EBL,15.16,183,178,49,56,4,0,175,111,5,62,118
LOLTMNT03_287786,LTA S,15.16,178,40,62,1,20,0,128,140,4,170,147
LOLTMNT03_287795,LVP SL,15.16,36,0,15,116,1,0,59,156,154,23,190
LOLTMNT03_287800,LTA S,15.16,111,173,125,9,122,1,2,141,56,36,15
LOLTMNT06_133713,EBL,15.16,46,27,80,82,146,1,43,107,103,155,78
LOLTMNT03_287799,RL,15.16,183,156,13,122,56,0,155,2,146,43,20
LOLTMNT06_134085,EBL,15.16,163,139,104,54,129,1,58,113,112,15,13
LOLTMNT03_287817,RL,15.16,85,178,14,46,82,1,27,171,80,139,4
LOLTMNT03_287840,RL,15.16,54,150,112,103,36,0,1,125,151,118,62
LOLTMNT03_288294,LTA N,15.16,183,111,128,15,141,1,175,188,182,181,103
LOLTMNT03_287894,LTA N,15.16,163,129,54,0,122,0,13,58,114,5,131
LOLTMNT03_288338,LTA N,15.16,125,169,40,27,4,1,139,171,178,118,176
LOLTMNT03_287928,LTA N,15.16,46,150,80,9,18,1,14,90,57,132,20
LOLTMNT03_288407,LCK,15.16,113,128,163,40,4,0,46,178,58,8,118
LOLTMNT03_288421,LCK,15.16,150,62,104,107,60,0,1,139,54,86,187
LOLTMNT03_288450,LCK,15.16,128,156,150,27,82,1,178,111,13,58,118
12636-12636_game_1,LPL,15.16,128,54,111,140,4,1,150,183,112,122,80
LOLTMNT03_288467,LCK,15.16,113,40,46,85,20,0,175,8,5,103,188
LOLTMNT03_288468,LCP,15.16,111,128,107,142,103,1,178,8,60,27,118
12636-12636_game_2,LPL,15.16,14,113,139,85,20,0,156,2,5,103,132
LOLTMNT06_133732,LFL2,15.16,156,139,27,171,118,0,116,13,0,36,15
LOLTMNT03_288480,LCP,15.16,113,46,129,58,122,0,150,156,56,85,20
LOLTMNT06_134115,LFL2,15.16,13,46,103,27,114,1,111,113,5,176,20
12637-12637_game_1,LPL,15.16,113,111,13,176,118,1,128,183,40,4,156
LOLTMNT03_288514,LCP,15.16,113,27,40,139,122,1,175,8,104,36,0
LOLTMNT06_133739,LFL2,15.16,14,163,141,122,139,1,90,181,128,27,4
12637-12637_game_2,LPL,15.16,150,169,5,140,20,0,139,14,27,122,54
LOLTMNT06_134116,PRM,15.16,128,54,40,132,103,1,46,111,175,62,4
LOLTMNT03_288554,LCP,15.16,150,140,4,125,170,1,169,163,118,1,60
LOLTMNT06_133741,LFL2,15.16,113,150,58,112,103,1,163,100,13,122,161
LOLTMNT06_134118,PRM,15.16,8,178,27,182,15,1,129,113,5,58,118
LOLTMNT03_289147,HM,15.16,46,178,111,36,82,0,5,175,118,188,62
LOLTMNT06_133745,PRM,15.16,156,65,171,60,163,0,169,104,1,140,0
LOLTMNT03_289182,HM,15.16,156,13,122,176,171,1,128,183,20,169,1
LOLTMNT03_289181,RL,15.16,113,171,20,140,60,1,27,116,118,129,56
LOLTMNT06_133746,PRM,15.16,139,59,122,49,100,1,43,131,155,20,188
LOLTMNT03_288666,HM,15.16,139,141,165,94,187,1,150,54,140,4,43
LOLTMNT06_133747,PRM,15.16,14,141,36,136,125,0,181,90,18,22,114
LOLTMNT03_288671,RL,15.16,128,85,156,1,15,0,40,62,122,147,54
LOLTMNT03_288681,LTA S,15.16,175,171,5,85,4,1,46,111,169,62,103
LOLTMNT06_133749,EBL,15.16,183,14,46,156,15,0,175,111,59,60,154
LOLTMNT03_289257,LTA S,15.16,128,156,147,176,122,1,8,40,186,140,118
LOLTMNT03_288714,RL,15.16,128,122,181,36,107,0,129,118,147,113,187
LOLTMNT06_134126,EBL,15.16,27,80,129,56,82,0,36,178,5,8,122
LOLTMNT03_288729,LTA S,15.16,163,178,139,1,82,1,27,113,104,60,2
LOLTMNT03_289284,RL,15.16,183,171,4,116,57,0,85,173,146,94,180
LOLTMNT06_133753,EBL,15.16,107,176,118,146,0,0,131,62,150,104,125
LOLTMNT03_288748,LTA S,15.16,183,13,15,56,141,1,54,150,187,65,41
LOLTMNT06_133755,EBL,15.16,139,163,4,191,180,1,182,85,20,19,40
LOLTMNT03_289299,RL,15.16,139,156,20,155,13,1,7,82,132,83,5
LOLTMNT03_289318,LTA N,15.16,163,178,111,4,5,0,128,175,2,27,118
LOLTMNT03_288776,LTA S,15.16,125,90,181,9,86,1,64,25,124,57,6
LOLTMNT06_134128,EBL,15.16,103,140,43,49,141,1,44,58,2,114,148
LOLTMNT03_288797,LTA N,15.16,169,62,104,8,0,0,15,54,176,139,40
LOLTMNT03_289343,LTA N,15.16,13,125,122,132,156,1,129,107,42,20,9
LOLTMNT03_289345,LRN,15.16,113,111,128,62,122,1,156,13,150,103,187
LOLTMNT03_289350,LTA N,15.16,181,188,90,103,60,1,14,141,140,82,23
LOLTMNT03_289352,LRN,15.16,183,49,139,191,148,0,8,60,54,9,15
LOLTMNT03_288818,LRN,15.16,85,56,4,131,146,1,46,169,40,27,2
LOLTMNT03_288821,LRN,15.16,178,125,1,163,6,1,118,170,84,44,58
LOLTMNT03_289403,LCKC,15.16,8,5,178,27,122,1,128,175,129,140,86
LOLTMNT03_288904,LCKC,15.16,14,54,104,58,125,0,150,156,139,103,36
LOLTMNT03_289410,PCS,15.16,163,175,104,60,111,1,183,113,86,8,0
12638-12638_game_1,LPL,15.16,163,46,150,122,114,0,128,175,140,4,129
LOLTMNT03_289414,PCS,15.16,150,178,182,36,122,1,13,27,156,25,103
12638-12638_game_2,LPL,15.16,181,182,131,9,20,1,139,146,103,85,156
LOLTMNT03_289440,LCKC,15.16,128,40,175,163,4,1,111,183,112,104,178
LOLTMNT03_288930,PCS,15.16,56,62,4,141,24,1,129,54,176,112,124
12638-12638_game_3,LPL,15.16,5,64,124,100,1,0,13,169,161,27,15
LOLTMNT03_289454,LCKC,15.16,129,27,125,122,141,0,169,13,139,95,114
LOLTMNT03_289456,PCS,15.16,5,107,40,164,152,1,114,140,1,118,127
12639-12639_game_1,LPL,15.16,163,175,8,128,15,0,183,104,46,13,169
LOLTMNT03_289482,PCS,15.16,169,38,188,22,15,1,139,85,171,82,80
12639-12639_game_2,LPL,15.16,113,4,27,111,60,0,150,178,125,85,20
LOLTMNT06_134147,LEC,15.16,156,46,129,27,103,0,54,8,56,118,176
LOLTMNT06_133782,LEC,15.16,111,62,104,139,30,1,114,2,15,36,181
LOLTMNT06_133790,LEC,15.16,175,139,111,122,62,0,57,131,46,27,103
LOLTMNT06_134153,LEC,15.16,128,176,118,146,178,0,13,169,4,150,9
LOLTMNT06_134158,LEC,15.16,60,82,181,19,36,1,141,5,104,129,187
LOLTMNT03_289620,CD,15.16,175,8,104,27,0,0,128,183,141,40,15
LOLTMNT03_291033,CD,15.16,150,178,125,176,118,0,181,90,60,85,101
LOLTMNT03_289625,CD,15.16,5,62,4,54,2,0,111,107,114,140,23
LOLTMNT03_289627,LRN,15.16,90,27,40,62,82,0,128,178,111,140,122
LOLTMNT03_289630,CD,15.16,163,171,156,56,65,1,122,58,169,1,41
LOLTMNT03_291045,LRN,15.16,150,169,139,36,15,1,129,54,5,118,142
LOLTMNT03_289639,LRN,15.16,14,131,125,9,148,0,175,58,8,4,43
LOLTMNT03_291061,LRN,15.16,163,170,13,20,60,1,103,188,181,56,18
LOLTMNT03_291075,LRN,15.16,85,101,25,30,49,0,182,32,94,114,11
LOLTMNT03_291189,LCKC,15.16,128,40,54,27,15,1,163,8,178,104,60
LOLTMNT03_291197,LCKC,15.16,113,129,57,58,122,0,46,13,175,4,62
LOLTMNT03_289752,PCS,15.16,175,111,46,58,4,0,150,169,128,27,118
12640-12640_game_1,LPL,15.16,104,175,62,13,40,0,128,183,111,114,15
LOLTMNT03_291203,PCS,15.16,163,104,125,181,131,1,54,40,140,44,146
12640-12640_game_2,LPL,15.16,150,113,182,58,103,0,156,27,1,122,25
LOLTMNT03_291236,LCKC,15.16,128,14,58,56,15,0,163,178,188,40,103
LOLTMNT03_291234,PCS,15.16,14,36,178,182,82,1,85,20,188,90,43
12641-12641_game_1,LPL,15.16,128,54,13,85,20,1,156,112,150,27,122
LOLTMNT03_291255,PCS,15.16,107,122,129,176,0,1,141,60,24,95,15
LOLTMNT03_291256,LCKC,15.16,150,5,169,176,118,1,46,156,129,4,140
12641-12641_game_2,LPL,15.16,163,5,169,40,103,1,139,183,4,1,141
LOLTMNT03_289836,LCKC,15.16,175,139,171,132,82,1,8,54,0,27,122
LOLTMNT03_289830,PCS,15.16,5,80,1,136,59,1,113,103,56,64,171
12641-12641_game_3,LPL,15.16,129,64,124,0,116,1,125,178,188,2,114
LOLTMNT06_135023,TCL,15.16,175,183,111,122,125,0,62,54,40,103,164
LOLTMNT06_133844,LEC,15.16,113,27,129,118,13,0,183,128,111,122,114
LOLTMNT06_135039,TCL,15.16,175,5,150,36,122,1,46,14,110,27,20
LOLTMNT06_133849,LEC,15.16,46,175,181,140,20,1,180,178,103,158,176
LOLTMNT06_135042,TCL,15.16,14,156,183,4,5,1,129,175,9,122,28
LOLTMNT03_289908,ROL,15.16,14,140,113,5,15,1,163,156,171,139,65
LOLTMNT06_133856,LEC,15.16,175,2,58,110,122,0,8,163,139,178,44
LOLTMNT06_135051,TCL,15.16,111,175,128,176,118,0,113,150,13,58,103
LOLTMNT06_133858,LEC,15.16,14,176,118,57,131,0,181,90,36,103,13
LOLTMNT03_289922,ROL,15.16,150,131,182,62,103,1,90,27,44,85,20
LOLTMNT03_289921,ROL,15.16,49,114,4,140,43,1,175,111,139,103,9
LOLTMNT03_289937,ROL,15.16,122,147,62,5,30,1,58,118,80,78,46
LOLTMNT03_289940,LRS,15.16,163,107,104,38,49,0,118,175,140,5,2
LOLTMNT03_289941,ROL,15.16,183,178,8,124,60,1,85,150,20,156,112
LOLTMNT06_133869,CD,15.16,113,104,129,62,110,0,150,175,139,183,15
LOLTMNT03_289950,LRS,15.16,13,54,139,27,103,1,178,62,172,4,24
LOLTMNT06_135065,CD,15.16,46,8,27,54,4,0,13,56,107,132,20
LOLTMNT06_135066,CD,15.16,128,85,101,141,2,0,176,118,5,131,146
LOLTMNT06_135067,CD,15.16,111,156,0,10,133,1,40,122,182,80,59
LOLTMNT06_135068,CD,15.16,163,57,90,124,171,0,60,103,188,186,49
LOLTMNT03_292033,LCKC,15.16,128,186,8,58,122,1,46,178,111,140,118
LOLTMNT03_291472,LCKC,15.16,150,169,60,176,124,0,111,107,5,4,27
LOLTMNT03_292040,LCKC,15.16,128,156,181,36,20,0,112,129,186,85,101
LOLTMNT03_291488,LCKC,15.16,14,107,104,182,27,0,188,114,5,62,103
LOLTMNT03_292093,LCK,15.16,175,40,128,140,114,1,8,169,5,163,103
LOLTMNT03_292099,LCK,15.16,46,178,150,36,4,1,27,129,56,141,118
LOLTMNT03_291538,PCS,15.16,128,113,183,40,4,0,13,104,62,8,156
12642-12642_game_1,LPL,15.16,113,150,13,27,122,1,128,175,40,85,20
LOLTMNT03_291543,PCS,15.16,175,27,122,111,182,1,176,118,129,114,51
LOLTMNT03_291552,LCK,15.16,111,15,107,85,125,1,54,58,2,122,112
12642-12642_game_2,LPL,15.16,139,140,4,141,146,0,163,8,124,178,182
LOLTMNT03_291559,PCS,15.16,150,178,36,15,56,0,1,169,140,82,136
12643-12643_game_1,LPL,15.16,163,40,128,114,103,1,8,175,13,27,122
LOLTMNT03_291596,LCK,15.16,175,104,13,27,5,0,183,8,178,86,125
LOLTMNT03_292142,PCS,15.16,163,152,49,60,54,1,107,103,58,190,0
12643-12643_game_2,LPL,15.16,46,54,150,176,118,0,178,57,2,85,82
LOLTMNT03_291615,PCS,15.16,139,18,95,2,186,1,171,85,34,131,125
LOLTMNT03_291623,LCK,15.16,111,107,60,187,4,0,139,54,129,140,118
LOLTMNT06_133915,TCL,15.16,14,5,58,15,141,1,128,181,131,104,27
LOLTMNT06_136001,TCL,15.16,150,113,183,118,182,1,1,156,62,4,125
LOLTMNT06_137002,LIT,15.16,183,111,100,118,139,1,175,27,5,104,4
LOLTMNT06_136012,LFL,15.16,183,54,111,128,20,1,163,156,2,103,161
LOLTMNT06_137005,TCL,15.16,183,116,5,4,145,0,62,175,125,8,118
LOLTMNT06_137010,LFL,15.16,175,124,64,129,173,0,13,169,5,36,65
LOLTMNT06_136018,LIT,15.16,128,156,20,9,147,1,122,178,0,132,49
LOLTMNT06_136022,TCL,15.16,170,62,105,46,4,1,58,14,185,72,53
LOLTMNT06_137018,LIT,15.16,90,155,56,15,58,0,129,182,103,141,62
LOLTMNT06_136026,LFL,15.16,46,59,111,4,54,0,183,113,13,14,15
LOLTMNT06_137020,LIT,15.16,14,114,140,44,186,1,150,82,142,125,173
LOLTMNT06_136027,LFL,15.16,128,122,27,129,170,0,175,112,103,9,171
LOLTMNT06_137023,LIT,15.16,65,36,43,30,1,0,85,54,101,75,146
LOLTMNT03_293043,NACL,15.16,128,169,27,87,103,0,183,111,178,40,82
LOLTMNT03_293045,NACL,15.16,13,156,56,36,65,0,175,8,136,104,58
LOLTMNT03_293046,NACL,15.16,125,52,4,93,59,1,46,131,118,140,155
LOLTMNT03_293048,NACL,15.16,163,49,122,110,105,0,181,191,20,62,5
LOLTMNT03_293050,NACL,15.16,85,101,54,60,147,0,132,15,141,99,182
LOLTMNT03_294071,LCKC,15.16,113,139,129,58,15,0,150,163,156,60,114
LOLTMNT03_294073,LCKC,15.16,128,169,40,122,95,0,8,175,13,27,15
LOLTMNT03_294080,LCKC,15.16,175,13,4,27,56,1,46,5,8,122,36
LOLTMNT03_294081,LCKC,15.16,129,5,114,54,62,0,46,24,140,178,103
LOLTMNT03_294088,LCKC,15.16,125,83,181,103,62,1,178,140,1,44,82
LOLTMNT03_293104,LCK,15.16,8,54,13,27,15,1,111,113,5,122,140
LOLTMNT03_294111,LCK,15.16,175,182,150,118,187,0,128,156,1,58,103
12594-12594_game_1,LPL,15.16,150,54,4,62,13,1,111,156,46,27,114
12594-12594_game_2,LPL,15.16,129,139,140,116,20,1,175,40,5,122,187
LOLTMNT03_293145,LCK,15.16,175,13,111,115,58,1,128,129,156,15,36
12594-12594_game_3,LPL,15.16,8,176,118,100,60,1,36,141,146,15,182
LOLTMNT03_293167,LCK,15.16,183,54,1,60,4,0,27,150,178,139,118
12583-12583_game_1,LPL,15.16,128,183,8,175,4,1,150,113,5,118,176
12583-12583_game_2,LPL,15.16,163,178,139,40,65,0,104,111,140,169,98
LOLTMNT01_277099,HLL,15.17,178,27,122,146,110,1,169,111,4,140,46
LOLTMNT01_277109,HLL,15.17,128,54,129,85,20,0,13,58,40,107,65
LOLTMNT01_278139,HLL,15.17,163,156,82,112,147,0,139,95,118,83,69
LOLTMNT06_136124,LIT,15.16,183,111,113,128,4,0,9,150,178,122,5
LOLTMNT06_137088,LFL,15.16,183,178,150,60,4,1,175,62,111,122,43
LOLTMNT06_137100,LIT,15.16,163,65,54,98,27,1,58,15,139,185,142
LOLTMNT03_293252,ROL,15.16,113,171,60,122,176,0,8,175,183,5,4
LOLTMNT06_137105,LFL,15.16,156,139,65,22,129,1,54,104,5,27,49
LOLTMNT06_137106,LIT,15.16,103,140,46,155,175,0,13,62,169,82,75
LOLTMNT03_294261,ROL,15.16,139,170,59,82,13,0,182,178,155,15,129
LOLTMNT03_293263,ROL,15.16,188,54,122,150,125,1,133,116,129,103,43
LOLTMNT03_293268,LPLOL,15.16,14,142,114,103,139,1,175,183,86,150,25
LOLTMNT06_137107,LFL,15.16,27,178,103,0,40,1,113,58,139,82,1
LOLTMNT06_136141,LIT,15.16,156,49,36,60,118,0,80,59,125,147,86
LOLTMNT03_293277,LPLOL,15.16,111,135,62,4,13,0,171,113,176,82,112
LOLTMNT03_294272,ROL,15.16,13,46,115,58,170,1,9,24,18,75,113
LOLTMNT06_136142,LFL,15.16,128,54,129,122,132,1,13,156,4,8,62
LOLTMNT03_294279,LPLOL,15.16,183,175,111,154,60,1,54,76,103,147,5
LOLTMNT06_136144,LFL,15.16,181,90,140,60,18,0,188,131,118,57,43
LOLTMNT03_293294,LPLOL,15.16,139,9,156,118,146,0,30,59,90,20,13
LOLTMNT03_294289,NACL,15.16,27,90,46,15,58,1,128,163,141,13,104
LOLTMNT03_293296,NACL,15.16,113,56,40,36,20,1,111,54,44,4,164
LOLTMNT03_294293,NACL,15.16,175,8,125,103,155,0,118,178,171,62,60
LOLTMNT03_293297,NACL,15.16,5,59,122,52,188,1,182,140,114,156,49
LOLTMNT03_294294,NACL,15.16,129,82,95,110,80,1,89,132,43,148,74
LOLTMNT03_294324,LCKC,15.16,128,27,178,4,150,1,5,175,104,62,1
LOLTMNT03_293318,LCKC,15.16,128,8,54,62,104,0,111,156,112,58,15
LOLTMNT03_293321,LCKC,15.16,13,114,36,46,116,1,129,54,95,118,56
LOLTMNT03_294331,LCKC,15.16,14,114,46,27,122,1,181,90,5,4,140
LOLTMNT03_293331,LCKC,15.16,58,156,14,60,15,0,85,111,100,125,122
LOLTMNT03_294344,LCKC,15.16,150,178,0,64,124,1,175,139,129,85,101
LOLTMNT03_293371,LCK,15.16,128,175,104,140,129,0,46,111,178,27,15
LOLTMNT03_293376,LCK,15.16,113,176,118,2,56,1,5,150,54,85,20
LOLTMNT03_294382,PCS,15.16,163,104,178,13,5,1,14,54,58,139,118
LOLTMNT03_294392,LCK,15.16,14,4,58,80,60,0,139,181,146,64,124
LOLTMNT03_293381,PCS,15.16,175,27,150,136,4,0,183,156,56,8,86
LOLTMNT03_293389,PCS,15.16,46,49,80,36,18,1,141,111,51,15,62
LOLTMNT03_293418,LCK,15.16,175,13,128,27,118,1,111,178,46,58,90
LOLTMNT03_294422,PCS,15.16,107,60,188,22,20,1,40,85,82,112,186
LOLTMNT03_294428,LCK,15.16,169,0,163,2,34,0,5,150,140,131,82
LOLTMNT01_279125,HLL,15.17,14,175,182,27,103,0,60,156,122,76,140
LOLTMNT01_278388,HLL,15.17,129,114,125,4,62,1,188,100,139,82,176
LOLTMNT01_278399,HLL,15.17,178,36,57,78,40,0,54,13,118,58,128
LOLTMNT03_294477,HM,15.16,183,178,13,40,86,0,59,128,90,122,36
LOLTMNT06_136179,LFL,15.16,111,141,46,59,122,1,175,2,44,9,144
LOLTMNT01_278424,LTA S,15.17,183,178,40,4,1,1,111,128,176,54,15
LOLTMNT01_279198,HLL,15.17,46,170,49,86,9,1,150,169,5,85,101
LOLTMNT03_293477,HM,15.16,111,5,169,62,65,1,27,107,2,125,103
LOLTMNT06_136183,LFL,15.16,183,156,13,20,60,0,150,62,169,118,0
LOLTMNT01_278443,LTA S,15.17,163,114,5,188,103,1,175,58,125,14,122
LOLTMNT01_279215,HLL,15.17,171,116,15,23,95,1,10,133,16,115,30
LOLTMNT03_294521,HM,15.16,0,4,9,30,171,0,57,140,94,131,49
LOLTMNT01_279227,LTA S,15.17,139,186,105,95,115,1,60,150,131,118,36
LOLTMNT06_137155,LFL,15.16,139,52,129,118,62,1,14,156,128,58,104
LOLTMNT03_294528,LPLOL,15.16,147,27,5,191,118,0,183,111,60,178,82
LOLTMNT01_278484,LTA S,15.17,129,85,101,169,0,0,104,141,182,64,147
LOLTMNT06_136189,LFL,15.16,46,113,13,20,27,0,141,132,103,44,188
LOLTMNT03_293538,LPLOL,15.16,146,139,155,57,86,0,58,135,43,49,122
LOLTMNT03_294551,LPLOL,15.16,140,54,40,30,94,0,9,129,154,90,88
LOLTMNT01_278533,LTA N,15.17,14,5,175,27,15,1,128,163,181,131,65
LOLTMNT03_294562,LPLOL,15.16,170,62,93,20,50,1,140,141,147,112,15
LOLTMNT01_278555,LTA N,15.17,169,40,46,62,103,0,111,125,156,104,176
LOLTMNT01_278563,LTA N,15.17,129,141,0,18,142,0,139,114,7,122,36
LOLTMNT03_293555,LPLOL,15.16,90,59,154,49,139,1,58,120,103,104,23
LOLTMNT01_279322,LTA N,15.17,178,4,49,58,182,0,171,85,20,146,56
LOLTMNT01_278600,LTA N,15.17,82,187,191,132,120,1,118,54,95,24,43
LOLTMNT03_293580,LCK,15.16,111,27,178,114,125,1,169,13,104,62,139
LOLTMNT03_293583,LCK,15.16,113,46,40,122,187,1,128,129,156,140,124
LOLTMNT03_294600,LCK,15.16,183,171,141,182,148,0,175,8,118,58,60
LOLTMNT03_293605,PCS,15.16,14,156,13,58,114,0,46,178,163,4,188
LOLTMNT03_294616,LJL,15.16,183,175,86,188,139,1,27,113,103,171,5
12795-12795_game_1,LPL,15.16,163,46,40,178,118,1,128,169,140,122,129
LOLTMNT03_294648,LCK,15.16,128,175,150,140,65,0,112,111,54,104,62
LOLTMNT03_293627,PCS,15.16,113,8,62,136,60,0,139,27,40,118,54
LOLTMNT06_137180,LFL2,15.16,150,90,27,25,103,1,175,111,139,36,122
12795-12795_game_2,LPL,15.16,175,111,4,187,5,1,27,150,103,141,125
LOLTMNT03_294651,LJL,15.16,163,178,111,60,122,1,58,150,54,65,110
LOLTMNT03_294649,LVP SL,15.16,183,147,141,4,60,1,8,175,128,62,103
LOLTMNT03_294664,LCK,15.16,183,80,40,4,0,1,8,178,5,58,15
LOLTMNT03_293638,PCS,15.16,111,175,5,176,124,0,131,181,125,122,187
LOLTMNT03_293642,LJL,15.16,13,176,118,43,107,1,85,20,46,1,0
LOLTMNT06_136234,LFL2,15.16,183,128,111,4,156,0,27,82,139,116,19
LOLTMNT03_294671,LVP SL,15.16,1,156,0,140,118,1,139,129,80,59,86
12795-12795_game_3,LPL,15.16,13,131,181,85,20,1,171,139,58,170,124
LOLTMNT03_293648,LCK,15.16,169,1,125,85,20,1,129,27,74,122,60
LOLTMNT03_294680,LJL,15.16,14,82,36,112,170,0,4,181,62,125,105
LOLTMNT03_293655,LVP SL,15.16,163,131,5,122,181,1,13,107,104,27,182
12795-12795_game_4,LPL,15.16,104,2,54,142,0,1,62,1,15,60,186
LOLTMNT06_136242,LFL2,15.16,46,27,113,171,82,1,13,107,62,122,40
LOLTMNT03_294691,LVP SL,15.16,169,142,87,125,148,0,36,178,82,14,56
12795-12795_game_5,LPL,15.16,8,114,56,176,152,0,146,82,59,161,105
LOLTMNT06_137196,LFL2,15.16,175,103,49,58,60,0,183,14,20,90,0
LOLTMNT04_130082,TCL,15.17,175,62,111,60,4,1,150,113,176,122,98
LOLTMNT03_293737,HM,15.16,183,90,139,65,171,1,27,178,25,104,14
LOLTMNT03_294782,LVP SL,15.16,183,169,150,60,103,1,14,175,176,122,114
LOLTMNT04_130086,TCL,15.17,183,116,188,103,43,1,59,14,80,44,82
LOLTMNT06_137217,PRMP,15.16,46,175,40,62,4,0,111,54,56,27,103
LOLTMNT03_293767,HM,15.16,113,111,0,10,94,1,175,4,43,13,58
LOLTMNT01_278773,LTA S,15.17,183,113,8,104,46,0,128,175,111,4,140
LOLTMNT06_136270,NLC,15.16,147,175,25,176,118,1,113,27,150,15,5
LOLTMNT03_294809,LVP SL,15.16,113,40,118,140,1,1,128,129,178,36,82
LOLTMNT04_130087,TCL,15.17,104,191,36,125,151,1,58,19,57,115,88
LOLTMNT01_278784,LTA S,15.17,14,60,178,58,15,0,125,188,141,27,115
LOLTMNT06_136271,PRMP,15.16,150,178,60,9,148,0,8,100,114,82,59
LOLTMNT03_294825,HM,15.16,128,142,181,82,141,0,182,140,93,122,131
LOLTMNT03_293790,LVP SL,15.16,139,54,4,59,171,1,90,57,43,124,142
LOLTMNT06_137226,NLC,15.16,111,114,125,142,4,0,54,40,173,59,20
LOLTMNT06_137227,PRMP,15.16,156,140,20,146,139,1,122,90,181,22,30
LOLTMNT01_278806,LTA S,15.17,139,169,40,10,133,0,25,129,173,85,122
LOLTMNT03_293809,LPLOL,15.16,183,139,82,150,113,0,62,104,0,4,71
LOLTMNT03_293825,LVP SL,15.16,147,20,25,170,155,0,131,62,104,0,49
LOLTMNT06_136273,PRMP,15.16,16,13,36,182,15,1,163,169,5,129,65
LOLTMNT03_293849,LPLOL,15.16,128,163,156,144,1,1,65,178,142,122,8
LOLTMNT03_293856,LPLOL,15.16,156,122,46,140,40,0,111,103,178,44,164
LOLTMNT01_278845,LTA N,15.17,175,40,188,4,85,0,128,111,178,104,58
LOLTMNT03_293857,LPLOL,15.16,183,54,49,0,18,1,9,175,15,11,43
LOLTMNT01_278856,LTA N,15.17,183,8,139,170,18,0,27,13,118,156,60
LOLTMNT01_279570,LTA N,15.17,163,150,114,103,41,0,140,125,131,129,124
LOLTMNT03_294914,LCK,15.16,175,13,40,58,114,0,128,129,54,4,36
LOLTMNT03_294918,LCK,15.16,111,107,46,140,90,0,8,178,5,118,62
LOLTMNT03_294949,LCK,15.16,8,113,46,85,20,0,54,111,5,27,118
LOLTMNT03_293918,PCS,15.16,175,60,111,142,4,0,104,183,139,56,13
LOLTMNT03_294951,LCK,15.16,128,169,1,103,187,0,14,178,40,140,82
12796-12796_game_1,LPL,15.16,128,183,122,13,169,0,178,104,62,112,129
LOLTMNT03_293921,PCS,15.16,178,27,122,49,182,0,176,118,156,129,25
LOLTMNT06_137243,LFL2,15.16,183,90,122,60,171,1,111,175,5,118,140
LOLTMNT03_293923,LCK,15.16,13,175,62,56,114,0,182,156,129,58,90
12796-12796_game_2,LPL,15.16,163,156,182,82,150,0,54,140,56,103,1
LOLTMNT03_294967,PCS,15.16,5,8,113,140,15,1,181,131,0,36,115
LOLTMNT06_137248,LFL2,15.16,183,13,104,107,125,1,59,175,146,122,0
12796-12796_game_3,LPL,15.16,175,4,27,139,188,1,2,113,5,36,15
LOLTMNT03_294985,PCS,15.16,62,169,1,18,112,1,150,58,141,114,30
LOLTMNT06_136291,LFL2,15.16,14,142,103,156,112,1,183,181,90,122,0
12796-12796_game_4,LPL,15.16,111,114,0,132,20,1,125,40,110,58,65
LOLTMNT06_137253,LFL2,15.16,183,156,103,1,136,0,27,82,19,60,146
LOLTMNT03_295020,LPLOL,15.16,139,107,104,59,122,0,5,156,14,27,4
LOLTMNT04_129088,TCL,15.17,128,14,58,122,0,1,40,175,188,27,4
LOLTMNT03_293986,LPLOL,15.16,140,116,128,184,138,0,57,191,58,18,40
LOLTMNT03_295025,LVP SL,15.16,163,175,8,0,20,0,129,113,128,4,36
LOLTMNT04_129093,TCL,15.17,113,5,129,176,118,0,13,140,125,110,104
LOLTMNT03_295033,LPLOL,15.16,113,103,62,129,0,0,175,27,122,13,38
LOLTMNT01_278985,LTA S,15.17,163,111,40,103,107,1,175,128,58,2,122
LOLTMNT03_294000,LVP SL,15.16,46,114,147,176,82,1,5,178,171,118,140
LOLTMNT03_296009,LPLOL,15.16,163,178,147,191,56,1,169,1,59,86,88
LOLTMNT04_130102,TCL,15.17,156,49,9,139,148,0,85,8,173,82,43
LOLTMNT01_279672,LTA S,15.17,183,14,5,54,118,1,156,27,188,23,104
LOLTMNT03_295046,LVP SL,15.16,14,60,122,62,54,1,2,131,23,15,155
LOLTMNT03_296031,LPLOL,15.16,30,54,49,187,82,1,140,90,156,93,154
LOLTMNT04_130103,TCL,15.17,178,59,20,56,171,0,62,103,182,116,2
LOLTMNT01_279682,LTA S,15.17,13,178,60,187,124,1,150,125,140,4,191
LOLTMNT03_295065,LVP SL,15.16,103,188,181,125,90,0,59,154,1,56,80
LOLTMNT03_295067,LPLOL,15.16,59,175,122,150,25,1,58,118,83,40,125
LOLTMNT01_280013,LTA S,15.17,56,131,181,62,82,1,182,90,129,36,20
LOLTMNT01_279707,LTA N,15.17,183,171,15,125,131,1,163,111,103,175,60
LOLTMNT01_280063,LTA N,15.17,150,128,4,132,114,0,8,85,178,13,101
LOLTMNT01_279725,LTA N,15.17,129,156,5,122,62,1,169,40,0,36,20
LOLTMNT01_280077,LRN,15.17,128,156,129,27,122,1,113,13,8,58,15
LOLTMNT01_279732,LTA N,15.17,139,176,118,147,157,1,43,27,82,49,141
LOLTMNT01_279731,LRN,15.17,104,54,140,2,60,0,178,65,36,111,0
LOLTMNT01_279737,LRN,15.17,169,40,5,85,20,0,150,139,114,62,118
LOLTMNT01_280126,LCKC,15.17,175,5,40,27,118,0,128,111,107,176,124
LOLTMNT01_280127,LCKC,15.17,14,139,54,58,15,0,178,13,114,1,187
LOLTMNT01_279786,LCKC,15.17,150,62,4,80,60,1,104,125,36,146,116
LOLTMNT01_280132,LCKC,15.17,182,8,100,103,59,0,129,140,186,0,82
LOLTMNT01_280137,LCKC,15.17,85,57,20,105,158,1,46,131,132,148,155
12797-12797_game_1,LPL,15.16,128,156,150,58,122,1,104,139,54,27,111
12797-12797_game_2,LPL,15.16,163,178,40,5,15,0,8,4,140,100,46
LOLTMNT01_279813,LCKC,15.17,111,140,4,5,169,0,129,178,27,118,46
12797-12797_game_3,LPL,15.16,13,169,62,125,90,0,183,129,118,186,60
LOLTMNT01_279821,LCKC,15.17,128,163,104,1,186,0,175,40,58,65,2
LOLTMNT01_279833,LCKC,15.17,139,49,54,122,59,0,113,171,182,95,82
LOLTMNT01_280270,LRS,15.17,175,139,163,4,1,0,27,122,14,5,131
LOLTMNT01_279930,LRS,15.17,13,54,140,125,65,0,171,62,178,118,56
LOLTMNT01_279935,CD,15.17,113,111,128,118,59,1,178,13,14,140,15
LOLTMNT01_279941,LRS,15.17,169,187,103,49,60,1,36,40,156,114,23
LOLTMNT01_280298,CD,15.17,129,141,5,27,104,0,8,54,125,85,122
LOLTMNT01_280309,CD,15.17,163,141,5,14,152,1,175,128,150,4,27
LOLTMNT01_280310,LRS,15.17,113,142,82,182,8,1,128,95,141,15,188
LOLTMNT01_279966,CD,15.17,54,2,140,60,122,0,111,131,125,118,176
LOLTMNT01_279969,LRS,15.17,85,101,112,80,2,1,20,43,155,170,129
LOLTMNT01_280350,LCKC,15.17,111,169,60,27,4,0,128,40,178,140,124
LOLTMNT01_281018,LCKC,15.17,150,62,104,114,0,1,1,107,118,5,85
LOLTMNT01_280354,LCKC,15.17,175,13,125,9,154,1,14,156,112,58,103
LOLTMNT01_280359,LCKC,15.17,163,43,122,181,90,1,139,54,171,36,82
LOLTMNT01_280381,LCKC,15.17,111,178,5,176,118,1,8,175,104,27,139
12798-12798_game_1,LPL,15.16,128,129,114,176,118,1,40,5,54,85,103
LOLTMNT01_281044,LCKC,15.17,128,54,129,187,86,0,140,4,40,13,107
12798-12798_game_2,LPL,15.16,175,182,150,122,62,0,8,178,125,4,140
LOLTMNT01_280391,LCKC,15.17,169,62,1,0,90,1,183,150,103,60,146
12798-12798_game_3,LPL,15.16,181,131,161,27,152,0,13,183,156,82,56
LOLTMNT01_281064,LCKC,15.17,171,95,122,56,114,0,125,36,82,142,52
LOLTMNT01_280416,LCKC,15.17,182,80,78,155,34,0,43,181,131,115,93
LOLTMNT04_129113,TCL,15.17,175,163,8,103,13,1,156,129,58,122,139
LOLTMNT04_129117,TCL,15.17,128,178,150,176,118,1,46,62,40,141,82
LOLTMNT04_129119,LFL,15.17,163,113,46,4,99,1,13,169,56,122,62
LOLTMNT04_129116,PRM,15.17,156,62,104,139,129,1,27,175,13,103,136
LOLTMNT01_281131,ROL,15.17,46,150,103,140,141,1,27,113,20,134,49
LOLTMNT04_129121,TCL,15.17,169,171,57,85,20,0,131,27,15,60,181
LOLTMNT01_281142,ROL,15.17,131,181,122,176,173,0,139,178,4,62,84
LOLTMNT04_129125,PRM,15.17,150,54,46,187,86,1,178,111,138,36,118
LOLTMNT04_130128,EBL,15.17,183,113,139,99,122,0,175,27,5,150,4
LOLTMNT04_129127,LFL,15.17,111,60,54,176,118,0,128,27,40,141,103
LOLTMNT04_129128,TCL,15.17,183,86,2,100,56,1,111,107,65,140,71
LOLTMNT04_129131,EBL,15.17,163,54,129,0,103,1,140,169,125,78,154
LOLTMNT01_280496,ROL,15.17,60,58,104,82,107,0,175,163,65,1,88
LOLTMNT04_129132,PRM,15.17,114,60,59,82,93,0,57,90,128,58,189
LOLTMNT01_281159,LPLOL,15.17,175,5,2,176,118,0,183,13,0,131,114
LOLTMNT04_129133,LFL,15.17,90,57,182,58,82,0,85,178,125,8,94
LOLTMNT04_129134,EBL,15.17,104,95,131,44,181,1,58,65,173,56,100
LOLTMNT01_280527,ROL,15.17,90,85,0,132,114,1,111,5,146,155,115
LOLTMNT04_130133,PRM,15.17,5,99,85,98,18,1,183,125,170,65,110
LOLTMNT01_280533,LPLOL,15.17,60,27,14,4,90,1,62,122,30,181,19
LOLTMNT01_281180,LRS,15.17,183,65,54,125,2,0,104,178,27,111,128
LOLTMNT01_280551,ROL,15.17,147,169,112,160,86,0,54,171,30,187,15
LOLTMNT01_281186,LPLOL,15.17,139,1,22,105,103,1,54,49,86,46,164
LOLTMNT01_281198,CD,15.17,183,54,145,4,0,0,150,131,5,187,124
LOLTMNT01_280556,LRS,15.17,163,90,181,25,15,1,58,156,139,188,122
LOLTMNT01_281202,CD,15.17,156,129,182,58,122,1,13,105,56,27,20
LOLTMNT01_281203,LRS,15.17,85,52,40,182,118,1,129,132,4,19,0
LOLTMNT01_280576,CD,15.17,113,111,125,59,65,1,178,140,1,44,15
LOLTMNT01_281209,LRS,15.17,131,56,9,24,103,1,114,140,14,161,94
LOLTMNT01_280586,CD,15.17,163,14,82,139,116,0,188,107,181,136,43
LOLTMNT01_281294,LCK,15.17,128,54,8,103,62,0,111,113,112,104,95
LOLTMNT01_280651,LCK,15.17,129,175,27,4,0,1,13,156,5,85,20
LOLTMNT01_280659,LCK,15.17,150,125,140,122,110,1,178,139,1,22,34
LOLTMNT01_281315,LCK,15.17,181,107,57,171,18,0,90,188,155,56,118
LOLTMNT01_280682,LCK,15.17,169,43,40,187,152,1,60,58,24,82,146
LOLTMNT01_280709,HLL,15.17,14,178,139,140,122,1,150,27,110,82,120
LOLTMNT01_281368,HLL,15.17,183,40,116,60,118,0,62,13,103,131,0
LOLTMNT04_130139,TCL,15.17,175,163,8,56,4,1,14,178,58,122,30
LOLTMNT01_281382,HLL,15.17,5,114,58,146,173,0,128,175,8,4,164
LOLTMNT04_130144,TCL,15.17,150,62,54,104,138,1,111,140,116,182,65
LOLTMNT04_129147,LFL,15.17,128,54,183,122,40,1,111,156,118,62,5
LOLTMNT04_129156,LFL,15.17,163,0,104,78,116,1,140,150,103,125,114
LOLTMNT04_130147,TCL,15.17,183,5,15,2,170,1,176,118,125,83,158
LOLTMNT04_130148,EBL,15.17,111,169,62,0,118,1,175,27,40,139,4
LOLTMNT04_129157,EBL,15.17,14,112,103,94,187,0,181,90,57,122,155
LOLTMNT04_130149,LFL,15.17,13,58,175,20,60,1,27,147,4,141,69
LOLTMNT04_130150,TCL,15.17,85,20,43,40,105,1,27,82,191,23,36
LOLTMNT01_280794,LPLOL,15.17,111,60,122,142,169,1,139,183,4,49,156
LOLTMNT04_129158,EBL,15.17,104,107,140,65,71,0,13,113,85,15,182
LOLTMNT04_130151,LFL,15.17,14,36,43,154,83,1,188,131,57,90,155
LOLTMNT04_130152,TCL,15.17,13,9,154,141,181,0,59,18,129,131,57
LOLTMNT01_281454,LPLOL,15.17,13,83,57,15,132,0,175,128,147,118,36
LOLTMNT01_280815,LPLOL,15.17,129,114,5,160,103,1,1,113,46,9,20
LOLTMNT04_129159,LFL,15.17,18,120,190,44,59,1,129,115,23,95,105
LOLTMNT01_281482,CD,15.17,113,129,128,59,4,0,13,141,60,58,103
LOLTMNT01_280838,CD,15.17,183,54,171,46,114,0,27,107,111,122,28
LOLTMNT01_280840,NACL,15.17,128,169,118,36,76,1,111,27,114,112,101
LOLTMNT01_280846,NACL,15.17,14,131,56,132,103,1,188,183,141,44,122
LOLTMNT01_281511,CD,15.17,8,139,186,10,133,0,150,100,118,182,95
LOLTMNT01_280855,CD,15.17,163,178,82,14,0,1,188,125,56,15,1
LOLTMNT01_280853,NACL,15.17,125,113,4,49,187,1,175,163,20,171,136
LOLTMNT01_280856,NACL,15.17,54,82,157,164,8,0,62,5,116,152,165
LOLTMNT01_281519,CD,15.17,104,140,170,136,146,1,65,169,36,43,165
LOLTMNT01_281588,LCK,15.17,14,156,13,27,103,1,150,178,5,4,140
LOLTMNT01_280941,LCK,15.17,113,62,104,0,99,1,54,8,125,176,86
LOLTMNT01_281603,LCK,15.17,169,1,60,64,124,0,85,139,20,129,100
LOLTMNT01_280961,LCK,15.17,183,122,46,131,170,1,128,175,118,40,164
LOLTMNT01_281636,LCK,15.17,158,141,57,36,82,1,58,15,186,93,23
LOLTMNT01_282004,HLL,15.17,8,36,178,118,128,1,175,27,40,122,5
LOLTMNT01_281671,HLL,15.17,129,156,182,58,65,0,188,139,116,15,140
LOLTMNT01_282033,HLL,15.17,183,4,170,146,56,1,150,107,103,187,125
LOLTMNT01_281709,LVP SL,15.17,128,59,156,114,1,1,40,27,169,122,14
LOLTMNT04_129167,LFL,15.17,128,113,14,58,4,1,112,175,188,62,104
LOLTMNT01_282057,ROL,15.17,27,54,2,20,60,1,111,95,122,178,43
LOLTMNT01_281718,HLL,15.17,1,169,95,25,6,1,90,163,155,60,154
LOLTMNT04_130164,LFL,15.17,139,100,122,132,49,1,156,13,114,25,142
LOLTMNT01_281727,ROL,15.17,171,0,62,154,90,1,46,58,181,82,170
LOLTMNT01_281731,LVP SL,15.17,163,170,78,182,104,1,13,175,140,5,15
LOLTMNT04_129170,EBL,15.17,175,139,40,62,103,0,111,169,46,187,20
LOLTMNT01_282095,LVP SL,15.17,111,113,118,155,112,1,171,141,103,62,75
LOLTMNT04_130166,LFL,15.17,183,178,82,0,2,0,27,103,150,116,125
LOLTMNT04_129173,EBL,15.17,27,112,104,82,72,1,95,128,156,118,99
LOLTMNT01_282099,ROL,15.17,175,48,118,139,13,1,163,141,49,40,30
LOLTMNT01_281769,LPLOL,15.17,163,113,57,20,2,0,95,54,122,150,112
LOLTMNT04_130167,EBL,15.17,178,132,44,136,2,1,80,140,122,182,168
LOLTMNT01_282116,LVP SL,15.17,150,178,58,65,136,0,36,49,82,52,43
LOLTMNT04_129174,LFL,15.17,118,141,140,60,1,0,169,15,171,187,43
LOLTMNT01_281783,LPLOL,15.17,173,103,172,27,125,0,14,131,4,132,0
LOLTMNT01_282127,ROL,15.17,156,93,112,114,176,1,169,133,155,172,15
LOLTMNT01_282141,LPLOL,15.17,111,15,58,30,56,1,147,156,82,36,139
LOLTMNT04_129177,LFL,15.17,131,5,57,106,124,1,18,146,46,80,9
LOLTMNT01_281796,ROL,15.17,131,36,145,5,124,0,107,129,132,4,23
LOLTMNT01_282156,LPLOL,15.17,13,169,118,59,60,0,10,90,114,40,170
LOLTMNT01_281807,NACL,15.17,128,132,103,141,150,1,111,27,5,122,131
LOLTMNT01_282179,NACL,15.17,183,56,118,156,13,0,175,176,136,15,93
LOLTMNT01_281822,NACL,15.17,171,4,140,139,116,0,133,178,82,187,98
LOLTMNT01_281893,LCK,15.17,183,111,107,40,4,0,8,175,128,27,118
LOLTMNT01_281906,LCK,15.17,129,140,54,182,15,0,150,178,5,187,122
LOLTMNT01_281934,LCP,15.17,111,27,114,40,100,0,129,54,128,4,140
LOLTMNT01_282298,LCK,15.17,104,169,1,62,43,1,13,85,20,46,100
LOLTMNT01_282320,LCP,15.17,175,146,60,95,15,0,1,169,46,118,58
LOLTMNT01_281961,LCK,15.17,139,36,82,80,158,1,90,132,0,148,142
LOLTMNT01_282352,RL,15.17,175,13,118,180,58,1,27,156,122,171,88
LOLTMNT01_282381,LCP,15.17,175,4,27,13,5,0,14,113,163,15,182
LOLTMNT01_283051,LCP,15.17,128,140,122,156,1,0,150,169,40,58,103
LOLTMNT01_282399,RL,15.17,183,82,116,14,0,0,65,178,9,129,56
LOLTMNT01_282447,RL,15.17,139,86,187,3,83,0,46,85,101,30,111
LOLTMNT04_129201,TCL,15.17,175,8,58,5,114,0,54,163,40,118,125
LOLTMNT04_130187,LEC,15.17,139,107,111,9,154,1,128,118,176,40,178
LOLTMNT01_283188,RL,15.17,54,144,140,146,60,0,62,20,107,1,38
LOLTMNT04_129221,TCL,15.17,150,85,103,170,43,1,129,62,122,178,80
LOLTMNT04_129225,PRM,15.17,128,113,111,140,18,1,57,156,33,188,15
LOLTMNT04_129223,LEC,15.17,129,4,62,5,169,1,27,122,19,57,60
LOLTMNT01_283231,LTA S,15.17,183,141,14,43,122,0,175,129,125,163,118
LOLTMNT01_283223,RL,15.17,114,22,15,44,147,0,191,57,103,132,150
LOLTMNT04_130197,TCL,15.17,111,104,100,182,187,0,113,147,4,36,0
LOLTMNT04_130200,PRM,15.17,183,114,129,20,139,0,131,27,147,103,5
LOLTMNT04_129231,LEC,15.17,14,175,140,182,20,0,150,113,59,0,104
LOLTMNT04_129230,EBL,15.17,111,113,27,0,104,1,54,183,147,60,65
LOLTMNT01_282636,LTA S,15.17,128,54,13,15,62,1,156,111,0,4,140
LOLTMNT04_129237,EBL,15.17,5,178,129,140,103,1,182,90,14,58,122
LOLTMNT04_129235,TCL,15.17,14,131,9,60,18,1,13,27,15,70,112
LOLTMNT04_129236,LEC,15.17,188,82,155,56,54,0,163,131,115,49,30
LOLTMNT04_130203,PRM,15.17,150,175,4,155,125,0,1,62,154,30,56
LOLTMNT01_282677,LTA S,15.17,178,8,25,132,103,1,27,139,82,150,131
LOLTMNT01_283315,LPLOL,15.17,147,156,139,140,4,1,40,163,175,60,20
LOLTMNT04_130206,EBL,15.17,163,131,181,4,125,0,62,8,56,141,114
LOLTMNT04_129240,PRM,15.17,13,99,122,130,186,1,90,85,101,93,60
LOLTMNT01_283342,LTA S,15.17,113,56,40,59,20,0,90,85,60,171,124
LOLTMNT01_283340,RL,15.17,171,103,0,27,175,1,111,118,129,187,170
LOLTMNT01_283341,LPLOL,15.17,122,186,27,112,129,0,57,191,103,132,49
LOLTMNT04_129242,EBL,15.17,139,191,82,187,155,0,46,156,15,142,57
LOLTMNT04_130208,PRM,15.17,163,82,170,98,8,0,58,169,112,118,76
LOLTMNT01_283362,LTA S,15.17,112,107,146,36,114,1,23,188,170,181,148
LOLTMNT01_283355,RL,15.17,14,186,132,60,15,1,150,156,142,122,182
LOLTMNT01_283361,LPLOL,15.17,13,59,154,169,171,0,150,178,18,62,110
LOLTMNT01_283382,LTA N,15.17,111,107,40,27,103,0,128,169,2,122,36
LOLTMNT01_282777,LPLOL,15.17,14,54,118,128,176,0,82,90,43,142,181
LOLTMNT01_283389,RL,15.17,183,13,151,20,145,0,49,155,114,4,56
LOLTMNT01_283399,LTA N,15.17,13,114,125,183,104,1,129,175,60,15,163
LOLTMNT01_283405,RL,15.17,147,65,140,54,139,1,29,163,82,47,51
LOLTMNT01_283408,LTA N,15.17,5,54,171,9,20,1,150,141,4,85,43
LOLTMNT01_283424,LTA N,15.17,146,178,140,124,139,1,118,131,170,62,0
LOLTMNT01_283432,LTA N,15.17,113,181,46,142,152,1,156,82,172,132,158
LOLTMNT01_282847,LCK,15.17,175,129,13,85,20,1,128,111,178,27,4
LOLTMNT01_282855,LCK,15.17,150,100,125,58,103,1,1,169,139,163,122
LOLTMNT01_283478,LCK,15.17,8,62,114,186,0,1,5,156,40,95,90
LOLTMNT01_282880,LCK,15.17,113,187,86,78,56,1,54,140,104,60,2
LOLTMNT01_283556,LCP,15.17,113,8,128,36,20,0,175,111,104,112,27
LOLTMNT04_130229,LFL2,15.17,183,178,150,112,104,0,27,90,57,122,56
LOLTMNT01_282974,LCP,15.17,13,114,125,4,62,1,1,169,57,132,103
LOLTMNT04_130236,LFL2,15.17,113,60,111,62,4,1,128,163,171,54,114
LOLTMNT01_283629,RL,15.17,171,155,103,98,112,0,183,65,54,147,182
LOLTMNT01_284017,LCP,15.17,5,40,170,188,82,0,183,156,136,145,122
LOLTMNT04_130240,LFL2,15.17,5,64,124,49,141,0,140,175,88,65,147
LOLTMNT04_129265,LFL2,15.17,129,125,155,100,18,0,82,19,43,24,85
LOLTMNT01_284084,LCP,15.17,104,128,62,90,181,0,150,169,40,132,4
LOLTMNT01_283667,RL,15.17,111,139,122,27,146,1,181,188,4,0,30
LOLTMNT04_129272,LFL2,15.17,13,142,170,44,15,0,176,118,131,93,0
LOLTMNT01_283744,LCP,15.17,13,54,183,20,139,1,111,27,5,122,186
LOLTMNT01_284128,RL,15.17,49,82,52,163,125,1,85,101,178,1,60
LOLTMNT01_283801,RL,15.17,14,140,37,114,56,1,9,2,15,131,41
LOLTMNT04_130276,LEC,15.17,14,62,169,182,118,1,188,36,175,5,15
LOLTMNT04_129302,LEC,15.17,183,13,20,56,171,0,27,8,122,178,60
LOLTMNT01_284299,LTA S,15.17,163,156,150,46,103,0,125,111,54,36,15
LOLTMNT04_129307,LEC,15.17,163,181,90,43,4,1,150,58,113,0,44
LOLTMNT01_283921,LTA S,15.17,178,129,60,104,62,1,5,8,141,4,27
LOLTMNT01_284400,LTA S,15.17,128,146,132,118,120,1,13,85,101,114,139
LOLTMNT01_284517,LTA N,15.17,111,27,178,139,15,0,13,175,5,104,58
LOLTMNT01_284573,LTA N,15.17,128,90,181,132,4,1,60,183,129,54,118
LOLTMNT01_284603,LTA N,15.17,125,163,8,122,185,0,0,85,40,80,20
LOLTMNT01_285206,LCK,15.17,113,104,27,2,5,0,111,54,128,65,36
12799-12799_game_1,LPL,15.17,175,112,8,27,15,0,128,54,40,4,62
12799-12799_game_2,LPL,15.17,156,95,129,103,125,0,13,140,20,74,56
LOLTMNT01_284752,LCK,15.17,178,8,4,140,182,0,129,80,13,118,187
12799-12799_game_3,LPL,15.17,5,176,118,111,107,1,150,178,60,122,58
LOLTMNT01_285222,LCK,15.17,188,131,181,60,103,0,58,158,83,82,110
12799-12799_game_4,LPL,15.17,163,90,181,131,0,0,188,82,155,139,99
LOLTMNT01_285288,LCP,15.17,111,54,5,62,118,1,107,27,13,60,4
12799-12799_game_5,LPL,15.17,182,18,36,100,158,0,114,22,34,98,93
LOLTMNT04_130311,LFL2,15.17,150,82,142,114,134,1,139,183,116,8,4
LOLTMNT01_285313,LCP,15.17,150,139,178,15,140,0,128,113,163,49,115
LOLTMNT01_284841,RL,15.17,171,36,82,156,172,0,183,111,103,56,83
LOLTMNT04_130318,LFL2,15.17,113,43,13,187,103,0,19,60,11,58,118
12800-12800_game_1,LPL,15.17,14,62,104,100,13,1,150,156,27,122,182
LOLTMNT01_285352,LCP,15.17,85,186,8,44,103,1,58,156,40,56,122
LOLTMNT01_284866,RL,15.17,178,46,118,58,150,0,27,122,57,146,49
LOLTMNT04_129343,LFL2,15.17,14,70,163,15,136,1,122,181,95,90,128
LOLTMNT01_285384,LCP,15.17,14,80,132,105,90,1,95,116,2,57,99
12800-12800_game_2,LPL,15.17,178,111,163,20,139,0,183,169,8,4,0
LOLTMNT01_285374,RL,15.17,113,140,65,112,1,0,175,163,4,13,0
12800-12800_game_3,LPL,15.17,129,132,103,125,146,0,118,176,158,186,57
LOLTMNT01_284940,RL,15.17,60,129,98,176,20,1,54,5,155,40,86
LOLTMNT04_130365,LEC,15.17,111,128,141,27,103,1,78,114,75,62,122
LOLTMNT04_130370,LEC,15.17,175,118,2,187,13,0,171,178,4,140,60
LOLTMNT01_285516,LTA S,15.17,128,113,150,122,58,0,175,8,139,132,4
LOLTMNT04_129373,LEC,15.17,113,85,101,40,43,0,36,54,65,129,182
LOLTMNT01_285528,LTA S,15.17,163,178,2,43,104,1,111,54,27,60,15
LOLTMNT04_129375,LEC,15.17,183,188,139,20,173,1,14,90,58,57,131
LOLTMNT01_285530,LTA S,15.17,125,156,171,95,118,1,182,129,105,85,82
LOLTMNT01_285575,LTA N,15.17,175,171,183,5,122,1,111,54,128,104,142
LOLTMNT01_285591,LTA N,15.17,169,15,13,60,132,1,150,178,139,4,163
LOLTMNT01_285605,LTA N,15.17,131,24,0,85,20,1,129,100,56,58,65
LOLTMNT01_285618,LTA N,15.17,27,46,80,103,191,0,156,118,49,44,95
12801-12801_game_1,LPL,15.17,114,139,111,140,86,1,150,175,46,183,82
12801-12801_game_2,LPL,15.17,8,176,118,125,116,1,62,40,4,186,112
12801-12801_game_3,LPL,15.17,128,163,104,178,171,0,129,27,60,65,100
LOLTMNT01_286185,LCKC,15.17,14,178,112,27,15,1,128,90,181,4,140
LOLTMNT01_285696,LCKC,15.17,183,13,54,139,122,1,104,129,62,125,156
12801-12801_game_4,LPL,15.17,156,95,15,67,57,1,122,99,54,187,0
LOLTMNT01_285702,LCKC,15.17,111,114,163,103,60,0,40,175,58,57,82
12801-12801_game_5,LPL,15.17,5,20,36,158,80,1,169,85,101,120,78
LOLTMNT01_286217,LCKC,15.17,5,146,80,176,124,1,1,182,169,187,86
12802-12802_game_1,LPL,15.17,183,104,112,116,8,1,128,62,103,54,139
12802-12802_game_2,LPL,15.17,163,4,146,129,182,1,140,13,20,178,60
12802-12802_game_3,LPL,15.17,14,43,141,82,58,1,27,125,150,122,100
12802-12802_game_4,LPL,15.17,5,175,2,22,65,1,46,113,111,34,95
LOLTMNT04_129398,LEC,15.17,163,178,40,176,118,0,111,175,140,122,13
LOLTMNT04_129399,LEC,15.17,113,2,155,4,181,1,62,46,169,104,27
LOLTMNT04_129400,LEC,15.17,36,8,114,60,54,0,129,9,107,20,182
LOLTMNT04_129401,LEC,15.17,103,171,139,160,52,1,150,59,120,82,116
LOLTMNT04_129402,LEC,15.17,5,131,187,188,15,1,125,90,142,156,78
LOLTMNT01_285846,CD,15.17,128,141,40,132,103,1,8,175,5,85,122
LOLTMNT01_285850,CD,15.17,111,36,56,178,65,1,150,27,139,118,100
LOLTMNT01_286366,CD,15.17,104,62,125,54,129,0,131,183,43,133,188
LOLTMNT01_286365,LRN,15.17,175,27,4,40,60,1,113,13,5,36,20
LOLTMNT01_285868,CD,15.17,46,90,181,95,82,1,57,140,4,49,30
LOLTMNT01_286378,LRN,15.17,14,156,125,176,118,0,58,178,112,15,76
LOLTMNT04_129408,CD,15.17,163,15,1,112,170,0,171,58,18,60,114
LOLTMNT01_286383,LRN,15.17,129,62,103,114,182,0,140,49,122,54,25
12803-12803_game_1,LPL,15.17,183,54,13,125,82,1,156,27,129,103,112
12803-12803_game_2,LPL,15.17,175,5,8,176,15,0,62,4,182,116,40
12803-12803_game_3,LPL,15.17,14,139,141,118,58,1,113,95,150,122,46
12803-12803_game_4,LPL,15.17,140,60,20,100,84,1,169,57,1,187,86
LOLTMNT04_130420,PRM,15.17,114,62,129,56,122,0,27,13,178,60,103
LOLTMNT01_287001,LVP SL,15.17,44,170,1,176,118,1,0,175,40,62,103
LOLTMNT06_137274,AL,15.16,128,20,80,187,49,1,60,122,156,183,14
LOLTMNT01_287003,ROL,15.17,14,46,27,113,118,1,188,122,2,175,56
LOLTMNT04_129420,PRM,15.17,175,171,0,142,15,0,111,30,125,163,82
LOLTMNT06_137278,AL,15.16,27,43,178,190,103,1,46,59,113,129,4
LOLTMNT01_286526,LVP SL,15.17,139,83,140,186,122,1,46,178,164,111,189
LOLTMNT01_287016,ROL,15.17,5,95,82,13,80,1,58,104,60,156,129
LOLTMNT04_130422,PRM,15.17,139,99,147,85,18,1,150,128,151,59,104
LOLTMNT06_137279,AL,15.16,139,163,146,78,115,0,0,85,111,126,82
LOLTMNT01_287027,ROL,15.17,182,163,178,4,171,0,98,48,181,169,115
LOLTMNT01_286548,LPLOL,15.17,183,0,49,131,122,1,139,111,142,54,20
LOLTMNT06_137280,AL,15.16,175,9,13,65,112,0,83,62,104,93,173
LOLTMNT01_287040,LVP SL,15.17,14,52,82,9,114,1,150,169,4,142,5
LOLTMNT01_286559,LPLOL,15.17,171,27,90,114,112,1,147,169,82,95,46
LOLTMNT01_286560,LRS,15.17,14,62,122,141,182,1,131,27,5,103,181
LOLTMNT01_286561,ROL,15.17,133,147,28,132,107,0,85,8,38,101,74
LOLTMNT01_287056,LRS,15.17,54,49,140,25,86,0,178,171,139,187,18
LOLTMNT01_286566,CD,15.17,175,8,125,15,36,0,156,27,147,28,103
LOLTMNT01_287060,LPLOL,15.17,14,128,103,36,116,1,5,175,4,188,62
LOLTMNT01_287065,LRS,15.17,175,163,118,60,145,0,183,90,15,40,43
LOLTMNT01_286573,CD,15.17,111,0,178,164,65,0,5,107,2,62,118
LOLTMNT01_287066,LPLOL,15.17,83,18,140,125,93,1,15,170,163,40,75
LOLTMNT01_286581,LRS,15.17,13,104,36,161,156,1,4,107,132,150,0
LOLTMNT01_286583,CD,15.17,139,169,150,58,104,0,43,14,114,122,187
LOLTMNT01_287073,LPLOL,15.17,178,118,176,177,23,1,86,156,9,150,43
LOLTMNT01_286587,CD,15.17,181,141,128,9,154,0,113,168,60,140,115
LOLTMNT01_286625,LCK,15.17,113,40,104,0,58,0,54,111,5,15,36
LOLTMNT01_286643,LCK,15.17,175,27,129,122,56,1,183,116,4,158,60
12804-12804_game_1,LPL,15.17,116,129,4,43,27,1,13,183,20,60,175
LOLTMNT01_286647,LCK,15.17,13,85,20,131,181,0,128,178,140,82,2
12804-12804_game_2,LPL,15.17,8,62,104,0,178,0,111,54,128,140,65
LOLTMNT01_287140,LCK,15.17,139,169,150,9,154,0,103,43,188,90,155
12804-12804_game_3,LPL,15.17,139,64,124,169,1,1,176,118,112,100,40
LOLTMNT01_286664,LCK,15.17,156,125,171,176,18,1,114,52,46,157,142
12804-12804_game_4,LPL,15.17,113,182,171,122,187,1,5,99,156,82,164
LOLTMNT01_286711,HC,15.17,175,140,49,25,65,0,27,113,139,111,103
LOLTMNT04_129430,LFL,15.17,128,54,8,176,118,1,113,163,40,122,27
LOLTMNT06_139001,AL,15.16,128,175,27,122,2,1,129,178,95,171,103
LOLTMNT01_286745,HC,15.17,14,60,72,118,155,1,147,178,5,187,20
LOLTMNT04_130427,LFL,15.17,175,139,132,147,20,0,178,129,4,182,62
LOLTMNT01_286755,HC,15.17,13,176,122,182,110,1,169,62,44,8,56
LOLTMNT06_138004,AL,15.16,155,52,110,1,118,0,8,46,186,85,15
LOLTMNT04_129431,LFL,15.17,111,156,82,95,0,1,103,36,188,120,38
LOLTMNT04_129433,EBL,15.17,175,139,27,93,4,0,128,80,1,122,187
LOLTMNT01_286768,LPLOL,15.17,57,191,27,46,15,0,113,183,139,104,111
LOLTMNT06_138005,AL,15.16,57,66,82,163,181,0,139,105,4,187,13
LOLTMNT04_129434,LFL,15.17,5,141,14,64,124,1,58,100,78,43,65
LOLTMNT01_286788,LPLOL,15.17,5,83,103,142,49,0,156,58,122,174,1
LOLTMNT04_129435,EBL,15.17,111,118,176,5,116,1,169,78,36,104,56
LOLTMNT01_287262,LRS,15.17,113,15,40,58,46,1,111,163,156,82,125
LOLTMNT04_130430,EBL,15.17,183,112,129,83,144,0,125,9,190,30,18
LOLTMNT01_287266,LPLOL,15.17,175,146,132,18,56,1,147,90,86,160,43
LOLTMNT01_286808,CD,15.17,13,175,125,176,118,0,129,113,60,140,4
LOLTMNT01_287277,LRS,15.17,178,129,27,128,122,1,169,118,62,1,161
LOLTMNT04_129436,EBL,15.17,62,54,2,20,46,1,150,113,142,82,38
LOLTMNT01_286811,CD,15.17,128,178,163,1,103,0,5,27,54,147,82
LOLTMNT04_130431,EBL,15.17,140,178,103,0,71,0,59,170,6,146,110
LOLTMNT01_286813,LRS,15.17,183,139,54,188,114,1,182,131,14,155,20
LOLTMNT01_287284,CD,15.17,107,62,122,139,146,0,104,141,56,187,150
LOLTMNT01_287288,LRS,15.17,52,146,0,152,164,0,5,4,140,49,107
LOLTMNT01_286821,CD,15.17,46,169,40,59,86,1,111,131,0,36,15
LOLTMNT01_287346,LCK,15.17,113,5,129,27,82,0,128,150,178,85,20
LOLTMNT01_286890,LCK,15.17,175,60,13,176,118,1,139,156,140,4,99
12805-12805_game_1,LPL,15.17,111,54,27,103,5,1,113,183,2,139,82
LOLTMNT01_286895,LCK,15.17,8,0,141,95,122,0,125,146,104,58,155
12805-12805_game_2,LPL,15.17,8,116,60,85,20,1,150,125,4,62,178
LOLTMNT01_287373,LCK,15.17,111,100,182,163,148,0,36,169,46,103,147
12805-12805_game_3,LPL,15.17,129,122,163,156,71,1,118,13,95,56,186
12805-12805_game_4,LPL,15.17,175,40,112,22,65,1,128,58,100,158,34
12805-12805_game_5,LPL,15.17,114,1,0,132,90,0,187,86,141,98,171
LOLTMNT01_286987,HC,15.17,13,114,122,142,125,0,54,40,59,20,44
LOLTMNT06_138011,AL,15.16,163,2,20,156,43,0,122,14,140,178,56
LOLTMNT04_129450,LFL,15.17,113,46,150,187,122,1,128,14,141,62,4
LOLTMNT01_288013,HC,15.17,113,85,111,46,103,1,175,183,171,182,82
LOLTMNT04_129452,LFL,15.17,175,8,163,56,20,1,178,13,58,82,60
LOLTMNT06_138012,AL,15.16,128,103,36,131,146,1,46,27,93,186,114
LOLTMNT01_288020,HC,15.17,128,4,62,173,155,0,112,140,104,156,147
LOLTMNT01_287521,HC,15.17,139,58,118,191,129,1,0,15,27,90,49
LOLTMNT04_129453,LFL,15.17,111,176,118,156,0,1,103,40,5,22,191
LOLTMNT06_138013,AL,15.16,129,82,139,183,141,1,190,80,0,118,187
LOLTMNT01_288044,LPLOL,15.17,27,95,122,83,139,1,103,155,34,111,75
LOLTMNT04_129454,LFL,15.17,125,90,27,140,65,0,131,104,43,36,147
LOLTMNT01_287536,LPLOL,15.17,129,114,62,186,127,1,80,58,0,164,135
LOLTMNT04_129456,LFL,15.17,54,171,112,95,115,1,25,129,38,85,101
LOLTMNT01_287547,NACL,15.17,128,114,150,132,127,1,183,169,111,182,103
LOLTMNT01_288061,NACL,15.17,175,125,93,15,58,1,90,27,36,104,60
LOLTMNT01_287554,NACL,15.17,118,5,147,187,131,1,4,49,178,9,98
LOLTMNT01_287555,NACL,15.17,82,52,59,188,136,0,54,20,85,76,42
12806-12806_game_1,LPL,15.17,183,116,8,104,112,1,54,128,111,27,15
LOLTMNT01_287615,LCP,15.17,111,140,4,80,125,0,13,175,118,187,60
12806-12806_game_2,LPL,15.17,129,139,140,82,100,1,113,171,5,132,20
LOLTMNT01_288150,LCP,15.17,129,156,62,114,40,0,169,150,27,128,20
12806-12806_game_3,LPL,15.17,125,150,175,62,103,0,163,156,2,122,57
LOLTMNT01_288166,LCP,15.17,183,141,49,122,0,0,14,113,46,95,82
12806-12806_game_4,LPL,15.17,4,56,142,110,65,0,95,118,60,178,67
LOLTMNT01_288184,LCP,15.17,107,147,139,148,142,0,8,116,103,98,36
LOLTMNT04_130456,TCL,15.17,14,131,57,36,65,0,175,111,5,58,118
LOLTMNT04_130457,LFL,15.17,128,150,27,103,114,0,14,175,60,36,20
LOLTMNT06_138018,AL,15.16,46,178,27,146,103,1,43,175,36,1,20
LOLTMNT01_288231,LVP SL,15.17,175,46,36,78,122,1,139,59,83,1,20
LOLTMNT04_129468,TCL,15.17,113,140,40,20,0,1,163,8,4,141,43
LOLTMNT04_129471,LFL,15.17,113,132,122,171,0,0,129,156,4,140,43
LOLTMNT01_288264,LVP SL,15.17,14,178,140,124,60,0,150,114,27,169,5
LOLTMNT04_129474,TCL,15.17,13,176,15,116,44,1,62,104,178,49,60
LOLTMNT01_287738,LVP SL,15.17,128,163,103,51,131,0,13,104,141,155,62
LOLTMNT03_296121,AL,15.16,163,116,4,40,0,1,140,186,2,104,112
LOLTMNT04_130478,LFL,15.17,139,176,118,147,186,1,25,116,49,9,18
LOLTMNT04_129484,TCL,15.17,128,122,95,90,155,1,150,27,112,107,86
LOLTMNT01_288284,LPLOL,15.17,27,122,131,0,49,0,10,104,175,1,181
LOLTMNT03_295141,AL,15.16,122,176,105,14,57,1,118,130,38,170,147
LOLTMNT01_287748,LPLOL,15.17,183,90,15,155,98,1,59,14,139,178,118
LOLTMNT04_130485,TCL,15.17,156,154,9,171,158,1,82,125,59,52,129
LOLTMNT01_288324,LPLOL,15.17,132,30,5,4,40,0,111,142,75,103,52
LOLTMNT01_287765,CD,15.17,175,40,163,56,103,0,111,178,5,58,4
LOLTMNT01_287768,LPLOL,15.17,58,13,82,56,105,0,95,54,146,154,172
LOLTMNT01_287772,CD,15.17,13,156,46,95,122,1,129,54,43,140,20
LOLTMNT01_288332,NACL,15.17,113,40,104,62,0,1,175,111,56,36,118
LOLTMNT01_288337,CD,15.17,131,0,181,10,133,0,125,83,27,62,104
LOLTMNT01_288336,NACL,15.17,90,132,5,181,65,0,85,94,131,182,93
LOLTMNT01_288342,CD,15.17,8,112,118,107,9,0,128,171,114,85,15
LOLTMNT01_288341,NACL,15.17,27,52,127,49,82,0,4,156,125,13,187
LOLTMNT01_287805,LCK,15.17,113,111,13,15,142,0,183,8,139,4,54
LOLTMNT01_288374,LCK,15.17,129,85,20,178,46,1,156,24,118,58,5
LOLTMNT01_288399,LCK,15.17,150,60,141,176,82,0,40,169,122,140,23
LOLTMNT01_288428,HLL,15.17,27,128,129,175,122,0,150,62,5,178,4
LOLTMNT01_288435,LCK,15.17,125,103,188,107,190,1,171,27,114,18,116
12807-12807_game_1,LPL,15.17,128,113,111,27,103,1,13,4,54,62,40
LOLTMNT01_288425,ROL,15.17,183,129,173,82,5,1,178,9,49,122,136
LOLTMNT01_287902,LCP,15.17,104,139,111,114,36,0,15,13,54,27,128
LOLTMNT01_288450,LCK,15.17,128,80,158,64,124,0,175,90,182,36,84
12807-12807_game_2,LPL,15.17,150,36,65,125,178,0,176,118,8,169,60
LOLTMNT04_129499,LFL2,15.17,82,142,49,60,156,0,27,13,107,4,5
LOLTMNT01_287911,HLL,15.17,113,140,103,188,0,1,156,58,82,8,57
LOLTMNT01_288451,HC,15.17,46,14,10,60,94,1,44,142,49,114,69
LOLTMNT01_288458,ROL,15.17,13,169,62,60,103,1,40,27,4,107,0
LOLTMNT01_287920,LCP,15.17,8,175,125,142,82,1,4,140,60,129,116
12807-12807_game_3,LPL,15.17,183,139,86,100,158,1,140,104,98,171,114
LOLTMNT04_129506,LFL2,15.17,183,104,25,175,147,1,62,139,103,116,66
LOLTMNT01_287930,HC,15.17,113,0,111,118,176,1,107,139,147,122,59
LOLTMNT01_288472,HLL,15.17,163,118,54,56,49,1,125,131,114,187,40
LOLTMNT01_287934,ROL,15.17,104,150,140,182,116,1,188,131,132,67,56
LOLTMNT01_288482,LCP,15.17,163,56,122,105,158,0,156,182,171,118,58
12807-12807_game_4,LPL,15.17,85,74,20,161,145,1,58,5,15,84,186
LOLTMNT04_130501,LFL2,15.17,129,128,122,163,178,1,11,46,70,58,154
LOLTMNT01_287949,HC,15.17,163,52,82,24,182,1,178,58,65,172,171
LOLTMNT01_287950,HLL,15.17,139,36,15,116,1,0,22,65,60,173,146
LOLTMNT01_288498,LCP,15.17,150,132,103,112,178,0,181,90,44,154,22
LOLTMNT01_287958,HC,15.17,140,154,8,173,136,1,27,54,40,15,30
LOLTMNT01_287963,HLL,15.17,171,183,90,43,133,1,44,9,141,86,180
LOLTMNT04_129553,LEC,15.17,183,114,150,4,139,0,128,113,163,99,103
LOLTMNT04_129556,LEC,15.17,111,175,5,27,15,1,122,62,40,169,0
LOLTMNT04_130561,LIT,15.17,183,175,128,103,1,0,9,111,60,156,122
LOLTMNT04_129559,LEC,15.17,129,186,182,140,86,0,54,36,171,20,25
LOLTMNT04_130563,LIT,15.17,113,190,65,140,139,0,150,178,163,118,98
LOLTMNT04_129562,LEC,15.17,57,131,58,190,148,0,13,178,60,9,154
LOLTMNT04_130565,LIT,15.17,171,54,59,86,56,1,27,104,2,169,44
LOLTMNT02_308236,LTA,15.18,111,113,125,58,4,1,175,40,56,85,101
LOLTMNT02_308246,LTA,15.18,5,178,8,27,15,0,13,0,54,118,95
LOLTMNT02_306917,LTA,15.18,46,24,156,163,103,0,129,104,116,134,140
LOLTMNT01_288565,LCK,15.17,111,114,13,85,20,1,104,54,40,139,62
LOLTMNT01_288570,LCK,15.17,113,8,46,176,124,0,129,5,169,122,188
LOLTMNT01_289038,LCK,15.17,183,118,44,24,116,0,178,56,4,146,142
12808-12808_game_1,LPL,15.17,54,4,140,150,60,0,62,8,116,139,82
LOLTMNT01_288593,HLL,15.17,128,181,131,122,27,1,113,14,40,118,176
LOLTMNT01_289063,LCP,15.17,128,111,4,183,54,1,150,175,118,112,27
12808-12808_game_2,LPL,15.17,111,85,20,175,182,0,113,27,104,40,25
LOLTMNT04_130567,LFL2,15.17,113,27,150,60,4,0,183,175,8,104,43
LOLTMNT01_289065,HLL,15.17,111,5,103,62,173,1,139,175,82,1,140
LOLTMNT01_289067,HC,15.17,85,112,101,164,83,0,111,139,107,122,62
LOLTMNT01_288621,LCP,15.17,113,129,140,82,139,0,8,116,62,103,98
LOLTMNT04_129570,LFL2,15.17,90,181,125,118,163,0,14,122,75,156,36
12808-12808_game_3,LPL,15.17,163,57,122,146,0,0,125,156,2,95,15
LOLTMNT01_289077,HC,15.17,175,0,65,36,168,1,13,114,43,132,103
LOLTMNT01_289080,LCP,15.17,169,125,145,176,124,1,40,178,60,122,85
LOLTMNT01_288629,HLL,15.17,141,4,188,43,59,0,129,52,20,182,85
LOLTMNT04_130573,LFL2,15.17,128,171,141,176,82,1,13,40,107,103,58
LOLTMNT01_288690,HC,15.17,183,98,178,154,150,1,128,58,156,118,27
LOLTMNT04_129596,LEC,15.17,14,175,139,140,20,0,150,178,75,122,187
LOLTMNT04_130604,LIT,15.17,111,5,107,122,140,0,14,175,125,27,4
LOLTMNT04_129599,LEC,15.17,113,62,40,182,118,0,111,156,27,4,125
LOLTMNT04_130605,LIT,15.17,150,113,139,62,118,0,171,54,98,36,103
LOLTMNT04_129602,LEC,15.17,36,54,129,46,15,1,176,173,8,104,56
LOLTMNT04_130606,LIT,15.17,163,80,147,15,182,1,58,156,82,1,75
LOLTMNT04_130607,LEC,15.17,183,124,60,155,191,1,169,103,59,43,188
LOLTMNT02_308591,LTA,15.18,113,13,181,62,104,1,128,156,2,122,163
LOLTMNT02_309283,LTA,15.18,5,54,129,118,58,0,111,178,182,27,15
LOLTMNT02_308611,LTA,15.18,43,150,131,10,133,1,0,14,114,140,65
LOLTMNT02_308622,LTA,15.18,139,36,4,169,188,1,25,141,171,187,115
LOLTMNT02_309331,LTA,15.18,46,107,82,1,95,1,57,90,20,183,24
LOLTMNT01_288889,LCKC,15.17,128,129,113,118,176,1,175,5,40,27,122
LOLTMNT01_288916,LCKC,15.17,13,85,20,150,169,0,14,178,140,4,139
LOLTMNT01_288925,LCKC,15.17,8,54,125,64,124,0,62,99,80,44,115
LOLTMNT01_289356,LCKC,15.17,107,36,15,60,1,0,95,82,56,90,155
LOLTMNT01_289359,LJL,15.17,111,116,27,112,122,0,175,40,62,128,114
LOLTMNT01_288946,LCKC,15.17,128,175,129,62,103,0,111,183,4,178,112
12809-12809_game_1,LPL,15.17,8,54,27,122,5,0,175,4,62,139,111
LOLTMNT01_289377,LJL,15.17,169,125,150,85,20,0,5,4,140,60,191
LOLTMNT01_288950,LCKC,15.17,46,104,27,40,47,0,5,114,58,15,142
12809-12809_game_2,LPL,15.17,113,129,60,36,65,1,140,13,156,125,82
LOLTMNT01_288955,LCKC,15.17,13,85,20,2,100,0,54,171,139,64,124
LOLTMNT01_289387,LJL,15.17,1,0,178,176,118,1,43,82,156,171,187
12809-12809_game_3,LPL,15.17,128,103,163,99,155,0,176,118,112,146,180
LOLTMNT01_288959,LJL,15.17,103,182,188,129,80,1,139,13,58,170,154
12809-12809_game_4,LPL,15.17,14,64,124,90,182,1,85,20,150,100,25
12809-12809_game_5,LPL,15.17,169,1,58,115,44,0,22,34,178,145,98
LOLTMNT04_129624,LEC,15.17,14,176,118,128,107,1,150,178,36,122,60
LOLTMNT04_129625,LEC,15.17,111,131,20,27,182,0,62,175,40,115,25
LOLTMNT04_129626,LEC,15.17,139,140,4,105,5,0,129,103,54,164,120
LOLTMNT02_309461,CD,15.18,163,156,150,56,122,1,181,131,140,104,44
LOLTMNT02_309468,CD,15.18,175,49,125,103,10,1,111,113,57,62,4
LOLTMNT02_308773,NACL,15.18,49,125,114,142,103,1,54,27,44,150,4
LOLTMNT02_309471,NACL,15.18,175,36,65,128,129,1,27,104,171,169,112
LOLTMNT02_309477,CD,15.18,178,27,40,5,15,1,85,129,20,114,0
LOLTMNT02_309480,NACL,15.18,122,140,99,186,0,1,175,104,183,14,60
LOLTMNT02_308776,NACL,15.18,150,114,10,43,118,1,1,170,58,41,82
LOLTMNT02_309483,CD,15.18,128,54,40,118,183,0,111,178,15,27,46
LOLTMNT02_309484,NACL,15.18,113,150,125,4,32,1,76,109,0,140,148
LOLTMNT02_308782,CD,15.18,156,95,5,122,146,1,163,90,125,129,53
LOLTMNT02_309486,NACL,15.18,113,99,60,27,122,0,150,169,128,85,20
LOLTMNT02_308783,NACL,15.18,175,122,99,112,163,0,178,128,27,103,164
LOLTMNT02_309488,CD,15.18,113,85,20,171,44,0,131,62,56,103,1
LOLTMNT02_309491,NACL,15.18,14,65,10,139,120,1,49,36,103,186,5
LOLTMNT01_289447,LCKC,15.17,128,54,129,163,124,1,111,5,178,27,115
12810-12810_game_1,LPL,15.17,8,183,139,82,114,1,113,111,27,5,122
LOLTMNT01_289456,LCKC,15.17,156,58,14,125,78,1,116,104,150,140,139
LOLTMNT01_290006,LCKC,15.17,175,1,60,9,86,0,113,183,43,118,165
12810-12810_game_2,LPL,15.17,129,176,118,0,178,0,40,175,125,188,103
LOLTMNT01_290030,LCKC,15.17,169,64,152,190,98,1,176,122,182,80,99
12810-12810_game_3,LPL,15.17,128,169,150,62,86,0,140,54,60,20,84
LOLTMNT04_130635,LFL,15.17,183,188,113,139,4,1,27,14,175,104,43
LOLTMNT04_129646,LFL,15.17,60,111,54,163,118,0,5,178,2,64,124
LOLTMNT04_129647,LFL,15.17,13,122,140,129,100,0,156,171,85,103,180
LOLTMNT04_129648,LFL,15.17,90,75,57,18,187,1,125,58,131,49,114
LOLTMNT02_309714,CD,15.18,111,114,27,125,103,0,2,113,15,95,60
LOLTMNT02_309755,CD,15.18,104,56,173,58,150,0,178,5,65,163,1
LOLTMNT02_308934,NACL,15.18,175,188,36,134,65,1,150,27,5,131,115
LOLTMNT02_309758,NACL,15.18,113,60,78,140,65,1,128,150,169,36,132
LOLTMNT02_309795,NACL,15.18,14,10,104,44,114,0,175,76,2,82,43
LOLTMNT02_308950,CD,15.18,128,118,146,62,107,1,54,14,139,82,176
LOLTMNT02_309797,NACL,15.18,128,49,178,140,20,0,139,129,156,122,59
LOLTMNT02_309809,NACL,15.18,27,188,139,141,118,0,131,9,46,180,122
LOLTMNT02_309812,CD,15.18,8,85,46,169,124,0,129,4,132,43,120
LOLTMNT02_309816,NACL,15.18,113,40,104,163,44,1,111,125,176,141,82
LOLTMNT02_309823,NACL,15.18,49,5,156,187,103,0,147,139,54,95,4
LOLTMNT02_308978,NACL,15.18,175,85,60,171,20,0,128,27,122,186,7
LOLTMNT02_308980,NACL,15.18,113,140,15,28,93,1,178,118,46,62,14
LOLTMNT01_290095,LCK,15.17,128,27,104,8,116,0,5,183,54,15,129
LOLTMNT01_289566,LCK,15.17,113,85,20,60,171,0,178,139,188,122,165
LOLTMNT01_290114,LCK,15.17,14,125,100,176,118,1,175,4,150,57,95
LOLTMNT01_290125,LCK,15.17,56,146,103,36,155,0,43,82,140,80,190
LOLTMNT01_289628,HC,15.17,113,183,1,124,112,1,27,111,103,178,0
LOLTMNT01_290169,HC,15.17,14,54,43,59,104,1,139,163,13,4,74
LOLTMNT04_129655,LFL,15.17,104,27,60,116,19,0,183,122,43,150,169
LOLTMNT01_289636,HC,15.17,140,170,122,182,93,1,141,58,129,53,25
LOLTMNT04_129656,LFL,15.17,175,128,111,85,20,1,99,82,5,0,140
LOLTMNT04_129657,LFL,15.17,129,178,57,65,132,1,49,136,70,76,18
LOLTMNT01_289641,HC,15.17,128,90,9,165,3,1,62,60,118,181,131
LOLTMNT02_310291,CD,15.18,178,60,13,176,4,1,125,131,150,183,20
LOLTMNT02_311181,CD,15.18,128,27,114,171,104,0,5,54,163,82,40
LOLTMNT02_311185,NACL,15.18,27,139,99,54,104,1,163,175,5,49,103
LOLTMNT02_311200,CD,15.18,8,156,122,172,95,0,113,129,46,103,59
LOLTMNT02_310346,NACL,15.18,113,150,59,0,4,1,140,125,188,119,15
LOLTMNT02_311213,NACL,15.18,122,142,46,190,72,0,132,114,14,133,120
LOLTMNT02_310370,NACL,15.18,90,85,20,25,181,1,95,178,118,182,24
LOLTMNT01_289676,LCK,15.17,129,107,5,188,114,0,156,27,125,24,103
LOLTMNT01_289688,LCK,15.17,54,4,140,150,139,1,178,85,128,53,1
LOLTMNT01_289699,LCK,15.17,175,62,104,171,0,0,111,113,176,86,71
LOLTMNT01_289712,LCK,15.17,8,95,82,41,146,1,58,56,99,100,119
LOLTMNT04_130644,LFL,15.17,128,90,57,85,82,1,14,175,139,27,118
LOLTMNT01_290279,HC,15.17,175,9,98,154,1,0,139,183,54,86,145
LOLTMNT04_129662,LFL,15.17,111,114,54,13,140,1,156,122,36,147,60
LOLTMNT01_290280,HC,15.17,46,136,163,4,147,1,80,0,122,62,99
LOLTMNT04_129664,LFL,15.17,113,62,8,75,15,0,178,58,171,125,65
LOLTMNT01_290281,HC,15.17,178,85,101,112,8,1,59,156,103,125,177
LOLTMNT04_129666,LFL,15.17,104,188,95,112,107,0,19,163,103,40,56
LOLTMNT01_289746,HC,15.17,140,118,113,171,25,1,36,65,107,168,30
LOLTMNT04_130649,LFL,15.17,141,46,49,59,148,1,131,5,129,142,115
LOLTMNT02_310633,CD,15.18,128,100,13,163,122,0,40,156,129,183,15
LOLTMNT02_310645,CD,15.18,178,62,171,103,5,1,56,27,2,115,125
LOLTMNT02_310648,NACL,15.18,175,104,128,129,62,0,27,90,5,15,163
LOLTMNT02_311438,CD,15.18,113,4,146,95,43,1,141,118,24,36,23
LOLTMNT02_310655,NACL,15.18,111,107,43,176,118,1,139,85,20,146,54
LOLTMNT02_310676,CD,15.18,131,187,49,134,86,0,104,54,139,150,22
LOLTMNT02_310677,NACL,15.18,13,36,169,122,1,0,40,178,65,58,8
LOLTMNT02_310685,NACL,15.18,181,44,4,59,19,0,125,49,141,53,10
LOLTMNT02_311756,CD,15.18,178,5,150,163,122,1,56,128,129,4,140
LOLTMNT02_311764,CD,15.18,113,176,118,60,24,1,62,131,125,82,147
LOLTMNT02_312009,CD,15.18,111,107,27,46,20,0,54,2,15,95,43
LOLTMNT02_312027,CD,15.18,183,170,18,0,8,0,103,141,146,58,23
LOLTMNT02_311904,LAS,15.18,14,116,128,183,20,0,13,54,60,85,118
LOLTMNT02_311905,LAS,15.18,150,169,27,0,122,1,1,178,5,118,176
LOLTMNT02_312135,LAS,15.18,111,107,128,132,4,0,129,169,60,140,118
LOLTMNT02_311916,LAS,15.18,113,129,139,15,142,0,111,54,112,82,62
LOLTMNT02_312145,LAS,15.18,13,116,1,58,122,0,5,150,80,62,82
LOLTMNT01_290456,LCK,15.17,54,13,27,4,120,1,150,178,139,62,118
LOLTMNT02_311922,LAS,15.18,129,27,4,131,56,0,24,178,5,58,103
LOLTMNT02_311938,LAS,15.18,128,169,150,142,20,1,27,156,112,40,15
LOLTMNT01_289914,LCK,15.17,128,156,8,58,82,0,111,113,140,46,122
LOLTMNT02_312169,LAS,15.18,175,111,118,95,139,0,13,116,146,36,82
LOLTMNT02_311941,LAS,15.18,54,60,27,49,15,0,128,178,129,58,4
LOLTMNT02_311953,LAS,15.18,129,140,4,100,128,0,5,27,20,105,132
LOLTMNT02_311955,LAS,15.18,113,139,49,85,103,0,5,129,54,122,58
LOLTMNT01_289916,LCK,15.17,129,60,142,103,107,0,183,5,131,158,23
LOLTMNT02_311957,LAS,15.18,104,125,110,36,150,1,5,169,188,82,151
12811-12811_game_1,LPL,15.17,8,4,139,62,100,0,175,183,104,0,129
LOLTMNT02_312194,LAS,15.18,113,139,118,62,24,1,85,20,0,185,180
12811-12811_game_2,LPL,15.17,13,114,140,40,156,1,113,27,82,171,182
LOLTMNT01_289948,LCP,15.17,113,15,111,0,27,1,104,13,54,139,140
12811-12811_game_3,LPL,15.17,111,176,118,43,80,1,2,60,186,86,59
LOLTMNT01_289956,LCP,15.17,128,62,146,156,118,1,183,112,114,171,80
12811-12811_game_4,LPL,15.17,125,178,188,103,165,0,54,57,146,122,58
LOLTMNT01_289962,LCP,15.17,129,85,20,125,100,0,4,169,132,2,57
LOLTMNT01_290509,LCP,15.17,175,58,40,46,122,1,1,163,178,82,43
LOLTMNT01_289969,HC,15.17,113,62,150,122,56,1,140,14,173,60,20
LOLTMNT01_289974,HC,15.17,175,155,147,136,86,0,54,163,118,93,128
LOLTMNT01_290530,HC,15.17,5,27,141,101,172,1,182,132,4,156,129
LOLTMNT01_289984,HC,15.17,142,139,65,110,49,0,171,10,30,143,83
LOLTMNT01_290545,HC,15.17,125,85,103,13,170,0,112,183,124,131,24
LOLTMNT02_312440,LTA,15.18,14,58,4,51,52,1,163,178,2,5,15
LOLTMNT02_312451,LTA,15.18,27,54,46,40,124,0,111,140,56,169,65
LOLTMNT02_312468,LTA,15.18,104,0,156,129,95,1,139,122,181,62,90
LOLTMNT02_312529,LAS,15.18,111,178,125,58,114,1,5,129,56,85,90
LOLTMNT02_312530,LAS,15.18,14,27,104,141,5,1,128,188,140,100,103
LOLTMNT02_313304,LAS,15.18,104,58,186,46,131,1,27,150,103,139,100
LOLTMNT02_312541,LAS,15.18,129,4,116,62,112,0,13,181,114,80,176
LOLTMNT02_312544,LAS,15.18,156,128,129,187,118,1,85,110,49,5,4
LOLTMNT02_312546,LAS,15.18,13,14,122,95,100,0,139,104,2,27,107
LOLTMNT01_290576,LCK,15.17,183,169,40,23,20,1,111,178,27,5,114
LOLTMNT02_312552,LAS,15.18,111,125,107,183,4,0,5,169,129,140,86
LOLTMNT02_313323,LAS,15.18,13,60,62,82,99,1,169,125,140,147,44
LOLTMNT01_290579,LCK,15.17,54,129,4,95,0,1,8,116,139,58,82
LOLTMNT02_312562,LAS,15.18,8,178,27,60,122,0,40,54,62,118,57
LOLTMNT01_291045,LCK,15.17,104,113,46,176,1,0,140,175,56,150,65
LOLTMNT02_312588,LAS,15.18,111,178,128,4,62,1,27,54,112,122,49
LOLTMNT02_312590,LAS,15.18,169,150,5,188,122,0,128,104,54,58,186
12812-12812_game_1,LPL,15.17,183,13,175,82,128,0,14,113,139,62,118
LOLTMNT01_291064,LCK,15.17,146,124,163,120,158,0,60,64,18,141,24
LOLTMNT02_312592,LAS,15.18,14,140,4,125,100,1,181,27,146,103,60
LOLTMNT02_313340,LAS,15.18,156,125,150,187,103,1,5,80,2,118,140
12812-12812_game_2,LPL,15.17,54,36,65,182,40,1,111,178,5,122,188
LOLTMNT02_313344,LAS,15.18,178,118,85,171,0,0,13,170,82,183,56
LOLTMNT01_291071,LCK,15.17,188,57,90,181,83,0,112,118,107,85,168
LOLTMNT02_313346,LAS,15.18,139,188,82,107,24,1,85,20,0,100,1
LOLTMNT01_290622,LCP,15.17,54,111,112,27,122,1,128,8,4,183,80
12812-12812_game_3,LPL,15.17,129,186,125,163,20,1,156,27,24,112,15
12812-12812_game_4,LPL,15.17,114,22,34,1,60,1,103,150,32,107,98
LOLTMNT01_290626,LCP,15.17,129,116,125,154,140,1,113,1,57,103,187
12812-12812_game_5,LPL,15.17,104,80,8,0,85,0,2,58,4,57,131
LOLTMNT01_291088,LCP,15.17,146,15,58,155,139,0,156,104,5,95,2
LOLTMNT01_291096,HC,15.17,175,147,5,163,118,0,54,111,0,62,103
LOLTMNT01_290638,HC,15.17,14,139,183,156,82,0,178,150,76,173,94
LOLTMNT01_291098,HC,15.17,104,36,90,30,93,1,65,58,131,60,49
LOLTMNT02_313483,LTA,15.18,175,13,104,5,27,1,14,141,15,58,120
LOLTMNT02_313486,LTA,15.18,111,178,40,85,20,0,128,113,146,122,132
LOLTMNT02_312712,LTA,15.18,139,24,4,188,80,1,129,131,118,142,62
LOLTMNT01_290648,LCKC,15.17,8,116,46,142,103,1,13,175,4,183,139
LOLTMNT01_290651,LCKC,15.17,150,178,125,27,122,0,85,20,60,1,156
LOLTMNT01_290652,LCKC,15.17,128,54,58,90,181,1,129,95,112,82,80
LOLTMNT01_291122,LCKC,15.17,140,114,0,146,190,1,171,187,57,118,107
LOLTMNT01_291142,LCKC,15.17,175,8,139,4,183,1,178,104,140,171,120
LOLTMNT01_290666,LCKC,15.17,111,156,27,56,122,1,54,40,5,82,188
LOLTMNT01_291145,LCKC,15.17,129,176,118,112,114,1,85,125,103,146,187
LOLTMNT01_290668,LCKC,15.17,113,62,90,84,0,0,1,169,182,9,124
LOLTMNT04_129682,LFL2,15.17,183,175,139,118,129,0,113,142,122,30,49
LOLTMNT04_130667,LFL2,15.17,27,90,125,103,146,1,178,59,60,1,20
LOLTMNT04_129683,LFL2,15.17,111,4,116,43,140,0,82,52,0,171,62
LOLTMNT04_130668,LFL2,15.17,131,85,101,112,182,0,5,163,115,169,188
LOLTMNT04_130669,LFL2,15.17,104,19,155,110,40,1,141,95,147,94,57
LOLTMNT01_291185,LCKC,15.17,111,54,183,60,20,1,175,150,62,125,15
LOLTMNT01_290696,LCKC,15.17,113,112,24,178,27,0,128,129,156,140,82
LOLTMNT01_290699,LCKC,15.17,46,116,40,124,176,1,8,107,56,122,36
LOLTMNT01_290707,LCKC,15.17,13,100,4,58,0,0,1,169,118,95,110
LOLTMNT01_291210,LCKC,15.17,14,182,103,142,131,0,139,5,11,85,152
LOLTMNT05_155149,EM,15.18,14,131,181,183,122,1,2,128,169,103,27
LOLTMNT05_154142,EM,15.18,111,107,62,122,125,1,27,175,2,118,60
LOLTMNT05_154150,EM,15.18,54,0,129,176,114,0,120,139,78,118,142
LOLTMNT04_130671,LFL2,15.17,60,188,90,59,101,1,14,142,139,131,144
LOLTMNT05_154153,NLC,15.18,111,54,62,103,60,0,156,27,122,13,43
LOLTMNT05_155166,NLC,15.18,60,178,49,62,104,0,46,191,27,58,122
LOLTMNT05_155165,EM,15.18,5,116,36,185,13,0,54,56,48,82,147
LOLTMNT04_130673,LFL2,15.17,183,52,82,0,1,1,122,9,19,44,186
LOLTMNT05_155178,EM,15.18,13,5,122,95,19,0,111,27,114,125,186
LOLTMNT05_154168,NLC,15.18,13,27,139,169,4,1,90,58,46,180,15
LOLTMNT05_155179,EM,15.18,14,156,46,183,86,1,93,181,28,131,15
LOLTMNT05_155180,NLC,15.18,49,169,0,58,82,1,142,47,62,38,20
LOLTMNT04_129685,LFL2,15.17,175,118,8,176,30,1,171,27,40,113,182
LOLTMNT05_155186,EM,15.18,104,49,62,107,0,0,150,103,180,163,75
LOLTMNT05_155189,EM,15.18,171,62,122,156,5,0,111,27,114,82,43
LOLTMNT05_155190,NLC,15.18,175,27,82,139,171,0,49,173,176,122,30
LOLTMNT05_154180,NLC,15.18,128,107,140,164,65,1,44,114,4,27,2
LOLTMNT04_130674,LFL2,15.17,129,25,178,20,10,1,5,147,62,6,124
LOLTMNT05_154189,EM,15.18,155,100,129,124,125,0,140,107,103,49,60
LOLTMNT04_129686,LFL2,15.17,191,4,95,180,128,0,100,58,146,99,169
LOLTMNT05_155220,EM,15.18,128,140,4,0,49,0,139,36,118,54,76
LOLTMNT05_154199,EM,15.18,128,178,183,86,146,0,13,175,62,4,129
LOLTMNT05_155221,EM,15.18,111,54,128,140,4,1,107,122,155,171,112
LOLTMNT05_155223,EM,15.18,128,54,40,62,4,0,27,111,112,156,114
LOLTMNT05_154208,EM,15.18,27,54,25,6,2,1,139,58,15,70,99
LOLTMNT05_155230,EM,15.18,140,13,107,60,103,0,139,183,1,178,122
LOLTMNT05_155231,EM,15.18,116,122,8,125,59,1,30,171,103,142,43
LOLTMNT04_129687,LFL2,15.17,27,122,128,40,113,0,111,175,139,103,176
LOLTMNT05_154211,NLC,15.18,49,169,139,85,94,0,13,54,164,142,65
LOLTMNT05_154209,NLC,15.18,27,135,49,60,4,1,76,100,181,25,20
LOLTMNT05_154212,EM,15.18,175,40,36,20,46,0,114,147,62,82,5
LOLTMNT04_130675,LFL2,15.17,0,90,59,49,4,1,43,62,82,178,188
LOLTMNT05_155241,EM,15.18,122,131,142,171,30,1,90,140,124,60,93
LOLTMNT05_154225,EM,15.18,175,62,104,112,99,1,27,150,82,163,42
LOLTMNT05_154226,NLC,15.18,13,169,139,163,4,0,111,27,30,178,122
LOLTMNT05_155243,EM,15.18,27,150,169,15,60,1,129,103,131,183,120
LOLTMNT05_155244,NLC,15.18,27,110,14,118,0,0,111,107,62,122,43
LOLTMNT05_155245,EM,15.18,27,139,188,4,54,0,150,142,5,178,118
LOLTMNT05_154228,EM,15.18,156,103,163,1,0,1,191,82,181,10,5
LOLTMNT04_129688,LFL2,15.17,60,191,58,101,57,0,114,85,19,118,1
LOLTMNT05_154229,EM,15.18,49,9,178,139,114,0,183,169,150,103,5
LOLTMNT05_154230,NLC,15.18,129,36,139,103,175,0,49,27,122,156,51
LOLTMNT05_155253,NLC,15.18,27,107,101,181,44,1,140,175,104,111,30
LOLTMNT05_155254,EM,15.18,113,22,101,185,49,1,86,178,139,187,13
LOLTMNT02_314133,EM,15.18,128,90,57,36,15,1,60,129,156,187,103
LOLTMNT04_130676,LFL2,15.17,14,131,20,10,182,0,78,95,115,74,25
LOLTMNT05_154234,EM,15.18,175,128,181,163,122,1,36,129,82,6,75
LOLTMNT05_155258,NLC,15.18,27,147,71,178,122,0,5,49,191,58,4
LOLTMNT05_155260,NLC,15.18,139,169,49,142,118,1,182,54,147,36,4
LOLTMNT02_314135,EM,15.18,163,114,147,30,20,1,56,131,140,49,133
LOLTMNT04_130679,LFL2,15.17,140,5,147,116,6,1,160,100,2,169,99
LOLTMNT05_154241,NLC,15.18,111,62,47,15,38,1,140,171,156,4,56
LOLTMNT05_155261,NLC,15.18,27,90,56,186,101,0,38,188,131,146,107
LOLTMNT01_291309,LCKC,15.17,111,114,183,60,4,1,40,116,46,20,142
LOLTMNT01_291311,LCKC,15.17,13,100,139,140,122,1,129,178,120,118,176
12836-12836_game_1,WLDs,15.17,111,62,104,113,60,1,128,129,4,176,114
LOLTMNT01_291312,LCKC,15.17,175,146,125,64,124,1,1,27,0,103,54
12836-12836_game_2,WLDs,15.17,140,118,40,178,23,0,8,175,5,36,65
LOLTMNT01_290794,LCKC,15.17,5,58,15,190,156,1,104,56,95,107,2
12836-12836_game_3,WLDs,15.17,13,169,120,188,82,1,139,171,100,20,85
LOLTMNT01_291316,LCKC,15.17,14,62,23,44,52,0,113,188,36,141,57
12836-12836_game_4,WLDs,15.17,54,64,124,2,43,1,141,95,15,46,86
LOLTMNT05_154277,EM,15.18,54,140,4,171,0,1,178,150,5,20,187
LOLTMNT05_154278,EM,15.18,169,103,62,147,60,1,183,150,113,122,43
LOLTMNT05_155298,EM,15.18,111,122,176,60,100,0,40,62,156,15,182
LOLTMNT05_154282,EM,15.18,163,131,104,146,56,0,54,49,140,4,125
LOLTMNT05_154286,NLC,15.18,27,173,43,118,99,1,142,54,49,25,65
LOLTMNT05_154295,EM,15.18,27,99,107,118,30,0,169,1,139,183,86
LOLTMNT05_155319,EM,15.18,116,176,118,112,168,0,8,175,114,59,25
LOLTMNT05_154304,NLC,15.18,44,116,139,9,86,1,170,163,109,93,115
LOLTMNT05_155327,NLC,15.18,129,83,5,82,132,0,139,156,165,58,122
LOLTMNT05_155329,NLC,15.18,13,107,27,53,125,0,49,175,140,122,30
LOLTMNT01_291368,LCKC,15.17,13,54,27,60,104,0,111,178,5,58,78
LOLTMNT01_291369,LCKC,15.17,175,140,40,0,114,0,116,8,56,62,84
12837-12837_game_1,WLDs,15.17,183,54,111,20,60,1,8,175,27,139,82
LOLTMNT01_291370,LCKC,15.17,113,125,171,183,4,1,129,80,110,85,152
12837-12837_game_2,WLDs,15.17,14,62,104,0,186,0,140,156,13,125,103
LOLTMNT01_290856,LCKC,15.17,46,176,118,120,2,0,43,107,15,187,168
12837-12837_game_3,WLDs,15.17,129,114,182,118,142,1,5,4,40,100,187
LOLTMNT01_291388,LCKC,15.17,182,100,158,36,82,0,169,150,173,122,130
12837-12837_game_4,WLDs,15.17,113,85,152,158,56,1,122,169,95,2,41
LOLTMNT05_154344,LEC,15.18,111,163,178,20,60,0,40,175,62,4,5
LOLTMNT05_154346,NLC,15.18,38,47,49,27,20,0,71,54,2,142,82
LOLTMNT05_154348,LEC,15.18,128,54,36,181,82,0,150,169,187,139,152
LOLTMNT05_155373,NLC,15.18,161,142,20,147,114,1,62,156,38,4,76
LOLTMNT05_155375,NLC,15.18,60,13,74,122,36,1,43,147,191,103,62
LOLTMNT02_315183,LAS,15.18,111,54,128,118,58,1,5,129,178,85,101
LOLTMNT02_314356,LAS,15.18,8,116,62,122,60,1,139,27,170,128,4
LOLTMNT01_290897,LCK,15.17,183,114,8,103,5,0,111,54,27,128,122
LOLTMNT02_315190,LAS,15.18,139,14,62,100,122,0,104,27,2,113,30
LOLTMNT02_314361,LAS,15.18,169,5,150,85,20,0,178,104,125,2,176
LOLTMNT01_290898,LCK,15.17,104,156,2,139,187,0,178,150,118,140,0
LOLTMNT02_314367,LAS,15.18,150,178,5,85,20,1,54,128,186,27,4
LOLTMNT01_291427,LCK,15.17,169,188,82,1,125,0,4,90,181,58,112
LOLTMNT02_314371,LAS,15.18,111,178,5,140,4,0,13,54,125,82,187
LOLTMNT02_314372,LAS,15.18,54,62,40,181,82,0,128,178,129,104,187
LOLTMNT02_314373,LAS,15.18,111,58,107,90,60,0,129,100,62,122,43
LOLTMNT02_314375,LAS,15.18,13,140,4,0,100,1,27,5,156,118,24
LOLTMNT02_314376,LAS,15.18,129,27,80,103,60,0,116,62,8,122,0
LOLTMNT02_314377,LAS,15.18,169,188,125,166,115,0,14,141,60,103,85
12838-12838_game_1,WLDs,15.17,111,140,4,156,112,0,113,27,104,128,13
12838-12838_game_2,WLDs,15.17,8,64,124,0,169,1,129,118,188,139,100
12838-12838_game_3,WLDs,15.17,116,40,125,155,82,0,62,54,145,57,122
12838-12838_game_4,WLDs,15.17,85,175,101,84,60,0,20,150,163,191,43
LOLTMNT05_155399,LEC,15.18,150,113,5,155,4,1,40,169,62,120,44
LOLTMNT05_154390,LEC,15.18,111,176,118,107,112,1,128,175,181,122,27
LOLTMNT06_143127,NLC,15.19,49,36,54,43,122,0,57,27,90,60,154
LOLTMNT05_154392,LEC,15.18,54,187,103,188,60,1,178,171,20,85,182
LOLTMNT06_143128,NLC,15.19,147,175,40,85,20,0,128,169,150,62,118
LOLTMNT05_155401,LEC,15.18,163,156,49,82,114,0,139,129,36,100,90
LOLTMNT06_144087,NLC,15.19,25,156,82,22,171,1,46,32,34,142,103
LOLTMNT06_143130,NLC,15.19,139,83,155,163,86,1,0,131,4,129,140
LOLTMNT02_315263,LTA,15.18,175,5,118,40,85,0,104,54,62,0,1
LOLTMNT02_315264,LTA,15.18,113,139,150,140,103,1,13,178,60,15,142
LOLTMNT02_315265,LTA,15.18,131,146,56,36,65,1,27,169,14,25,94
LOLTMNT02_314463,LTA,15.18,46,156,129,183,86,1,4,2,181,90,58
LOLTMNT02_314506,LAS,15.18,111,178,5,176,118,1,54,40,125,27,82
LOLTMNT02_314507,LAS,15.18,111,178,128,62,4,1,27,54,5,118,8
LOLTMNT02_315291,LAS,15.18,175,2,85,82,0,1,14,156,62,118,60
LOLTMNT01_290949,LCK,15.17,111,114,27,13,122,0,129,169,104,36,139
LOLTMNT02_314512,LAS,15.18,13,14,80,140,20,0,139,129,156,122,187
LOLTMNT02_315292,LAS,15.18,8,116,62,4,139,0,128,150,80,140,122
LOLTMNT02_314515,LAS,15.18,13,116,5,142,20,0,111,54,58,4,23
LOLTMNT01_290950,LCK,15.17,183,128,156,2,82,0,150,178,118,46,62
LOLTMNT02_314520,LAS,15.18,150,27,5,80,115,0,128,54,104,2,36
LOLTMNT02_315297,LAS,15.18,128,1,178,36,20,1,169,150,5,4,140
LOLTMNT01_290952,LCK,15.17,54,146,5,142,20,1,4,40,60,80,188
LOLTMNT02_315299,LAS,15.18,183,156,86,0,1,1,111,139,178,103,187
LOLTMNT02_314523,LAS,15.18,111,27,113,0,15,0,54,62,40,82,60
LOLTMNT01_290953,LCK,15.17,113,24,18,176,182,1,141,171,115,112,85
LOLTMNT02_314524,LAS,15.18,175,46,129,85,20,1,182,114,171,186,155
LOLTMNT05_155418,LEC,15.18,183,103,129,139,90,0,176,118,24,175,75
LOLTMNT05_154417,LEC,15.18,111,178,60,187,122,0,40,54,120,4,140
LOLTMNT06_143141,NLC,15.19,5,147,140,175,122,1,125,49,4,62,156
LOLTMNT06_143143,NLC,15.19,13,183,100,86,60,1,54,27,150,118,43
LOLTMNT05_154418,LEC,15.18,14,62,104,141,182,0,150,173,65,22,134
LOLTMNT06_143144,NLC,15.19,111,80,176,134,104,1,169,129,139,85,94
LOLTMNT06_144092,NLC,15.19,14,58,15,90,0,1,163,171,103,116,71
LOLTMNT06_144093,NLC,15.19,9,120,44,24,148,1,155,83,172,181,6
LOLTMNT02_314584,LTA,15.18,175,8,4,27,60,1,128,54,40,114,62
LOLTMNT02_314585,LTA,15.18,14,178,140,0,122,0,169,150,132,5,82
LOLTMNT02_314587,LTA,15.18,111,65,125,141,36,0,104,107,2,43,58
LOLTMNT02_314588,LTA,15.18,13,56,118,170,183,0,129,85,15,90,162
LOLTMNT01_290988,LCKC,15.17,111,175,27,60,15,1,178,150,4,176,56
LOLTMNT01_290989,LCKC,15.17,113,13,57,58,82,1,129,183,54,161,122
LOLTMNT01_290992,LCKC,15.17,128,181,131,10,124,0,116,40,2,64,18
LOLTMNT01_290994,LCKC,15.17,125,146,114,140,180,1,169,46,190,36,65
LOLTMNT01_291506,LCKC,15.17,139,62,104,100,29,1,171,112,141,22,34
LOLTMNT06_144103,EM,15.19,54,56,147,95,122,1,178,188,44,9,154
LOLTMNT06_143186,EM,15.19,111,54,62,5,118,0,142,90,49,0,114
LOLTMNT03_297801,EM,15.19,54,43,8,183,4,1,116,60,142,40,103
LOLTMNT03_298900,EM,15.19,111,128,178,62,122,1,175,2,36,60,82
LOLTMNT06_144114,EM,15.19,129,62,175,139,104,1,49,27,173,122,60
LOLTMNT06_144118,EM,15.19,111,114,27,182,118,0,2,54,139,62,15
LOLTMNT06_144120,EM,15.19,116,40,128,142,82,1,54,13,182,183,4
LOLTMNT06_144127,EM,15.19,111,142,175,82,60,0,54,183,147,4,43
LOLTMNT06_144128,EM,15.19,175,59,139,190,4,0,22,178,0,14,105
LOLTMNT06_144135,EM,15.19,175,139,111,62,118,1,90,58,98,155,104
LOLTMNT06_144136,EM,15.19,14,183,178,4,128,1,150,175,59,122,139
LOLTMNT06_144139,EM,15.19,111,178,5,183,122,0,175,40,125,140,20
LOLTMNT06_144140,EM,15.19,111,114,128,36,103,0,2,178,57,58,15
LOLTMNT03_297854,EM,15.19,111,116,60,122,62,1,54,14,182,118,176
LOLTMNT06_144143,EM,15.19,54,139,49,187,122,1,111,27,46,178,82
LOLTMNT06_144147,EM,15.19,14,54,27,60,20,0,150,169,62,122,43
LOLTMNT01_293013,LCKC,15.17,116,8,139,36,82,0,111,178,60,183,118
LOLTMNT01_291530,LCKC,15.17,128,114,129,85,20,1,13,175,150,58,104
LOLTMNT01_293014,LCKC,15.17,113,57,40,140,15,1,27,46,190,169,115
LOLTMNT01_291534,LCKC,15.17,5,146,62,103,166,0,54,23,176,168,122
LOLTMNT06_143211,EM,15.19,116,62,60,4,1,1,128,169,103,155,40
LOLTMNT06_144151,EM,15.19,128,156,27,181,4,1,175,5,49,59,103
LOLTMNT06_143212,EM,15.19,175,62,40,118,128,1,169,150,140,122,71
LOLTMNT06_144152,EM,15.19,139,175,62,82,129,1,142,0,90,93,20
LOLTMNT06_144154,EM,15.19,175,1,183,103,43,0,54,27,129,104,5
LOLTMNT06_143219,EM,15.19,14,178,60,142,82,1,181,90,46,140,20
LOLTMNT06_143220,EM,15.19,1,114,183,122,60,0,175,13,103,176,5
LOLTMNT06_144155,EM,15.19,111,54,118,176,182,1,14,62,178,103,25
LOLTMNT03_300075,LTA S,15.19,175,129,27,4,0,1,13,54,128,122,36
LOLTMNT06_143237,EM,15.19,111,175,5,183,103,1,147,54,125,104,27
LOLTMNT06_143238,EM,15.19,111,169,139,36,15,1,128,14,178,27,103
LOLTMNT06_144156,EM,15.19,147,40,170,187,86,0,128,13,116,118,176
LOLTMNT06_144157,EM,15.19,129,156,139,187,20,1,40,178,5,163,189
LOLTMNT03_299290,LTA S,15.19,178,176,118,2,125,1,169,15,140,14,46
LOLTMNT06_144159,EM,15.19,56,171,83,176,118,1,128,175,122,146,58
LOLTMNT06_143245,EM,15.19,111,178,27,139,20,0,183,175,147,4,5
LOLTMNT06_143244,EM,15.19,111,178,122,62,25,1,78,175,125,58,103
LOLTMNT03_300090,LTA S,15.19,107,1,60,59,103,1,131,150,43,183,124
LOLTMNT06_144160,EM,15.19,54,111,60,27,4,1,122,175,155,2,43
LOLTMNT01_293032,Asia Master,15.17,175,139,13,62,118,0,150,178,60,104,27
LOLTMNT03_299367,LCP,15.19,175,40,62,103,146,0,54,128,129,118,27
LOLTMNT03_300182,LCP,15.19,178,60,1,82,142,0,169,183,5,122,150
LOLTMNT03_299375,LCP,15.19,111,85,20,100,139,1,57,4,188,90,182
LOLTMNT03_300202,LCP,15.19,178,1,5,176,4,1,13,107,125,62,122
LOLTMNT03_300209,LCP,15.19,27,80,82,147,56,1,169,150,85,103,44
LOLTMNT03_300213,LCP,15.19,111,156,9,148,60,0,140,113,2,18,38
LOLTMNT03_299390,LCP,15.19,183,131,146,15,139,1,188,90,23,114,22
LOLTMNT06_143271,EM,15.19,14,139,30,59,154,0,150,175,62,60,122
LOLTMNT06_144191,EM,15.19,111,178,142,103,60,0,27,175,2,118,43
LOLTMNT06_143273,EM,15.19,139,100,111,142,122,1,43,54,40,27,118
LOLTMNT06_144192,EM,15.19,14,54,104,182,36,0,49,58,15,173,51
LOLTMNT06_143284,EM,15.19,111,178,122,142,139,0,175,36,147,4,98
LOLTMNT06_144201,EM,15.19,111,100,136,85,82,1,54,139,1,62,104
LOLTMNT06_143287,EM,15.19,111,60,141,176,118,1,178,40,139,187,4
LOLTMNT06_144205,EM,15.19,90,142,154,177,112,1,27,52,103,150,5
LOLTMNT03_301009,LTA S,15.19,128,178,129,140,122,1,27,46,56,65,82
LOLTMNT06_143293,EM,15.19,175,118,176,166,44,1,129,183,86,178,60
LOLTMNT06_144214,EM,15.19,139,100,111,176,118,1,62,182,178,99,122
LOLTMNT03_301021,LTA S,15.19,125,104,62,113,150,1,183,139,118,107,99
LOLTMNT06_144215,EM,15.19,175,104,163,49,60,0,22,178,65,129,0
LOLTMNT06_143295,EM,15.19,175,111,5,10,20,1,60,178,147,122,27
LOLTMNT06_143297,EM,15.19,54,147,62,104,125,0,14,183,178,103,60
LOLTMNT06_144218,EM,15.19,54,140,65,56,147,1,14,178,4,183,5
LOLTMNT06_144219,EM,15.19,111,178,183,0,4,1,40,175,118,27,13
LOLTMNT03_301034,LTA S,15.19,5,131,95,146,20,0,182,36,4,156,49
LOLTMNT06_143299,EM,15.19,111,156,5,142,122,0,40,178,125,183,118
LOLTMNT03_299522,LTA S,15.19,85,2,141,114,57,0,103,1,176,52,0
LOLTMNT03_301301,LCP,15.19,128,150,178,140,65,0,175,13,62,104,60
LOLTMNT03_301307,LCP,15.19,27,169,118,146,139,0,54,85,5,4,24
LOLTMNT03_299803,LCP,15.19,111,156,56,122,32,1,103,181,176,57,90
LOLTMNT06_144245,EM,15.19,111,60,100,9,154,0,54,62,147,56,118
LOLTMNT06_143325,EM,15.19,175,62,2,56,82,0,111,178,176,103,44
LOLTMNT06_144246,EM,15.19,54,176,118,25,40,1,14,27,104,169,0
LOLTMNT06_143326,EM,15.19,139,114,111,62,82,1,5,54,163,147,20
LOLTMNT06_143330,EM,15.19,175,128,111,183,4,1,49,131,139,9,20
LOLTMNT06_144250,EM,15.19,175,62,40,103,128,1,111,27,178,104,112
LOLTMNT06_144251,EM,15.19,139,171,175,140,65,1,0,52,2,187,82
LOLTMNT06_143332,EM,15.19,175,13,0,85,20,1,5,129,178,122,27
LOLTMNT03_299902,LTA S,15.19,54,13,5,176,118,1,178,60,129,140,4
LOLTMNT06_143337,EM,15.19,54,8,128,122,142,1,181,131,139,65,27
LOLTMNT06_144257,EM,15.19,156,139,62,4,129,1,54,58,98,171,118
LOLTMNT06_143338,EM,15.19,54,176,118,139,24,0,1,27,114,120,182
LOLTMNT06_144259,EM,15.19,54,128,40,58,104,1,150,169,43,85,103
LOLTMNT03_301418,LTA S,15.19,169,62,150,43,115,1,27,156,1,125,20
LOLTMNT06_144261,EM,15.19,128,178,150,27,15,1,60,175,118,49,142
LOLTMNT06_143341,EM,15.19,175,8,125,85,152,0,111,178,112,122,163
LOLTMNT03_299936,LTA S,15.19,104,58,170,0,168,1,183,15,139,181,90
LOLTMNT06_143343,EM,15.19,139,169,1,183,86,1,27,175,40,5,122
LOLTMNT06_143342,EM,15.19,54,139,13,58,82,1,178,36,5,171,4
LOLTMNT06_144262,EM,15.19,5,169,99,155,122,1,125,116,93,62,103
LOLTMNT06_143345,EM,15.19,183,60,156,4,78,1,128,169,1,27,103
LOLTMNT03_299948,LTA S,15.19,128,113,82,14,187,0,122,163,141,28,147
LOLTMNT06_143348,EM,15.19,129,22,131,43,15,0,40,186,10,60,65
LOLTMNT06_144265,EM,15.19,156,171,62,44,6,1,186,129,118,187,43
LOLTMNT03_301455,LTA S,15.19,111,114,80,36,161,1,103,10,186,190,98
LOLTMNT06_143349,EM,15.19,170,124,59,8,25,0,140,4,186,1,43
LOLTMNT03_302125,LCP,15.19,111,60,100,183,122,0,54,104,40,27,56
LOLTMNT03_302144,LCP,15.19,128,62,4,2,178,1,13,116,139,95,82
LOLTMNT03_302157,LCP,15.19,129,176,118,80,125,1,85,156,20,147,112
LOLTMNT03_301740,LCP,15.19,46,170,103,187,78,1,150,131,182,140,86
LOLTMNT03_302252,LTA S,15.19,175,27,8,104,182,1,5,111,178,176,65
LOLTMNT03_302272,LTA S,15.19,183,43,4,49,113,0,140,125,146,114,156
LOLTMNT03_302289,LTA S,15.19,46,122,36,40,170,0,169,150,128,85,15
LOLTMNT03_303024,LAS,15.19,111,5,100,85,20,0,13,178,0,4,62
LOLTMNT03_302459,LAS,15.19,128,14,178,36,20,1,129,54,60,27,103
LOLTMNT03_302467,LAS,15.19,169,5,8,62,82,0,13,4,125,100,155
LOLTMNT03_303041,LAS,15.19,54,40,129,176,118,0,128,116,181,27,122
LOLTMNT03_303055,LAS,15.19,54,111,85,0,90,1,129,178,27,122,56
LOLTMNT03_303057,LAS,15.19,129,169,128,36,15,1,5,8,54,27,113
LOLTMNT03_303058,LAS,15.19,54,40,4,62,0,0,116,129,5,118,176
LOLTMNT03_303070,LAS,15.19,14,140,4,80,125,0,128,156,146,163,103
LOLTMNT03_302502,LAS,15.19,150,56,85,114,60,0,1,178,22,4,172
LOLTMNT03_303073,LAS,15.19,178,1,122,140,125,0,169,150,56,20,183
LOLTMNT03_302566,LCP,15.19,62,5,40,116,122,0,129,178,136,118,176
LOLTMNT03_303133,LCP,15.19,183,8,80,115,46,1,27,13,141,15,56
LOLTMNT03_302593,LCP,15.19,156,104,75,22,1,0,139,191,4,58,38
LOLTMNT03_302629,LCP,15.19,54,150,125,130,103,0,169,140,60,84,20
LOLTMNT03_303343,LTA S,15.19,111,178,183,4,0,0,175,27,2,118,28
LOLTMNT06_143390,NLC,15.19,128,156,147,122,140,1,139,178,49,103,62
LOLTMNT03_302871,LTA S,15.19,128,169,62,49,82,1,5,107,176,122,40
LOLTMNT06_144319,NLC,15.19,129,71,100,183,86,0,60,14,54,118,176
LOLTMNT06_144320,NLC,15.19,13,175,27,124,44,0,169,40,4,163,99
LOLTMNT03_302899,LTA S,15.19,54,58,15,56,8,1,113,36,65,182,188
LOLTMNT03_303480,LTA S,15.19,140,44,20,90,181,1,46,95,115,131,146
LOLTMNT03_302995,LTA S,15.19,13,124,163,16,42,1,103,156,171,9,43
LOLTMNT03_303586,LTA N,15.19,175,5,27,40,118,0,156,129,56,176,124
LOLTMNT03_304116,LTA N,15.19,125,155,173,152,46,0,54,62,139,122,24
LOLTMNT03_303722,LTA N,15.19,111,65,178,164,44,0,107,104,140,8,57
LOLTMNT03_304178,LTA N,15.19,131,36,146,60,133,0,52,59,51,20,0
LOLTMNT03_303842,LTA N,15.19,169,14,15,142,23,1,30,4,2,183,110
LOLTMNT03_303967,LAS,15.19,129,169,128,36,15,1,14,54,27,118,139
LOLTMNT03_304317,LAS,15.19,54,129,5,32,122,1,178,85,125,150,18
LOLTMNT03_303966,LAS,15.19,116,13,62,20,0,1,111,107,27,122,60
LOLTMNT03_303969,LAS,15.19,128,178,129,176,118,1,169,150,40,4,140
LOLTMNT03_304321,LAS,15.19,13,8,80,140,122,0,60,116,40,20,183
LOLTMNT03_303975,LAS,15.19,13,83,0,140,4,1,139,156,27,78,103
LOLTMNT03_303982,LAS,15.19,56,131,146,59,86,0,139,113,24,183,115
LOLTMNT03_303992,LAS,15.19,128,169,82,14,58,0,60,118,99,163,181
LOLTMNT03_304000,LAS,15.19,54,14,5,140,103,0,186,13,23,82,183
LOLTMNT03_304346,LAS,15.19,129,128,103,186,58,1,156,104,60,150,163
LOLTMNT03_304347,LAS,15.19,13,169,60,36,65,1,128,54,99,85,20
LOLTMNT03_304349,LAS,15.19,129,169,112,36,118,0,128,8,80,34,22
LOLTMNT03_304351,LAS,15.19,156,104,5,1,140,1,186,27,125,103,150
LOLTMNT03_304352,LAS,15.19,54,85,146,118,0,0,40,74,188,82,56
LOLTMNT03_304362,LAS,15.19,129,56,58,0,82,1,111,178,62,122,30
LOLTMNT03_304523,LTA S,15.19,13,156,125,118,62,0,27,113,111,60,122
LOLTMNT06_144344,NLC,15.19,111,169,142,122,25,1,54,62,40,4,30
LOLTMNT06_143406,NLC,15.19,147,156,128,103,155,1,140,175,65,2,82
LOLTMNT03_305144,LTA S,15.19,129,0,141,132,4,1,5,178,46,176,124
LOLTMNT06_143408,NLC,15.19,13,187,86,44,100,0,176,118,112,80,165
LOLTMNT03_304559,LTA S,15.19,104,140,40,80,182,1,15,8,170,58,139
LOLTMNT06_143410,NLC,15.19,178,20,59,24,114,0,139,163,83,154,177
LOLTMNT03_305189,LTA S,15.19,56,131,146,103,95,1,169,44,183,3,152
LOLTMNT03_305196,LTA S,15.19,175,36,20,134,2,0,163,82,19,112,150
LOLTMNT03_305228,LTA N,15.19,125,36,13,170,4,0,169,5,62,118,78
LOLTMNT03_305274,LTA N,15.19,175,2,139,27,82,1,111,178,103,163,25
LOLTMNT03_305326,LTA N,15.19,54,122,187,43,49,1,140,150,20,60,116
LOLTMNT03_304773,Asia Master,15.19,111,178,139,36,4,1,27,54,40,110,118
LOLTMNT03_305501,Asia Master,15.19,14,0,113,85,122,1,139,156,188,27,114
LOLTMNT03_304778,Asia Master,15.19,129,56,183,82,46,0,150,175,60,122,140
LOLTMNT03_304779,Asia Master,15.19,128,111,4,140,116,0,40,175,146,20,22
LOLTMNT03_304786,ASI,15.19,78,80,5,188,82,1,14,104,125,178,58
LOLTMNT03_304790,Asia Master,15.19,183,74,8,82,60,0,62,169,1,103,38
LOLTMNT03_304795,ASI,15.19,129,139,116,64,124,0,54,85,20,89,56
LOLTMNT03_305519,Asia Master,15.19,14,178,139,122,62,1,27,116,60,2,103
LOLTMNT03_305526,Asia Master,15.19,111,178,139,62,4,1,54,27,40,104,60
LOLTMNT03_304811,Asia Master,15.19,183,107,40,56,86,0,78,80,5,104,58
LOLTMNT03_305528,ASI,15.19,128,5,129,85,4,0,111,54,13,58,104
LOLTMNT03_304829,Asia Master,15.19,175,13,183,56,82,1,125,114,1,95,5
LOLTMNT03_304831,Asia Master,15.19,78,54,82,125,10,1,147,80,4,62,60
LOLTMNT03_304835,ASI,15.19,150,80,57,176,118,1,2,178,44,36,122
LOLTMNT03_304837,Asia Master,15.19,80,122,140,84,137,1,188,169,118,182,99
LOLTMNT03_304839,Asia Master,15.19,111,116,5,103,59,1,178,128,40,122,85
LOLTMNT03_305543,Asia Master,15.19,54,129,139,10,15,1,62,104,24,0,178
LOLTMNT03_304847,ASI,15.19,139,114,22,24,20,0,56,169,1,183,86
LOLTMNT03_304849,Asia Master,15.19,129,169,15,58,57,1,176,118,1,56,100
LOLTMNT03_305548,Asia Master,15.19,13,22,20,71,186,0,175,140,56,65,84
LOLTMNT03_304858,ASI,15.19,27,114,2,0,83,0,111,54,139,20,85
LOLTMNT06_144353,EM,15.19,175,182,8,27,15,0,128,100,147,122,142
LOLTMNT06_143425,EM,15.19,175,128,8,176,118,0,183,139,129,156,15
LOLTMNT03_304864,Asia Master,15.19,5,32,18,150,100,1,64,124,60,170,40
LOLTMNT06_144355,EM,15.19,111,62,114,0,100,1,175,78,183,4,181
LOLTMNT03_304867,ASI,15.19,129,116,62,82,120,1,150,4,5,95,137
LOLTMNT06_143430,EM,15.19,111,107,62,20,60,1,147,183,131,103,43
LOLTMNT06_144357,EM,15.19,175,139,14,58,15,1,49,131,0,9,154
LOLTMNT06_144358,EM,15.19,111,83,57,176,118,1,40,175,182,122,187
LOLTMNT06_144363,EM,15.19,78,80,5,62,4,0,171,175,139,36,20
LOLTMNT06_143436,EM,15.19,128,181,131,62,122,0,14,54,60,183,118
LOLTMNT06_143437,EM,15.19,128,178,14,27,20,0,46,113,150,4,36
LOLTMNT06_143438,EM,15.19,36,178,171,82,60,0,111,54,62,103,139
LOLTMNT06_143439,EM,15.19,103,140,13,107,5,1,129,82,9,100,125
LOLTMNT06_144365,EM,15.19,111,140,60,169,103,1,188,141,122,56,176
LOLTMNT06_144366,EM,15.19,111,182,169,140,86,1,128,14,100,118,176
LOLTMNT06_144367,EM,15.19,14,169,140,20,182,1,1,58,170,122,46
LOLTMNT06_143443,EM,15.19,116,139,62,49,103,0,128,175,150,9,20
LOLTMNT06_144377,EM,15.19,54,24,182,62,82,0,175,129,15,25,95
LOLTMNT06_143444,EM,15.19,139,14,27,4,156,0,5,183,20,190,169
LOLTMNT06_143445,EM,15.19,175,140,65,166,5,0,156,171,62,4,23
LOLTMNT06_144388,EM,15.19,178,183,56,1,118,0,59,156,60,129,122
LOLTMNT06_143458,EM,15.19,116,176,118,99,60,0,122,146,155,57,44
LOLTMNT06_144390,EM,15.19,103,129,176,125,52,1,122,62,49,90,56
LOLTMNT06_144391,EM,15.19,14,22,65,0,141,0,176,118,169,49,173
LOLTMNT06_143459,EM,15.19,54,0,147,4,155,1,57,131,115,188,27
LOLTMNT06_143460,EM,15.19,82,173,36,150,0,0,178,15,187,43,78
LOLTMNT06_143461,EM,15.19,111,116,27,15,112,1,40,178,62,4,75
LOLTMNT06_144393,EM,15.19,129,9,86,60,114,1,44,85,101,100,24
LOLTMNT03_304954,LTA N,15.19,111,125,114,85,20,1,5,54,13,62,4
LOLTMNT03_305596,LTA N,15.19,128,27,122,80,1,1,14,169,112,58,82
LOLTMNT03_305606,LTA N,15.19,178,60,171,59,86,1,56,140,107,118,24
LOLTMNT03_304993,Asia Master,15.19,128,150,169,176,114,1,156,129,4,62,46
LOLTMNT03_304994,Asia Master,15.19,111,80,5,10,15,1,8,116,125,183,115
LOLTMNT03_305000,Asia Master,15.19,175,27,118,1,23,0,139,83,122,140,57
LOLTMNT03_306003,Asia Master,15.19,62,139,173,2,23,0,178,57,46,164,103
LOLTMNT03_306004,ASI,15.19,54,111,125,85,20,1,116,104,2,60,183
LOLTMNT03_306014,Asia Master,15.19,128,178,85,118,1,0,54,129,27,4,60
LOLTMNT03_306017,Asia Master,15.19,175,129,27,60,15,1,178,13,4,56,142
LOLTMNT03_305642,ASI,15.19,56,40,80,93,82,0,57,150,169,64,124
LOLTMNT03_306018,Asia Master,15.19,13,139,114,62,100,0,116,150,0,183,82
LOLTMNT03_306021,Asia Master,15.19,116,0,8,95,103,0,80,104,62,46,99
LOLTMNT03_305651,Asia Master,15.19,178,24,114,182,27,1,116,129,15,57,58
LOLTMNT03_305652,ASI,15.19,13,54,60,85,118,0,27,4,43,114,171
LOLTMNT03_306025,Asia Master,15.19,54,129,98,95,15,0,139,150,178,27,115
LOLTMNT03_305659,ASI,15.19,128,183,20,80,78,0,62,5,122,156,84
LOLTMNT03_305660,Asia Master,15.19,14,169,125,36,82,1,54,150,60,104,85
LOLTMNT03_305662,Asia Master,15.19,14,57,188,80,4,1,85,20,112,133,116
LOLTMNT03_306031,Asia Master,15.19,13,139,4,80,183,0,56,10,156,93,118
LOLTMNT03_306037,ASI,15.19,169,183,40,60,65,0,54,111,62,103,0
LOLTMNT03_305673,ASI,15.19,78,125,175,187,18,1,5,80,89,140,34
LOLTMNT06_143465,EM,15.19,54,14,62,114,122,1,178,36,78,5,20
LOLTMNT06_144402,EM,15.19,54,139,183,118,190,0,128,120,62,122,40
LOLTMNT06_144401,EM,15.19,14,176,118,60,114,0,111,62,122,178,25
LOLTMNT06_143466,EM,15.19,142,90,49,4,112,0,62,111,54,118,38
LOLTMNT06_144405,EM,15.19,1,27,4,113,43,1,93,178,20,76,110
LOLTMNT06_144407,EM,15.19,147,27,186,125,20,1,175,13,183,4,57
LOLTMNT06_144408,EM,15.19,128,150,116,27,4,1,46,183,186,103,158
LOLTMNT06_144411,EM,15.19,56,22,65,171,99,1,59,42,103,131,177
LOLTMNT06_144415,EM,15.19,54,176,118,139,13,1,62,40,178,5,104
LOLTMNT06_144416,EM,15.19,175,136,150,85,103,0,139,83,49,9,20
LOLTMNT06_143472,EM,15.19,175,60,150,155,82,1,13,62,186,52,4
LOLTMNT06_144420,EM,15.19,111,114,57,82,183,0,54,40,128,59,4
LOLTMNT06_143474,EM,15.19,183,54,129,2,15,0,128,59,147,116,103
LOLTMNT06_143475,EM,15.19,14,182,183,4,113,0,131,181,125,142,20
LOLTMNT06_144424,EM,15.19,175,176,25,24,15,0,118,141,129,43,142
LOLTMNT06_143479,EM,15.19,56,122,1,142,178,0,60,140,146,152,120
LOLTMNT06_143480,EM,15.19,128,175,150,155,4,0,62,60,1,116,82
LOLTMNT06_144426,EM,15.19,111,100,60,59,104,0,169,40,5,155,86
LOLTMNT06_143481,EM,15.19,111,169,118,182,142,1,147,54,58,189,180
LOLTMNT06_144427,EM,15.19,139,129,85,74,118,0,156,183,0,171,103
LOLTMNT06_143482,EM,15.19,44,156,62,103,93,0,183,112,116,18,2
LOLTMNT06_144428,EM,15.19,5,140,147,131,86,1,114,13,169,176,65
LOLTMNT03_305774,Asia Master,15.19,128,156,40,140,4,1,129,169,13,27,118
LOLTMNT03_306153,Asia Master,15.19,175,104,150,5,85,1,178,62,1,82,23
LOLTMNT03_306157,ASI,15.19,129,116,118,27,125,1,4,54,24,62,60
LOLTMNT03_306168,Asia Master,15.19,113,2,103,59,60,0,171,141,114,58,139
LOLTMNT03_306173,ASI,15.19,175,1,56,64,124,0,150,169,139,85,114
LOLTMNT03_305784,Asia Master,15.19,111,169,139,183,122,1,78,178,60,10,82
LOLTMNT03_305786,ASI,15.19,129,104,54,140,125,1,169,13,65,27,0
LOLTMNT03_305788,Asia Master,15.19,54,147,57,58,15,0,175,27,182,40,115
LOLTMNT03_306191,ASI,15.19,5,62,4,66,113,0,139,183,114,191,182
LOLTMNT03_305801,Asia Master,15.19,5,116,150,10,20,1,56,175,1,85,15
LOLTMNT03_306193,ASI,15.19,178,124,163,2,44,1,173,58,56,15,158
LOLTMNT03_306195,Asia Master,15.19,169,129,4,36,125,0,13,100,114,27,112
LOLTMNT03_305816,ASI,15.19,111,62,104,169,120,1,78,54,5,86,176
LOLTMNT03_305826,ASI,15.19,178,128,118,36,24,0,27,4,80,129,60
LOLTMNT06_144436,EM,15.19,111,169,5,62,4,1,175,139,171,122,155
LOLTMNT06_143495,EM,15.19,14,56,176,131,4,0,5,169,78,36,15
LOLTMNT06_144437,EM,15.19,175,122,176,40,57,0,62,156,4,147,60
LOLTMNT06_144439,EM,15.19,54,129,57,103,176,1,1,118,100,60,36
LOLTMNT06_144441,EM,15.19,183,100,129,125,122,1,156,140,171,0,20
LOLTMNT03_306233,LTA S,15.19,111,107,62,125,122,1,27,8,104,170,112
LOLTMNT06_144443,EM,15.19,178,140,20,99,128,1,49,82,59,30,0
LOLTMNT06_144442,EM,15.19,59,139,86,1,100,1,9,90,18,43,49
LOLTMNT03_305861,LTA S,15.19,128,113,150,176,103,0,5,169,1,140,20
LOLTMNT06_144444,EM,15.19,111,107,128,114,155,1,178,147,60,82,32
LOLTMNT06_144449,EM,15.19,175,59,1,139,118,1,183,178,78,15,43
LOLTMNT06_144448,EM,15.19,175,40,25,183,86,1,111,54,0,59,122
LOLTMNT03_306244,LTA S,15.19,46,13,178,58,15,0,129,80,57,4,85
LOLTMNT06_144450,EM,15.19,54,140,4,40,5,1,27,120,147,122,182
LOLTMNT06_144451,EM,15.19,129,176,118,114,44,1,13,62,4,100,60
LOLTMNT03_306267,LTA N,15.19,171,178,60,187,118,1,5,54,2,27,4
LOLTMNT03_306271,LTA N,15.19,128,156,140,49,104,0,13,169,14,10,133
LOLTMNT03_305882,LTA N,15.19,131,122,0,36,93,0,139,62,114,18,129
LOLTMNT03_305912,Asia Master,15.19,139,62,104,178,24,1,54,0,129,27,15
LOLTMNT03_305916,Asia Master,15.19,125,176,118,146,150,0,183,169,114,112,78
LOLTMNT03_305917,ASI,15.19,54,183,20,49,161,0,111,116,118,58,125
LOLTMNT03_306294,Asia Master,15.19,54,150,139,62,122,1,129,27,175,60,114
LOLTMNT03_305919,ASI,15.19,128,62,18,40,74,0,129,80,112,82,95
LOLTMNT03_306301,Asia Master,15.19,40,169,5,183,82,1,57,191,125,36,20
LOLTMNT03_305928,ASI,15.19,128,129,54,22,20,0,111,175,5,85,122
LOLTMNT03_306309,Asia Master,15.19,13,46,178,9,154,1,171,141,182,103,188
LOLTMNT03_306310,ASI,15.19,27,80,65,190,56,1,104,62,137,182,40
LOLTMNT03_306313,Asia Master,15.19,54,129,4,58,13,1,128,169,150,85,20
LOLTMNT03_306314,ASI,15.19,14,178,27,120,4,1,116,129,5,58,15
LOLTMNT03_306318,Asia Master,15.19,178,78,182,122,142,1,139,104,62,40,56
LOLTMNT03_305936,ASI,15.19,54,2,125,9,124,0,111,175,139,62,82
LOLTMNT03_305940,Asia Master,15.19,5,27,118,83,180,0,155,82,52,0,93
LOLTMNT03_306344,LTA N,15.19,54,40,122,62,60,0,13,169,27,118,164
LOLTMNT03_306345,LTA N,15.19,111,114,103,125,187,0,80,4,140,78,44
LOLTMNT03_306351,LTA N,15.19,175,8,36,82,88,1,56,178,58,15,146
LOLTMNT03_305999,Asia Master,15.19,150,178,27,60,15,1,54,129,104,183,182
LOLTMNT03_307009,Asia Master,15.19,175,112,4,1,187,1,128,13,118,62,116
LOLTMNT03_307010,ASI,15.19,27,54,4,5,40,1,104,128,169,183,125
LOLTMNT03_307012,Asia Master,15.19,139,140,122,49,80,0,0,156,24,64,115
LOLTMNT03_306372,ASI,15.19,111,107,62,139,152,1,129,80,176,20,0
LOLTMNT03_307020,Asia Master,15.19,5,40,107,36,20,0,78,169,56,85,152
LOLTMNT03_306373,ASI,15.19,14,131,56,22,34,0,150,156,59,43,118
LOLTMNT03_306379,Asia Master,15.19,128,156,129,176,118,1,112,116,150,85,122
LOLTMNT03_306382,ASI,15.19,175,85,20,40,23,0,128,156,78,183,86
LOLTMNT03_307026,Asia Master,15.19,13,54,15,36,146,1,104,175,62,1,182
LOLTMNT03_307029,ASI,15.19,139,80,129,64,124,0,178,56,89,103,188
LOLTMNT03_306389,Asia Master,15.19,57,83,5,64,124,1,60,183,82,170,147
LOLTMNT03_306395,Asia Master,15.19,178,93,0,163,44,0,56,139,171,4,140
LOLTMNT03_306397,ASI,15.19,129,178,40,62,82,0,128,175,89,27,103
LOLTMNT03_307035,ASI,15.19,169,104,150,183,44,0,56,85,54,15,67
LOLTMNT03_307055,LTA N,15.19,175,62,40,4,43,1,111,104,54,183,146
LOLTMNT03_306449,LTA N,15.19,169,140,171,139,103,1,80,78,44,118,176
LOLTMNT03_306451,LTA N,15.19,27,83,122,142,2,0,36,90,125,94,59
LOLTMNT03_306533,LAS,15.19,111,178,128,187,86,1,129,54,27,4,5
LOLTMNT03_307103,LAS,15.19,54,60,13,95,122,0,128,178,129,27,20
LOLTMNT03_307104,LAS,15.19,111,5,107,36,4,0,128,169,2,62,118
LOLTMNT03_307117,LAS,15.19,14,140,113,60,124,0,1,169,62,118,0
LOLTMNT03_306536,LAS,15.19,54,85,20,30,49,1,74,56,40,82,183
LOLTMNT03_307119,LAS,15.19,111,118,85,23,146,0,40,4,5,62,116
LOLTMNT03_306538,Asia Master,15.19,139,178,150,37,27,0,104,60,62,84,116
LOLTMNT03_307132,LAS,15.19,129,156,60,163,122,1,139,27,80,89,103
LOLTMNT03_307134,LAS,15.19,129,169,60,85,82,0,128,116,8,4,62
LOLTMNT03_306542,Asia Master,15.19,14,54,4,0,95,0,125,111,146,36,20
LOLTMNT03_307139,Asia Master,15.19,128,175,1,64,124,0,5,169,122,181,188
LOLTMNT03_307140,LAS,15.19,129,128,178,62,122,0,5,27,156,89,82
LOLTMNT03_306543,LAS,15.19,1,125,36,118,80,0,0,146,183,122,141
LOLTMNT03_307141,LAS,15.19,178,40,125,9,118,1,111,186,60,62,103
LOLTMNT03_306550,Asia Master,15.19,56,183,86,180,29,1,156,118,142,182,8
LOLTMNT03_307148,LAS,15.19,5,129,139,36,15,0,169,150,27,0,115
LOLTMNT03_307149,LAS,15.19,169,46,150,36,103,1,54,139,2,4,183
LOLTMNT03_307152,ASI,15.19,111,178,125,64,124,1,62,54,129,60,65
LOLTMNT03_307154,Asia Master,15.19,150,178,139,4,62,1,116,13,60,104,176
LOLTMNT03_306552,LAS,15.19,78,100,118,58,56,1,80,84,86,140,71
LOLTMNT03_307158,ASI,15.19,175,176,118,78,112,0,128,169,150,4,187
LOLTMNT03_307165,Asia Master,15.19,78,175,125,187,118,0,129,80,112,140,103
LOLTMNT03_307174,ASI,15.19,175,27,112,40,34,0,128,104,183,8,54
LOLTMNT03_306562,Asia Master,15.19,128,64,124,84,186,1,5,169,1,32,10
LOLTMNT03_306565,ASI,15.19,150,142,4,172,116,0,139,156,1,187,86
LOLTMNT04_135172,EM,15.2,139,155,113,150,86,0,60,183,156,118,1
LOLTMNT04_135173,EM,15.2,111,176,118,100,56,1,107,129,62,86,150
LOLTMNT04_135174,EM,15.2,128,176,118,131,181,0,60,178,150,58,4
LOLTMNT04_136189,EM,15.2,175,49,139,114,142,0,54,13,0,122,140
LOLTMNT04_135178,EM,15.2,128,100,62,114,7,1,5,178,129,122,27
LOLTMNT04_136192,EM,15.2,175,40,4,27,0,1,122,169,142,59,49
LOLTMNT04_135179,EM,15.2,129,139,107,9,122,0,169,49,0,140,20
LOLTMNT04_135180,EM,15.2,1,107,176,25,82,1,169,8,62,182,20
LOLTMNT04_135183,EM,15.2,103,183,14,178,57,1,116,4,5,59,188
LOLTMNT04_136195,EM,15.2,54,59,103,171,23,1,175,36,82,0,158
LOLTMNT04_136197,EM,15.2,111,175,62,115,182,1,156,5,171,104,163
LOLTMNT04_136198,EM,15.2,116,9,154,182,158,1,78,114,103,183,36
LOLTMNT04_135184,EM,15.2,183,114,141,1,25,0,113,103,27,112,24
LOLTMNT04_136199,EM,15.2,56,80,40,20,10,1,116,9,30,13,15
LOLTMNT04_135185,EM,15.2,46,107,2,140,104,0,14,22,4,44,186
LOLTMNT03_307315,LAS,15.19,111,156,128,58,114,1,129,178,27,4,139
LOLTMNT03_307316,LAS,15.19,54,24,85,56,118,1,129,169,22,5,103
LOLTMNT03_306644,LAS,15.19,128,178,129,36,4,1,54,5,150,183,103
LOLTMNT03_306648,LAS,15.19,13,169,118,95,71,0,116,60,62,82,8
LOLTMNT03_307327,LAS,15.19,111,116,0,20,140,1,128,156,139,82,62
LOLTMNT03_306649,LAS,15.19,125,14,141,140,122,1,139,27,78,170,82
LOLTMNT03_307337,LAS,15.19,60,163,4,99,171,0,182,27,114,186,2
LOLTMNT03_306654,LAS,15.19,169,59,86,172,1,1,176,118,56,100,181
LOLTMNT03_307359,LAS,15.19,14,178,60,163,124,0,128,2,56,4,27
LOLTMNT03_307360,LAS,15.19,178,125,150,20,36,1,5,129,27,82,105
LOLTMNT03_306695,LAS,15.19,128,116,129,62,122,1,104,54,13,27,0
LOLTMNT03_306697,LAS,15.19,129,178,125,176,118,0,5,150,116,27,4
LOLTMNT03_307372,LAS,15.19,54,125,129,183,86,0,5,116,89,122,62
LOLTMNT03_307373,LAS,15.19,104,60,10,141,1,0,128,80,78,163,15
LOLTMNT03_307377,LAS,15.19,178,60,118,142,78,0,131,56,150,86,59
LOLTMNT03_306706,LAS,15.19,128,170,8,36,82,0,13,85,80,60,94
LOLTMNT03_307383,Asia Master,15.19,111,175,60,62,122,1,139,54,129,27,82
LOLTMNT03_307389,Asia Master,15.19,178,1,125,20,183,1,150,80,4,57,188
LOLTMNT03_307404,Asia Master,15.19,128,90,181,95,114,1,5,169,146,85,152
LOLTMNT03_307433,ASI,15.19,175,85,20,89,120,1,129,54,5,183,118
LOLTMNT03_307438,ASI,15.19,139,169,62,1,122,1,104,56,178,22,84
LOLTMNT03_306737,ASI,15.19,128,100,158,95,82,1,78,80,60,36,15
LOLTMNT03_306745,ASI,15.19,156,4,190,140,44,0,116,8,57,103,187
LOLTMNT03_306747,ASI,15.19,27,46,115,29,180,0,182,146,18,58,2
LOLTMNT04_135318,EM,15.2,54,139,129,85,20,0,183,186,46,1,4
LOLTMNT04_136291,EM,15.2,139,175,2,103,142,0,183,147,25,80,4
LOLTMNT04_135319,EM,15.2,116,112,13,22,103,0,128,54,40,62,82
LOLTMNT04_136292,EM,15.2,111,100,60,187,86,0,176,118,175,40,5
LOLTMNT04_135320,EM,15.2,175,142,4,129,5,1,178,139,146,155,152
LOLTMNT04_135321,EM,15.2,122,116,142,25,1,1,62,44,114,13,0
LOLTMNT04_136294,EM,15.2,178,5,118,93,176,0,60,90,181,114,188
LOLTMNT04_136295,EM,15.2,129,176,178,182,18,0,111,169,59,44,122
LOLTMNT04_135322,EM,15.2,150,156,122,38,140,1,46,113,1,15,132
LOLTMNT04_135323,EM,15.2,139,183,141,93,115,0,128,178,49,15,140
LOLTMNT04_135324,EM,15.2,118,140,186,56,13,1,131,188,5,6,85
LOLTMNT04_136296,EM,15.2,111,100,62,103,56,0,113,147,155,82,30
LOLTMNT04_135326,EM,15.2,60,169,118,95,177,0,57,49,114,59,100
LOLTMNT04_136297,EM,15.2,122,10,13,0,156,0,140,169,104,2,51
LOLTMNT04_135327,EM,15.2,54,14,112,82,27,0,36,169,2,103,56
LOLTMNT04_135328,EM,15.2,90,125,4,190,95,0,57,146,58,18,30
LOLTMNT03_307497,LTA N,15.19,14,178,60,176,118,1,5,27,90,62,4
LOLTMNT03_307498,LTA N,15.19,169,13,187,103,1,1,128,54,129,85,20
LOLTMNT03_307499,LTA N,15.19,175,122,183,0,49,1,140,131,125,82,24
LOLTMNT03_306785,LTA N,15.19,188,141,56,59,86,1,36,113,43,105,76
LOLTMNT03_306803,Asia Master,15.19,128,150,56,85,20,1,27,178,1,112,104
LOLTMNT03_307503,Asia Master,15.19,5,54,15,147,36,0,129,60,116,4,62
LOLTMNT03_306805,Asia Master,15.19,78,80,122,187,182,0,169,118,168,140,137
LOLTMNT01_296586,WLDs,15.2,129,27,104,116,120,0,150,156,5,140,4
LOLTMNT01_297545,WLDs,15.2,111,175,139,22,65,1,54,118,60,2,95
LOLTMNT01_296589,WLDs,15.2,183,178,40,124,8,1,169,128,142,82,49
LOLTMNT01_297554,WLDs,15.2,113,188,103,146,163,0,107,10,112,86,78
LOLTMNT01_297691,WLDs,15.2,13,169,62,122,125,1,54,118,129,183,60
LOLTMNT01_296718,WLDs,15.2,129,178,139,22,104,1,150,169,36,60,103
LOLTMNT01_297721,WLDs,15.2,111,178,128,22,20,1,183,54,40,60,86
LOLTMNT01_297733,WLDs,15.2,54,22,34,120,150,0,13,178,139,188,122
LOLTMNT01_296748,WLDs,15.2,54,62,104,98,129,0,175,15,176,60,150
LOLTMNT01_296764,WLDs,15.2,54,62,129,4,60,0,183,104,24,113,120
LOLTMNT01_297767,WLDs,15.2,139,176,118,14,178,0,183,111,156,0,65
LOLTMNT01_296795,WLDs,15.2,175,5,40,85,20,1,128,169,145,122,140
LOLTMNT01_296903,WLDs,15.2,111,54,62,139,103,0,183,175,4,171,98
LOLTMNT01_296921,WLDs,15.2,111,104,22,112,156,1,128,54,15,36,40
LOLTMNT01_296936,WLDs,15.2,175,150,22,4,56,0,183,178,78,60,15
LOLTMNT01_297965,WLDs,15.2,183,129,139,82,116,1,62,169,5,150,118
LOLTMNT01_296949,WLDs,15.2,129,116,139,32,4,1,22,169,104,120,24
LOLTMNT01_297998,WLDs,15.2,129,178,62,60,4,0,114,150,116,27,120
LOLTMNT01_296976,WLDs,15.2,111,176,118,125,100,1,13,169,22,99,114
LOLTMNT01_296993,WLDs,15.2,5,169,13,36,15,1,100,182,150,22,65
LOLTMNT04_136419,EM,15.2,129,178,60,27,103,0,62,54,5,49,4
LOLTMNT04_136418,EM,15.2,128,169,147,4,59,1,14,175,60,140,118
LOLTMNT04_136423,EM,15.2,116,1,36,56,118,0,150,113,122,176,120
LOLTMNT04_135441,EM,15.2,111,178,122,58,0,0,40,100,62,6,56
LOLTMNT04_135455,EM,15.2,175,142,13,15,43,0,183,156,104,182,2
LOLTMNT01_298093,EM,15.2,113,7,36,136,15,0,150,156,103,95,13
LOLTMNT01_298096,EM,15.2,5,129,80,155,86,1,131,181,125,176,115
LOLTMNT01_298178,WLDs,15.2,175,128,13,27,103,1,104,54,62,8,5
LOLTMNT01_298180,WLDs,15.2,129,176,118,60,186,0,4,156,24,36,125
LOLTMNT01_299149,WLDs,15.2,175,27,13,139,101,1,104,183,129,90,75
LOLTMNT01_299154,WLDs,15.2,111,178,82,188,5,1,128,113,2,20,85
LOLTMNT01_299160,WLDs,15.2,150,125,169,95,103,0,4,156,78,58,120
LOLTMNT04_136457,EM,15.2,116,139,129,142,82,0,183,178,24,4,46
LOLTMNT04_135479,EM,15.2,129,15,27,75,100,1,183,169,5,115,150
LOLTMNT04_135480,EM,15.2,54,128,27,150,104,1,62,169,60,13,65
LOLTMNT04_136458,EM,15.2,175,147,60,58,4,0,57,90,43,188,103
LOLTMNT04_136459,EM,15.2,122,146,13,36,182,0,20,116,40,155,25
LOLTMNT04_135481,EM,15.2,111,156,140,115,112,0,147,113,59,122,0
LOLTMNT04_135483,EM,15.2,118,142,156,44,14,0,176,114,54,65,165
LOLTMNT04_136460,EM,15.2,163,107,1,5,20,1,58,49,103,100,23
LOLTMNT01_298391,LAS,15.2,175,5,129,142,118,0,183,178,150,0,103
LOLTMNT01_298392,LAS,15.2,129,5,54,4,36,0,8,128,175,85,20
LOLTMNT01_299363,LAS,15.2,175,111,139,183,4,1,54,13,120,58,15
LOLTMNT01_298399,LAS,15.2,111,178,62,103,56,1,183,13,156,122,60
LOLTMNT01_299370,LAS,15.2,129,80,36,0,122,0,8,116,62,5,118
LOLTMNT01_299369,LAS,15.2,111,169,140,20,139,0,40,62,107,122,60
LOLTMNT01_298415,LAS,15.2,27,146,0,188,115,1,104,80,125,32,1
LOLTMNT01_299383,LAS,15.2,129,178,60,85,101,0,128,54,24,58,103
LOLTMNT01_298416,LAS,15.2,129,178,27,5,122,0,183,175,13,4,125
LOLTMNT01_298418,LAS,15.2,146,181,125,36,20,1,5,129,80,85,101
LOLTMNT01_299388,LAS,15.2,169,183,8,120,4,1,27,99,5,139,82
LOLTMNT01_299391,LAS,15.2,14,113,112,10,103,0,128,169,150,187,82
LOLTMNT01_298440,WLDs,15.2,175,139,4,14,27,1,13,62,116,98,118
LOLTMNT01_298441,LAS,15.2,175,27,150,118,60,1,111,178,0,4,62
LOLTMNT01_298442,LAS,15.2,111,22,15,90,57,0,150,62,118,146,112
LOLTMNT01_299401,WLDs,15.2,111,178,139,27,114,1,13,175,5,62,4
LOLTMNT01_298457,LAS,15.2,56,142,131,134,15,1,54,40,58,114,172
LOLTMNT01_298463,WLDs,15.2,129,116,60,36,82,0,163,178,114,7,20
LOLTMNT01_298478,WLDs,15.2,14,178,139,85,20,1,113,150,60,4,132
LOLTMNT01_298616,LAS,15.2,111,54,5,85,20,1,128,129,178,27,4
LOLTMNT01_299599,LAS,15.2,78,80,27,0,115,1,54,104,58,5,13
LOLTMNT01_298617,LAS,15.2,178,125,150,20,85,1,5,129,54,122,140
LOLTMNT01_299601,LAS,15.2,175,150,46,140,82,1,139,13,169,62,122
LOLTMNT01_298618,LAS,15.2,111,60,178,176,118,1,1,128,122,56,22
LOLTMNT01_299602,LAS,15.2,128,14,27,82,170,0,13,169,62,4,139
LOLTMNT01_299614,LAS,15.2,183,104,100,60,89,0,78,142,103,105,112
LOLTMNT01_299619,LAS,15.2,129,125,4,36,146,1,150,169,103,183,43
LOLTMNT01_299624,LAS,15.2,169,150,5,27,4,1,183,129,125,105,103
LOLTMNT01_298639,LAS,15.2,116,129,128,183,82,1,100,85,24,5,103
LOLTMNT01_299643,LAS,15.2,27,103,5,129,74,0,104,175,62,139,150
LOLTMNT01_298640,WLDs,15.2,129,116,139,187,118,1,113,24,5,176,4
LOLTMNT01_298642,LAS,15.2,111,36,178,118,139,1,40,85,80,20,46
LOLTMNT01_298646,LAS,15.2,128,169,181,85,20,1,112,183,178,2,124
LOLTMNT01_299649,LAS,15.2,178,2,27,118,0,0,156,150,60,62,4
LOLTMNT01_299650,WLDs,15.2,128,114,62,54,171,1,175,60,140,15,67
LOLTMNT01_299653,LAS,15.2,13,100,62,82,112,1,8,54,60,58,122
LOLTMNT01_298653,WLDs,15.2,150,178,20,164,112,1,14,36,156,122,56
LOLTMNT01_299656,LAS,15.2,111,54,56,86,9,0,60,13,114,141,142
LOLTMNT01_299677,WLDs,15.2,175,5,129,118,27,0,139,178,150,4,140
LOLTMNT01_299686,WLDs,15.2,13,128,163,82,54,1,8,113,112,122,36
LOLTMNT01_299703,WLDs,15.2,183,107,2,114,15,1,111,100,60,20,176
LOLTMNT04_136668,EM,15.2,129,183,15,169,100,0,54,27,103,49,60
LOLTMNT04_136673,EM,15.2,175,40,176,114,20,0,62,113,150,0,4
LOLTMNT04_135686,EM,15.2,14,186,122,58,120,1,116,1,75,124,140
LOLTMNT04_135707,EM,15.2,116,150,4,155,0,1,80,129,139,62,103
LOLTMNT04_135714,EM,15.2,111,100,5,85,101,0,54,140,125,78,65
LOLTMNT04_135720,EM,15.2,169,1,59,122,136,0,176,118,186,60,24
LOLTMNT01_301255,WLDs,15.2,111,178,60,36,101,0,183,14,54,128,118
LOLTMNT01_301259,WLDs,15.2,129,156,125,188,82,0,150,169,120,22,4
LOLTMNT01_301279,WLDs,15.2,175,4,150,60,27,1,15,90,22,171,120
LOLTMNT01_301282,WLDs,15.2,178,128,8,85,144,0,156,13,40,118,176
LOLTMNT01_301286,WLDs,15.2,14,125,131,103,58,0,111,163,30,122,56
LOLTMNT01_301407,WLDs,15.2,111,156,5,20,27,0,139,183,4,54,40
LOLTMNT01_301409,WLDs,15.2,129,178,104,22,125,0,24,116,118,36,112
LOLTMNT01_301411,WLDs,15.2,13,169,62,57,82,0,122,60,176,100,1
LOLTMNT01_301421,WLDs,15.2,169,120,150,85,20,1,139,13,178,27,104
LOLTMNT01_300439,WLDs,15.2,183,14,113,128,82,0,54,62,181,118,112
LOLTMNT01_300568,WLDs,15.2,104,156,188,62,56,1,14,65,116,5,163
LOLTMNT01_301547,WLDs,15.2,175,60,150,140,15,0,128,178,114,27,78
LOLTMNT01_300584,WLDs,15.2,175,146,5,4,163,0,150,178,125,27,82
LOLTMNT01_300598,WLDs,15.2,128,113,2,62,122,0,111,54,40,104,176
LOLTMNT01_300729,LAS,15.2,175,46,129,142,103,1,139,183,4,14,100
LOLTMNT01_301739,LAS,15.2,129,113,60,36,15,0,104,169,120,150,183
LOLTMNT01_300730,WLDs,15.2,14,178,128,82,27,1,150,169,4,60,58
LOLTMNT01_300733,LAS,15.2,150,125,178,27,118,0,5,169,1,85,101
LOLTMNT01_301741,LAS,15.2,5,80,78,62,4,1,54,27,139,89,118
LOLTMNT01_300740,WLDs,15.2,139,116,8,85,101,0,129,156,120,104,32
LOLTMNT01_301746,LAS,15.2,178,125,129,62,114,0,5,150,169,27,15
LOLTMNT01_300741,LAS,15.2,113,129,5,36,186,1,150,183,175,4,139
LOLTMNT01_301748,LAS,15.2,116,2,122,58,44,1,111,178,82,163,0
LOLTMNT01_301756,LAS,15.2,14,141,120,176,118,1,139,183,181,83,86
LOLTMNT01_301757,LAS,15.2,13,169,112,59,20,0,128,54,168,62,15
LOLTMNT01_301758,WLDs,15.2,111,54,128,85,20,0,183,104,178,112,188
LOLTMNT01_300758,LAS,15.2,139,178,183,20,14,1,54,129,27,103,46
LOLTMNT01_301764,LAS,15.2,13,0,100,140,82,0,40,128,74,36,20
LOLTMNT01_300765,WLDs,15.2,125,169,13,140,4,0,156,14,60,163,114
LOLTMNT01_300767,LAS,15.2,128,156,118,140,78,0,169,5,62,122,84
LOLTMNT01_300771,WLDs,15.2,116,27,82,98,142,1,175,118,176,40,56
LOLTMNT01_300794,WLDs,15.2,111,178,27,118,98,0,60,14,163,4,116
LOLTMNT01_301778,WLDs,15.2,175,129,120,140,82,1,156,5,24,20,164
LOLTMNT01_300922,LAS,15.2,175,60,150,62,122,1,139,183,129,169,4
LOLTMNT01_301844,LAS,15.2,128,178,129,85,20,0,175,183,13,139,104
LOLTMNT01_300932,LAS,15.2,111,100,27,112,103,0,147,80,5,176,20
LOLTMNT01_300931,LAS,15.2,27,146,5,82,40,1,150,80,125,122,58
LOLTMNT01_301853,LAS,15.2,111,118,107,60,9,1,116,4,36,1,0
LOLTMNT01_300949,LAS,15.2,54,129,27,46,4,1,139,183,14,178,20
LOLTMNT01_300959,LAS,15.2,150,113,5,10,122,0,128,186,156,140,114
LOLTMNT01_300960,LAS,15.2,111,178,139,114,85,1,80,129,5,62,4
LOLTMNT01_300966,LAS,15.2,183,54,40,23,82,1,13,128,156,142,122
LOLTMNT01_300975,LAS,15.2,150,181,60,20,140,1,113,1,56,163,15
LOLTMNT01_303065,WLDs,15.2,175,129,104,36,0,1,150,131,120,27,113
LOLTMNT01_303066,WLDs,15.2,14,178,114,188,5,0,111,54,103,163,46
LOLTMNT01_303068,WLDs,15.2,128,156,118,140,181,1,139,141,171,15,62
LOLTMNT01_302140,WLDs,15.2,183,60,4,105,49,1,13,107,142,82,23
LOLTMNT01_303118,WLDs,15.2,175,128,150,36,20,1,13,178,112,27,101
LOLTMNT01_303120,WLDs,15.2,14,156,60,62,118,0,111,54,125,140,103
LOLTMNT01_302189,WLDs,15.2,139,4,188,190,170,1,120,22,15,141,49
LOLTMNT01_302227,WLDs,15.2,175,2,163,20,5,1,111,27,178,60,122
LOLTMNT01_303163,WLDs,15.2,116,128,4,140,181,0,129,30,40,15,85
LOLTMNT01_303164,WLDs,15.2,156,36,65,49,0,1,22,52,154,125,146
LOLTMNT01_303171,WLDs,15.2,32,104,114,147,112,0,176,118,100,171,43
LOLTMNT01_303213,WLDs,15.2,116,120,129,20,36,0,139,150,113,163,118
LOLTMNT01_302251,WLDs,15.2,114,175,140,40,5,1,103,178,128,32,7
LOLTMNT01_303214,WLDs,15.2,60,188,169,18,146,0,15,54,13,58,181
LOLTMNT01_303216,WLDs,15.2,104,62,107,171,112,1,141,27,82,78,98
LOLTMNT01_303219,WLDs,15.2,59,131,86,147,0,0,125,30,93,10,133
LOLTMNT02_322464,LAS,15.21,116,129,120,36,82,0,139,150,169,118,62
LOLTMNT02_321470,LAS,15.21,14,141,128,22,20,1,183,54,60,114,78
LOLTMNT02_321471,LAS,15.21,129,183,20,54,128,1,150,178,142,118,5
LOLTMNT02_321474,LAS,15.21,111,178,46,163,103,1,128,175,14,4,10
LOLTMNT02_322467,LAS,15.21,175,46,27,82,186,1,139,178,150,103,62
LOLTMNT02_321475,LAS,15.21,111,80,176,0,4,1,116,62,122,40,46
LOLTMNT02_322474,LAS,15.21,183,125,86,74,40,0,54,27,65,30,49
LOLTMNT02_321480,LAS,15.21,13,131,56,95,103,1,78,163,139,156,82
LOLTMNT02_322475,LAS,15.21,169,5,176,129,122,1,56,131,36,118,146
LOLTMNT01_303255,WLDs,15.2,150,169,27,118,139,0,128,104,181,54,22
LOLTMNT02_321486,LAS,15.21,129,175,120,36,103,1,139,116,150,163,122
LOLTMNT02_321487,LAS,15.21,14,178,128,58,15,1,150,175,60,163,18
LOLTMNT02_322485,LAS,15.21,175,120,150,82,27,1,139,178,14,4,85
LOLTMNT02_322487,LAS,15.21,178,14,4,140,60,0,105,27,181,113,43
LOLTMNT01_303257,WLDs,15.2,178,5,40,36,103,1,116,129,4,120,163
LOLTMNT02_322488,LAS,15.21,183,54,82,24,125,0,129,62,104,45,0
LOLTMNT02_321489,LAS,15.21,128,56,40,122,187,0,46,54,49,36,20
LOLTMNT01_303258,WLDs,15.2,14,114,60,10,86,1,113,111,140,0,82
LOLTMNT01_302318,WLDs,15.2,141,85,20,182,7,0,30,64,124,24,112
LOLTMNT02_322626,LAS,15.21,14,156,139,163,65,1,175,104,62,150,120
LOLTMNT02_321630,LAS,15.21,175,129,139,86,10,1,183,116,5,114,1
LOLTMNT02_322627,LAS,15.21,14,142,60,4,45,0,128,183,2,178,118
LOLTMNT02_322628,LAS,15.21,111,54,60,85,20,0,178,129,27,43,122
LOLTMNT02_322629,LAS,15.21,5,85,20,150,169,1,27,54,129,122,46
LOLTMNT02_322630,LAS,15.21,104,54,62,14,0,1,150,178,22,87,60
LOLTMNT02_322632,LAS,15.21,22,103,0,185,171,0,163,139,82,105,181
LOLTMNT02_321632,LAS,15.21,40,125,170,9,20,1,27,146,112,163,118
LOLTMNT01_303337,WLDs,15.2,111,178,163,98,118,1,175,2,140,60,65
LOLTMNT01_303341,WLDs,15.2,129,27,5,156,101,0,104,40,23,54,62
LOLTMNT01_303342,WLDs,15.2,116,112,13,32,103,0,139,113,93,10,124
LOLTMNT04_135952,EM,15.2,27,54,49,139,20,1,129,116,62,4,0
LOLTMNT04_135954,EM,15.2,183,169,150,103,43,1,59,14,114,60,82
LOLTMNT04_135955,EM,15.2,113,58,15,171,112,1,156,140,118,125,2
LOLTMNT02_322881,IC,15.21,111,178,139,62,104,1,183,54,46,147,103
LOLTMNT02_321864,IC,15.21,129,125,100,85,15,1,14,5,122,191,163
LOLTMNT02_321882,IC,15.21,111,74,60,62,4,1,54,40,120,140,86
LOLTMNT02_322894,IC,15.21,183,150,113,118,112,1,27,178,7,82,44
LOLTMNT02_322900,IC,15.21,171,122,170,59,30,1,15,49,100,125,9
LOLTMNT02_323056,IC,15.21,111,54,5,10,82,1,1,178,125,22,15
LOLTMNT02_323059,IC,15.21,139,114,14,36,143,0,0,175,150,118,164
LOLTMNT02_323070,IC,15.21,183,74,40,122,128,1,111,54,56,9,4
LOLTMNT02_323081,IC,15.21,175,0,129,62,104,1,5,141,49,10,94
LOLTMNT02_323286,LAS,15.21,150,178,46,27,103,1,128,169,2,104,58
LOLTMNT02_323292,LAS,15.21,139,141,85,14,118,0,54,5,4,32,171
LOLTMNT02_323301,LAS,15.21,60,131,82,49,38,0,120,113,122,140,129
LOLTMNT02_324238,LAS,15.21,14,175,5,62,103,1,128,156,150,183,82
LOLTMNT02_324267,LAS,15.21,178,24,27,51,118,1,129,0,54,36,15
LOLTMNT02_324287,LAS,15.21,111,45,139,86,187,1,147,113,60,59,154
LOLTMNT02_324299,LAS,15.21,57,90,4,58,49,0,13,56,146,10,133
LOLTMNT02_323521,LAS,15.21,128,178,150,85,20,1,175,183,13,151,118
LOLTMNT02_323526,LAS,15.21,116,111,139,103,62,0,5,146,40,82,10
LOLTMNT02_323543,LAS,15.21,54,36,147,172,90,1,27,129,122,107,60
LOLTMNT01_307101,WLDs,15.2,175,128,129,10,20,0,150,163,178,114,5
LOLTMNT02_323552,LAS,15.21,14,156,163,65,112,1,4,113,171,58,56
LOLTMNT01_307103,WLDs,15.2,104,169,120,36,93,1,139,54,140,86,146
LOLTMNT02_323559,LAS,15.21,150,178,125,27,104,1,5,169,129,62,118
LOLTMNT01_306141,WLDs,15.2,183,118,125,171,170,0,4,30,27,60,147
LOLTMNT02_323565,LAS,15.21,111,112,156,163,103,0,128,14,141,36,20
LOLTMNT02_323567,LAS,15.21,183,45,78,86,60,0,13,113,139,59,18
LOLTMNT01_307104,WLDs,15.2,64,107,124,7,44,1,156,22,24,148,98
LOLTMNT01_307105,WLDs,15.2,188,182,103,131,142,0,113,40,23,95,82
LOLTMNT03_311507,IC,15.22,5,176,118,13,100,0,125,111,107,27,103
LOLTMNT03_311515,IC,15.22,139,178,49,164,122,0,60,104,116,140,129
LOLTMNT03_311521,IC,15.22,175,5,147,140,104,1,128,14,178,27,65
LOLTMNT03_311528,IC,15.22,183,150,139,113,124,0,129,62,122,75,107
LOLTMNT03_313062,IC,15.22,111,46,118,178,176,1,139,104,2,175,140
LOLTMNT03_313094,IC,15.22,183,114,147,4,113,1,60,27,78,141,101
LOLTMNT03_313122,IC,15.22,175,188,4,60,14,1,27,169,111,103,5
LOLTMNT03_313130,IC,15.22,139,62,147,114,118,0,0,140,78,113,15
LOLTMNT02_325093,LAS,15.21,14,139,156,163,65,1,111,113,5,4,188
LOLTMNT02_325094,LAS,15.21,178,13,104,120,36,0,54,129,60,101,85
LOLTMNT02_326074,LAS,15.21,40,56,74,103,142,0,27,0,30,86,59
LOLTMNT02_325098,LAS,15.21,116,129,139,176,118,1,5,150,54,85,101
LOLTMNT02_325102,LAS,15.21,175,112,13,59,82,0,128,178,183,49,4
LOLTMNT02_325103,LAS,15.21,181,105,36,0,20,0,30,163,147,103,172
LOLTMNT02_326096,LAS,15.21,178,129,5,122,36,1,156,150,139,27,82
LOLTMNT02_326101,LAS,15.21,116,104,62,145,56,1,40,169,60,85,101
LOLTMNT02_325124,LAS,15.21,14,0,141,10,20,1,30,2,46,163,124
LOLTMNT02_326107,LAS,15.21,183,172,107,103,49,1,171,86,9,80,25
LOLTMNT02_325133,LAS,15.21,125,105,181,15,58,0,54,120,1,118,187
LOLTMNT02_325137,LAS,15.21,178,5,183,8,20,1,54,128,27,129,4
LOLTMNT02_325138,LAS,15.21,175,104,120,36,1,0,139,156,163,103,146
LOLTMNT02_326112,LAS,15.21,150,113,46,140,122,0,13,30,56,118,176
LOLTMNT03_320021,IC,15.22,111,30,0,183,118,0,40,178,5,176,114
LOLTMNT03_320029,IC,15.22,14,36,82,90,75,1,150,122,62,169,23
LOLTMNT03_322018,IC,15.22,139,54,2,104,163,1,147,60,141,4,64
LOLTMNT03_323002,IC,15.22,27,107,1,125,34,1,85,116,78,103,43
LOLTMNT03_323053,IC,15.22,104,178,40,142,145,0,129,116,139,4,27
LOLTMNT03_322059,IC,15.22,150,156,62,60,103,1,93,107,176,122,24
LOLTMNT03_322062,IC,15.22,54,5,85,118,2,1,100,155,1,43,82
LOLTMNT03_323124,IC,15.22,129,27,107,60,104,0,147,54,139,62,4
LOLTMNT03_323128,IC,15.22,111,114,103,112,59,1,14,178,82,176,46
LOLTMNT03_323130,IC,15.22,150,156,36,118,0,0,1,169,140,122,23
LOLTMNT03_323132,IC,15.22,128,141,40,155,56,0,13,113,142,18,188
LOLTMNT02_337126,KeSPA,15.23,150,175,13,85,20,0,128,116,188,27,15
LOLTMNT02_337145,KeSPA,15.23,14,178,183,139,15,1,150,175,27,118,120
LOLTMNT02_338071,KeSPA,15.23,128,116,129,36,82,0,0,60,13,10,20
LOLTMNT02_338092,KeSPA,15.23,14,163,112,4,113,1,128,116,150,27,114
LOLTMNT02_338099,KeSPA,15.23,0,128,129,36,118,1,163,175,60,93,133
LOLTMNT02_337177,KeSPA,15.23,128,80,129,36,82,0,60,116,183,89,118
LOLTMNT02_337190,KeSPA,15.23,116,14,163,4,120,1,5,150,139,85,20
LOLTMNT02_338157,KeSPA,15.23,116,183,60,4,24,0,128,150,62,178,118
LOLTMNT02_337219,KeSPA,15.23,116,150,139,27,15,1,113,183,5,147,6
LOLTMNT02_337337,KeSPA,15.23,116,150,139,58,122,1,178,183,46,4,1
LOLTMNT02_338246,KeSPA,15.23,116,163,15,125,129,0,104,183,178,60,150
LOLTMNT02_338256,KeSPA,15.23,128,80,129,85,20,1,183,116,60,13,118
LOLTMNT02_337357,KeSPA,15.23,183,169,171,139,82,0,150,175,27,4,120
LOLTMNT02_337369,KeSPA,15.23,0,125,1,27,122,0,5,150,175,103,187
LOLTMNT02_337377,KeSPA,15.23,111,178,27,118,60,0,128,175,147,58,114
LOLTMNT02_337388,KeSPA,15.23,116,139,129,62,118,0,104,183,178,46,147
LOLTMNT02_337395,KeSPA,15.23,5,62,78,80,84,0,183,104,178,150,57
LOLTMNT02_337403,KeSPA,15.23,0,85,20,139,188,0,114,150,116,36,120
LOLTMNT02_338377,KeSPA,15.23,183,113,139,118,129,1,116,128,93,163,82
LOLTMNT02_338392,KeSPA,15.23,0,27,103,13,5,0,104,183,175,129,57
LOLTMNT02_337468,KeSPA,15.23,111,54,128,27,82,1,183,147,178,112,4
LOLTMNT02_337473,KeSPA,15.23,116,129,60,62,118,0,150,175,120,183,4
LOLTMNT02_337489,KeSPA,15.23,128,0,62,122,181,0,40,178,129,64,124
LOLTMNT02_338424,KeSPA,15.23,128,175,183,24,4,0,129,178,62,104,139
LOLTMNT02_337503,KeSPA,15.23,0,60,188,36,65,0,128,178,181,62,118
LOLTMNT02_338452,KeSPA,15.23,0,147,60,85,20,1,150,178,5,82,9
LOLTMNT02_337548,KeSPA,15.23,116,104,62,129,5,1,183,175,60,86,24
LOLTMNT02_337552,KeSPA,15.23,128,169,150,140,4,1,14,178,27,40,20
LOLTMNT02_338508,KeSPA,15.23,139,36,82,57,147,1,125,93,122,156,58
LOLTMNT02_337559,KeSPA,15.23,178,129,183,114,112,0,128,150,175,27,15
LOLTMNT02_338512,KeSPA,15.23,0,147,125,163,103,1,5,93,60,64,82
LOLTMNT02_338519,KeSPA,15.23,116,104,62,120,40,1,129,178,5,86,183
LOLTMNT02_338521,KeSPA,15.23,93,30,60,85,20,0,139,113,171,64,124
LOLTMNT02_338572,KeSPA,15.23,0,163,129,60,82,0,150,113,5,27,118
LOLTMNT02_337613,KeSPA,15.23,14,178,139,62,4,0,111,54,120,85,20
LOLTMNT02_338576,KeSPA,15.23,116,64,124,40,41,0,80,183,86,56,1
LOLTMNT02_338587,KeSPA,15.23,14,0,128,27,122,1,150,178,5,85,20
LOLTMNT02_338588,KeSPA,15.23,104,113,62,7,120,1,129,175,131,10,133
LOLTMNT02_338589,KeSPA,15.23,57,64,124,2,169,1,139,54,93,65,140
LOLTMNT02_337638,KeSPA,15.23,14,128,163,175,118,1,111,0,5,140,103
LOLTMNT02_338592,KeSPA,15.23,104,93,113,139,27,0,178,129,125,10,86
LOLTMNT02_338624,KeSPA,15.23,111,57,163,4,120,1,0,147,5,58,103
LOLTMNT02_338639,KeSPA,15.23,14,60,54,64,124,0,128,181,118,131,27
LOLTMNT02_338647,KeSPA,15.23,150,114,156,95,172,0,1,139,186,85,101
LOLTMNT02_338648,KeSPA,15.23,116,140,122,56,40,0,13,169,15,187,24
LOLTMNT02_337686,KeSPA,15.23,175,10,86,23,158,1,129,80,115,93,38
LOLTMNT02_338685,KeSPA,15.23,0,163,103,5,78,1,150,57,4,36,120
LOLTMNT02_337729,KeSPA,15.23,183,147,114,113,46,0,111,175,139,85,101
LOLTMNT02_337744,KeSPA,15.23,15,22,178,7,60,1,129,86,156,56,59
LOLTMNT02_338710,KeSPA,15.23,13,176,122,100,24,0,169,118,182,187,2
LOLTMNT02_338712,KeSPA,15.23,188,82,116,125,1,0,54,64,124,40,110
LOLTMNT02_337782,KeSPA,15.23,14,116,5,58,118,0,57,163,111,4,125
LOLTMNT02_338735,KeSPA,15.23,183,175,24,105,86,0,178,129,139,9,18
LOLTMNT02_338736,KeSPA,15.23,150,169,122,27,120,1,10,113,124,1,13
LOLTMNT02_338737,KeSPA,15.23,128,20,36,180,146,0,54,95,103,93,46
LOLTMNT02_338739,KeSPA,15.23,171,187,184,136,107,1,85,101,30,23,67
LOLTMNT03_326992,DCup,15.24,183,0,139,86,1,0,116,129,5,142,103
LOLTMNT03_328619,DCup,15.24,104,178,62,147,60,0,95,175,150,65,161
LOLTMNT03_328645,DCup,15.24,150,95,103,100,139,0,163,1,20,113,5
LOLTMNT03_328772,DCup,15.24,150,9,103,175,56,1,183,158,122,5,178
LOLTMNT03_328796,DCup,15.24,104,139,163,147,178,0,128,5,65,58,78
LOLTMNT03_329166,DCup,15.24,128,116,111,140,4,0,163,60,2,107,118
LOLTMNT03_328894,DCup,15.24,5,139,111,85,20,1,163,113,2,182,118
LOLTMNT03_329235,DCup,15.24,128,103,95,147,110,1,60,150,4,36,88
LOLTMNT03_328935,DCup,15.24,104,139,62,14,107,1,183,178,65,182,78
LOLTMNT03_328953,DCup,15.24,111,95,178,122,125,0,0,163,2,103,56
LOLTMNT03_329297,DCup,15.24,4,80,142,170,129,0,57,183,5,20,40
LOLTMNT03_329433,DCup,15.24,150,120,27,107,122,1,139,116,1,95,103
LOLTMNT03_330187,DCup,15.24,150,140,4,169,60,1,114,163,93,156,139
LOLTMNT03_329667,DCup,15.24,104,5,150,183,139,1,65,175,161,1,142
LOLTMNT03_330395,DCup,15.24,14,114,27,118,107,0,56,178,49,82,140
LOLTMNT03_329768,DCup,15.24,183,5,129,103,60,0,9,175,1,122,120
LOLTMNT03_329850,DCup,15.24,183,14,60,88,122,1,9,175,139,78,4
LOLTMNT03_329857,DCup,15.24,116,112,147,27,114,0,128,178,62,82,129
LOLTMNT03_330600,DCup,15.24,111,163,122,60,88,1,104,2,140,169,161
LOLTMNT03_330639,DCup,15.24,128,175,1,183,103,1,60,150,88,4,140
LOLTMNT03_330645,DCup,15.24,111,95,169,122,98,0,163,147,139,82,54
LOLTMNT03_330651,DCup,15.24,128,147,113,183,124,0,5,150,40,122,95
LOLTMNT03_329985,DCup,15.24,111,139,88,9,86,1,14,175,60,85,103
LOLTMNT03_330726,DCup,15.24,129,156,5,176,118,0,178,163,125,7,4
LOLTMNT03_330734,DCup,15.24,175,150,139,95,122,1,191,82,181,60,27
LOLTMNT03_330737,DCup,15.24,104,183,1,113,56,1,129,178,5,163,124
LOLTMNT03_331048,DCup,15.24,175,147,60,36,15,0,150,95,5,122,156
LOLTMNT03_331149,DCup,15.24,175,150,120,140,122,1,139,163,147,5,103
LOLTMNT03_331168,DCup,15.24,183,14,88,125,114,0,9,116,146,82,60
LOLTMNT03_330866,DCup,15.24,128,175,1,9,154,1,112,150,169,183,86
LOLTMNT03_331221,DCup,15.24,95,60,122,147,156,1,82,58,88,0,14
LOLTMNT03_331238,DCup,15.24,111,62,122,83,125,1,88,2,4,140,60
LOLTMNT03_331240,DCup,15.24,150,95,113,118,182,0,163,14,178,82,56
LOLTMNT03_331251,DCup,15.24,139,14,9,154,178,1,183,175,150,4,98
LOLTMNT03_331280,DCup,15.24,139,114,14,36,82,0,150,175,161,9,154
LOLTMNT03_330975,DCup,15.24,111,116,60,27,101,1,14,4,139,113,36
LOLTMNT03_331453,DCup,15.24,128,178,118,62,171,1,183,82,5,107,2
LOLTMNT03_331455,DCup,15.24,163,54,103,93,161,0,58,60,114,113,11
LOLTMNT03_331457,DCup,15.24,57,129,125,164,15,0,88,20,7,140,0
LOLTMNT03_331477,DCup,15.24,139,178,147,163,114,0,60,175,150,82,140
LOLTMNT03_331479,DCup,15.24,5,54,14,10,133,1,125,95,188,4,0
LOLTMNT03_331481,DCup,15.24,116,56,122,49,36,1,103,182,59,171,141
LOLTMNT03_332178,DCup,15.24,116,150,120,142,4,0,139,95,88,82,171
LOLTMNT03_331511,DCup,15.24,5,9,122,83,181,0,129,175,60,118,62
LOLTMNT03_332179,DCup,15.24,104,0,183,125,1,0,56,178,65,22,146
